{"type":"FeatureCollection","name":"education_facilities","crs":{"type":"name","properties":{"name":"urn:ogc:def:crs:OGC:1.3:CRS84"}},"features":[{"type":"Feature","properties":{"id":"way/1101199368","name":null,"name_en":null,"name_ar":null,"amenity":"school","building":null,"operator_type":null,"capacity_persons":null,"addr_full":null,"addr_city":null,"source":null,"adm0_pcode":"SDN","adm0_name":"Sudan","adm1_pcode":"SD15","adm1_name":"Aj Jazirah","adm2_pcode":"SD15036","adm2_name":"Al Manaqil","adm3_pcode":null,"adm3_name":null,"adm4_pcode":null,"adm4_name":null,"name_latin":null},"geometry":{"type":"Polygon","coordinates":[[[32.8954417,14.4341799],[32.8954287,14.4340751],[32.8954695,14.4340703],[32.8954766,14.4341279],[32.8955123,14.4341237],[32.8955181,14.4341711],[32.8954417,14.4341799]]]}},{"type":"Feature","properties":{"id":"way/1101199366","name":null,"name_en":null,"name_ar":null,"amenity":"school","building":null,"operator_type":null,"capacity_persons":null,"addr_full":null,"addr_city":null,"source":null,"adm0_pcode":"SDN","adm0_name":"Sudan","adm1_pcode":"SD15","adm1_name":"Aj Jazirah","adm2_pcode":"SD15036","adm2_name":"Al Manaqil","adm3_pcode":null,"adm3_name":null,"adm4_pcode":null,"adm4_name":null,"name_latin":null},"geometry":{"type":"Polygon","coordinates":[[[32.8954674,14.4337654],[32.8954608,14.4336994],[32.8956297,14.4336837],[32.8956362,14.4337497],[32.8954674,14.4337654]]]}},{"type":"Feature","properties":{"id":"way/1101199369","name":null,"name_en":null,"name_ar":null,"amenity":"school","building":null,"operator_type":null,"capacity_persons":null,"addr_full":null,"addr_city":null,"source":null,"adm0_pcode":"SDN","adm0_name":"Sudan","adm1_pcode":"SD15","adm1_name":"Aj Jazirah","adm2_pcode":"SD15036","adm2_name":"Al Manaqil","adm3_pcode":null,"adm3_name":null,"adm4_pcode":null,"adm4_name":null,"name_latin":null},"geometry":{"type":"Polygon","coordinates":[[[32.895357,14.4342711],[32.8951939,14.4332177],[32.8959808,14.4331408],[32.8962047,14.433978],[32.895357,14.4342711]]]}},{"type":"Feature","properties":{"id":"way/1101199367","name":null,"name_en":null,"name_ar":null,"amenity":"school","building":null,"operator_type":null,"capacity_persons":null,"addr_full":null,"addr_city":null,"source":null,"adm0_pcode":"SDN","adm0_name":"Sudan","adm1_pcode":"SD15","adm1_name":"Aj Jazirah","adm2_pcode":"SD15036","adm2_name":"Al Manaqil","adm3_pcode":null,"adm3_name":null,"adm4_pcode":null,"adm4_name":null,"name_latin":null},"geometry":{"type":"Polygon","coordinates":[[[32.8956655,14.4337295],[32.8956748,14.4336499],[32.8957137,14.4336542],[32.8957054,14.4336004],[32.8959124,14.4335704],[32.8959182,14.4336081],[32.8958196,14.4336223],[32.8958324,14.4337054],[32.8956655,14.4337295]]]}},{"type":"Feature","properties":{"id":"way/1101199364","name":null,"name_en":null,"name_ar":null,"amenity":"school","building":null,"operator_type":null,"capacity_persons":null,"addr_full":null,"addr_city":null,"source":null,"adm0_pcode":"SDN","adm0_name":"Sudan","adm1_pcode":"SD15","adm1_name":"Aj Jazirah","adm2_pcode":"SD15036","adm2_name":"Al Manaqil","adm3_pcode":null,"adm3_name":null,"adm4_pcode":null,"adm4_name":null,"name_latin":null},"geometry":{"type":"Polygon","coordinates":[[[32.8954062,14.4333908],[32.8954065,14.4333229],[32.8955873,14.4333237],[32.895587,14.4333915],[32.8954062,14.4333908]]]}},{"type":"Feature","properties":{"id":"way/1101199365","name":null,"name_en":null,"name_ar":null,"amenity":"school","building":null,"operator_type":null,"capacity_persons":null,"addr_full":null,"addr_city":null,"source":null,"adm0_pcode":"SDN","adm0_name":"Sudan","adm1_pcode":"SD15","adm1_name":"Aj Jazirah","adm2_pcode":"SD15036","adm2_name":"Al Manaqil","adm3_pcode":null,"adm3_name":null,"adm4_pcode":null,"adm4_name":null,"name_latin":null},"geometry":{"type":"Polygon","coordinates":[[[32.8957057,14.4333243],[32.8956977,14.433249],[32.8959095,14.4332412],[32.8959203,14.4333087],[32.8957057,14.4333243]]]}},{"type":"Feature","properties":{"id":"way/1101189615","name":null,"name_en":null,"name_ar":null,"amenity":"school","building":null,"operator_type":null,"capacity_persons":null,"addr_full":null,"addr_city":null,"source":null,"adm0_pcode":"SDN","adm0_name":"Sudan","adm1_pcode":"SD15","adm1_name":"Aj Jazirah","adm2_pcode":"SD15036","adm2_name":"Al Manaqil","adm3_pcode":null,"adm3_name":null,"adm4_pcode":null,"adm4_name":null,"name_latin":null},"geometry":{"type":"Polygon","coordinates":[[[33.0462199,14.4273387],[33.0461265,14.427288],[33.0461518,14.4272444],[33.0462451,14.4272951],[33.0462199,14.4273387]]]}},{"type":"Feature","properties":{"id":"way/1101189616","name":null,"name_en":null,"name_ar":null,"amenity":"school","building":null,"operator_type":null,"capacity_persons":null,"addr_full":null,"addr_city":null,"source":null,"adm0_pcode":"SDN","adm0_name":"Sudan","adm1_pcode":"SD15","adm1_name":"Aj Jazirah","adm2_pcode":"SD15036","adm2_name":"Al Manaqil","adm3_pcode":null,"adm3_name":null,"adm4_pcode":null,"adm4_name":null,"name_latin":null},"geometry":{"type":"Polygon","coordinates":[[[33.0461158,14.4272747],[33.0459793,14.4272104],[33.0460015,14.4271662],[33.046138,14.4272306],[33.0461158,14.4272747]]]}},{"type":"Feature","properties":{"id":"way/1101189618","name":null,"name_en":null,"name_ar":null,"amenity":"school","building":null,"operator_type":null,"capacity_persons":null,"addr_full":null,"addr_city":null,"source":null,"adm0_pcode":"SDN","adm0_name":"Sudan","adm1_pcode":"SD15","adm1_name":"Aj Jazirah","adm2_pcode":"SD15036","adm2_name":"Al Manaqil","adm3_pcode":null,"adm3_name":null,"adm4_pcode":null,"adm4_name":null,"name_latin":null},"geometry":{"type":"Polygon","coordinates":[[[33.0462731,14.4274802],[33.0458976,14.4272316],[33.0462255,14.4267668],[33.0466011,14.4270155],[33.0462731,14.4274802]]]}},{"type":"Feature","properties":{"id":"way/1101189617","name":null,"name_en":null,"name_ar":null,"amenity":"school","building":null,"operator_type":null,"capacity_persons":null,"addr_full":null,"addr_city":null,"source":null,"adm0_pcode":"SDN","adm0_name":"Sudan","adm1_pcode":"SD15","adm1_name":"Aj Jazirah","adm2_pcode":"SD15036","adm2_name":"Al Manaqil","adm3_pcode":null,"adm3_name":null,"adm4_pcode":null,"adm4_name":null,"name_latin":null},"geometry":{"type":"Polygon","coordinates":[[[33.0465081,14.4270412],[33.0462567,14.4268794],[33.0462815,14.4268431],[33.046533,14.4270049],[33.0465081,14.4270412]]]}},{"type":"Feature","properties":{"id":"way/1101409668","name":null,"name_en":null,"name_ar":null,"amenity":"school","building":null,"operator_type":null,"capacity_persons":null,"addr_full":null,"addr_city":null,"source":null,"adm0_pcode":"SDN","adm0_name":"Sudan","adm1_pcode":"SD15","adm1_name":"Aj Jazirah","adm2_pcode":"SD15036","adm2_name":"Al Manaqil","adm3_pcode":null,"adm3_name":null,"adm4_pcode":null,"adm4_name":null,"name_latin":null},"geometry":{"type":"Polygon","coordinates":[[[33.0125319,14.4211106],[33.0128663,14.4213385],[33.0128972,14.421296],[33.0125627,14.4210682],[33.0125319,14.4211106]]]}},{"type":"Feature","properties":{"id":"way/1101409670","name":null,"name_en":null,"name_ar":null,"amenity":"school","building":null,"operator_type":null,"capacity_persons":null,"addr_full":null,"addr_city":null,"source":null,"adm0_pcode":"SDN","adm0_name":"Sudan","adm1_pcode":"SD15","adm1_name":"Aj Jazirah","adm2_pcode":"SD15036","adm2_name":"Al Manaqil","adm3_pcode":null,"adm3_name":null,"adm4_pcode":null,"adm4_name":null,"name_latin":null},"geometry":{"type":"Polygon","coordinates":[[[33.01248,14.4210823],[33.012672,14.4208164],[33.0128107,14.4209076],[33.0131441,14.421139],[33.0131178,14.4211745],[33.0129553,14.4214044],[33.01248,14.4210823]]]}},{"type":"Feature","properties":{"id":"way/1101409669","name":null,"name_en":null,"name_ar":null,"amenity":"school","building":null,"operator_type":null,"capacity_persons":null,"addr_full":null,"addr_city":null,"source":null,"adm0_pcode":"SDN","adm0_name":"Sudan","adm1_pcode":"SD15","adm1_name":"Aj Jazirah","adm2_pcode":"SD15036","adm2_name":"Al Manaqil","adm3_pcode":null,"adm3_name":null,"adm4_pcode":null,"adm4_name":null,"name_latin":null},"geometry":{"type":"Polygon","coordinates":[[[33.0127844,14.4209431],[33.0131178,14.4211745],[33.0131441,14.421139],[33.0128107,14.4209076],[33.0127844,14.4209431]]]}},{"type":"Feature","properties":{"id":"way/1101639521","name":null,"name_en":null,"name_ar":null,"amenity":"school","building":null,"operator_type":null,"capacity_persons":null,"addr_full":null,"addr_city":null,"source":null,"adm0_pcode":"SDN","adm0_name":"Sudan","adm1_pcode":"SD15","adm1_name":"Aj Jazirah","adm2_pcode":"SD15031","adm2_name":"Janub Al Jazirah","adm3_pcode":null,"adm3_name":null,"adm4_pcode":null,"adm4_name":null,"name_latin":null},"geometry":{"type":"Polygon","coordinates":[[[33.1132507,14.4036152],[33.11328,14.4035653],[33.1135883,14.4037351],[33.1135589,14.4037851],[33.1132507,14.4036152]]]}},{"type":"Feature","properties":{"id":"way/1101516771","name":null,"name_en":null,"name_ar":null,"amenity":"school","building":null,"operator_type":null,"capacity_persons":null,"addr_full":null,"addr_city":null,"source":null,"adm0_pcode":"SDN","adm0_name":"Sudan","adm1_pcode":"SD15","adm1_name":"Aj Jazirah","adm2_pcode":"SD15031","adm2_name":"Janub Al Jazirah","adm3_pcode":null,"adm3_name":null,"adm4_pcode":null,"adm4_name":null,"name_latin":null},"geometry":{"type":"Polygon","coordinates":[[[33.1123689,14.4032228],[33.1130355,14.4035306],[33.1129188,14.4039008],[33.1121906,14.4036592],[33.1123689,14.4032228]]]}},{"type":"Feature","properties":{"id":"way/1101516769","name":null,"name_en":null,"name_ar":null,"amenity":null,"building":"school","operator_type":null,"capacity_persons":null,"addr_full":null,"addr_city":null,"source":null,"adm0_pcode":"SDN","adm0_name":"Sudan","adm1_pcode":"SD15","adm1_name":"Aj Jazirah","adm2_pcode":"SD15031","adm2_name":"Janub Al Jazirah","adm3_pcode":null,"adm3_name":null,"adm4_pcode":null,"adm4_name":null,"name_latin":null},"geometry":{"type":"Polygon","coordinates":[[[33.1128066,14.4034808],[33.1129018,14.403525],[33.1129246,14.4034925],[33.1128214,14.4034548],[33.1128066,14.4034808]]]}},{"type":"Feature","properties":{"id":"way/1101639522","name":null,"name_en":null,"name_ar":null,"amenity":"school","building":null,"operator_type":null,"capacity_persons":null,"addr_full":null,"addr_city":null,"source":null,"adm0_pcode":"SDN","adm0_name":"Sudan","adm1_pcode":"SD15","adm1_name":"Aj Jazirah","adm2_pcode":"SD15031","adm2_name":"Janub Al Jazirah","adm3_pcode":null,"adm3_name":null,"adm4_pcode":null,"adm4_name":null,"name_latin":null},"geometry":{"type":"Polygon","coordinates":[[[33.1134278,14.4033713],[33.1134466,14.4033233],[33.1137588,14.4034376],[33.1137401,14.4034856],[33.1134278,14.4033713]]]}},{"type":"Feature","properties":{"id":"way/1101303071","name":null,"name_en":null,"name_ar":null,"amenity":"school","building":null,"operator_type":null,"capacity_persons":null,"addr_full":null,"addr_city":null,"source":null,"adm0_pcode":"SDN","adm0_name":"Sudan","adm1_pcode":"SD15","adm1_name":"Aj Jazirah","adm2_pcode":"SD15036","adm2_name":"Al Manaqil","adm3_pcode":null,"adm3_name":null,"adm4_pcode":null,"adm4_name":null,"name_latin":null},"geometry":{"type":"Polygon","coordinates":[[[32.8918501,14.3977735],[32.8922544,14.3978285],[32.8922625,14.3977725],[32.8918582,14.3977176],[32.8918501,14.3977735]]]}},{"type":"Feature","properties":{"id":"way/1101303074","name":null,"name_en":null,"name_ar":null,"amenity":"school","building":null,"operator_type":null,"capacity_persons":null,"addr_full":null,"addr_city":null,"source":null,"adm0_pcode":"SDN","adm0_name":"Sudan","adm1_pcode":"SD15","adm1_name":"Aj Jazirah","adm2_pcode":"SD15036","adm2_name":"Al Manaqil","adm3_pcode":null,"adm3_name":null,"adm4_pcode":null,"adm4_name":null,"name_latin":null},"geometry":{"type":"Polygon","coordinates":[[[32.8920312,14.3976274],[32.8920663,14.3976281],[32.8920676,14.3975646],[32.8920326,14.3975639],[32.8920312,14.3976274]]]}},{"type":"Feature","properties":{"id":"way/1101303075","name":null,"name_en":null,"name_ar":null,"amenity":"school","building":null,"operator_type":null,"capacity_persons":null,"addr_full":null,"addr_city":null,"source":null,"adm0_pcode":"SDN","adm0_name":"Sudan","adm1_pcode":"SD15","adm1_name":"Aj Jazirah","adm2_pcode":"SD15036","adm2_name":"Al Manaqil","adm3_pcode":null,"adm3_name":null,"adm4_pcode":null,"adm4_name":null,"name_latin":null},"geometry":{"type":"Polygon","coordinates":[[[32.8918454,14.3977771],[32.8922581,14.3978337],[32.8923173,14.3974166],[32.8918974,14.3973554],[32.8918454,14.3977771]]]}},{"type":"Feature","properties":{"id":"way/1101303072","name":null,"name_en":null,"name_ar":null,"amenity":"school","building":null,"operator_type":null,"capacity_persons":null,"addr_full":null,"addr_city":null,"source":null,"adm0_pcode":"SDN","adm0_name":"Sudan","adm1_pcode":"SD15","adm1_name":"Aj Jazirah","adm2_pcode":"SD15036","adm2_name":"Al Manaqil","adm3_pcode":null,"adm3_name":null,"adm4_pcode":null,"adm4_name":null,"name_latin":null},"geometry":{"type":"Polygon","coordinates":[[[32.892041,14.3974332],[32.8923045,14.39747],[32.892312,14.3974194],[32.8920485,14.3973825],[32.892041,14.3974332]]]}},{"type":"Feature","properties":{"id":"way/1101303073","name":null,"name_en":null,"name_ar":null,"amenity":"school","building":null,"operator_type":null,"capacity_persons":null,"addr_full":null,"addr_city":null,"source":null,"adm0_pcode":"SDN","adm0_name":"Sudan","adm1_pcode":"SD15","adm1_name":"Aj Jazirah","adm2_pcode":"SD15036","adm2_name":"Al Manaqil","adm3_pcode":null,"adm3_name":null,"adm4_pcode":null,"adm4_name":null,"name_latin":null},"geometry":{"type":"Polygon","coordinates":[[[32.8919001,14.3974103],[32.8919809,14.3974203],[32.8919867,14.3973759],[32.8919059,14.397366],[32.8919001,14.3974103]]]}},{"type":"Feature","properties":{"id":"way/1101784628","name":null,"name_en":null,"name_ar":null,"amenity":"school","building":null,"operator_type":null,"capacity_persons":null,"addr_full":null,"addr_city":null,"source":null,"adm0_pcode":"SDN","adm0_name":"Sudan","adm1_pcode":"SD15","adm1_name":"Aj Jazirah","adm2_pcode":"SD15037","adm2_name":"Al Qurashi","adm3_pcode":null,"adm3_name":null,"adm4_pcode":null,"adm4_name":null,"name_latin":null},"geometry":{"type":"Polygon","coordinates":[[[32.8241103,14.3759308],[32.8245329,14.3759351],[32.8245335,14.3758835],[32.8241109,14.3758791],[32.8241103,14.3759308]]]}},{"type":"Feature","properties":{"id":"way/1101784630","name":null,"name_en":null,"name_ar":null,"amenity":"school","building":null,"operator_type":null,"capacity_persons":null,"addr_full":null,"addr_city":null,"source":null,"adm0_pcode":"SDN","adm0_name":"Sudan","adm1_pcode":"SD15","adm1_name":"Aj Jazirah","adm2_pcode":"SD15037","adm2_name":"Al Qurashi","adm3_pcode":null,"adm3_name":null,"adm4_pcode":null,"adm4_name":null,"name_latin":null},"geometry":{"type":"Polygon","coordinates":[[[32.8246001,14.3758427],[32.8245222,14.3758412],[32.8245232,14.3757961],[32.8246011,14.3757977],[32.8246001,14.3758427]]]}},{"type":"Feature","properties":{"id":"way/1101784629","name":null,"name_en":null,"name_ar":null,"amenity":"school","building":null,"operator_type":null,"capacity_persons":null,"addr_full":null,"addr_city":null,"source":null,"adm0_pcode":"SDN","adm0_name":"Sudan","adm1_pcode":"SD15","adm1_name":"Aj Jazirah","adm2_pcode":"SD15037","adm2_name":"Al Qurashi","adm3_pcode":null,"adm3_name":null,"adm4_pcode":null,"adm4_name":null,"name_latin":null},"geometry":{"type":"Polygon","coordinates":[[[32.8242287,14.375836],[32.8241507,14.3758345],[32.8241517,14.3757894],[32.8242296,14.375791],[32.8242287,14.375836]]]}},{"type":"Feature","properties":{"id":"way/1101784632","name":null,"name_en":null,"name_ar":null,"amenity":null,"building":"school","operator_type":null,"capacity_persons":null,"addr_full":null,"addr_city":null,"source":null,"adm0_pcode":"SDN","adm0_name":"Sudan","adm1_pcode":"SD15","adm1_name":"Aj Jazirah","adm2_pcode":"SD15037","adm2_name":"Al Qurashi","adm3_pcode":null,"adm3_name":null,"adm4_pcode":null,"adm4_name":null,"name_latin":null},"geometry":{"type":"Polygon","coordinates":[[[32.8245065,14.3756821],[32.8245063,14.3756621],[32.8245414,14.3756618],[32.8245415,14.3756818],[32.8245065,14.3756821]]]}},{"type":"Feature","properties":{"id":"way/1101784631","name":null,"name_en":null,"name_ar":null,"amenity":null,"building":"school","operator_type":null,"capacity_persons":null,"addr_full":null,"addr_city":null,"source":null,"adm0_pcode":"SDN","adm0_name":"Sudan","adm1_pcode":"SD15","adm1_name":"Aj Jazirah","adm2_pcode":"SD15037","adm2_name":"Al Qurashi","adm3_pcode":null,"adm3_name":null,"adm4_pcode":null,"adm4_name":null,"name_latin":null},"geometry":{"type":"Polygon","coordinates":[[[32.8247071,14.3756813],[32.8247146,14.3756334],[32.8247725,14.375642],[32.824765,14.3756899],[32.8247071,14.3756813]]]}},{"type":"Feature","properties":{"id":"way/1101784759","name":null,"name_en":null,"name_ar":null,"amenity":"school","building":null,"operator_type":null,"capacity_persons":null,"addr_full":null,"addr_city":null,"source":null,"adm0_pcode":"SDN","adm0_name":"Sudan","adm1_pcode":"SD15","adm1_name":"Aj Jazirah","adm2_pcode":"SD15037","adm2_name":"Al Qurashi","adm3_pcode":null,"adm3_name":null,"adm4_pcode":null,"adm4_name":null,"name_latin":null},"geometry":{"type":"Polygon","coordinates":[[[32.8239186,14.3761484],[32.8239644,14.3751272],[32.8249038,14.3751265],[32.824674,14.376195],[32.8239186,14.3761484]]]}},{"type":"Feature","properties":{"id":"way/1101784627","name":null,"name_en":null,"name_ar":null,"amenity":"school","building":null,"operator_type":null,"capacity_persons":null,"addr_full":null,"addr_city":null,"source":null,"adm0_pcode":"SDN","adm0_name":"Sudan","adm1_pcode":"SD15","adm1_name":"Aj Jazirah","adm2_pcode":"SD15037","adm2_name":"Al Qurashi","adm3_pcode":null,"adm3_name":null,"adm4_pcode":null,"adm4_name":null,"name_latin":null},"geometry":{"type":"Polygon","coordinates":[[[32.8240997,14.3754698],[32.824511,14.3754842],[32.8245127,14.3754384],[32.8241015,14.3754238],[32.8240997,14.3754698]]]}},{"type":"Feature","properties":{"id":"way/1101784758","name":null,"name_en":null,"name_ar":null,"amenity":null,"building":"school","operator_type":null,"capacity_persons":null,"addr_full":null,"addr_city":null,"source":null,"adm0_pcode":"SDN","adm0_name":"Sudan","adm1_pcode":"SD15","adm1_name":"Aj Jazirah","adm2_pcode":"SD15037","adm2_name":"Al Qurashi","adm3_pcode":null,"adm3_name":null,"adm4_pcode":null,"adm4_name":null,"name_latin":null},"geometry":{"type":"Polygon","coordinates":[[[32.8239972,14.3753449],[32.8239977,14.3753076],[32.8240215,14.3753079],[32.824021,14.3753452],[32.8239972,14.3753449]]]}},{"type":"Feature","properties":{"id":"node/4662868868","name":"Primary and secondary boy school","name_en":null,"name_ar":null,"amenity":"school","building":null,"operator_type":null,"capacity_persons":null,"addr_full":null,"addr_city":null,"source":null,"adm0_pcode":"SDN","adm0_name":"Sudan","adm1_pcode":"SD15","adm1_name":"Aj Jazirah","adm2_pcode":"SD15031","adm2_name":"Janub Al Jazirah","adm3_pcode":null,"adm3_name":null,"adm4_pcode":null,"adm4_name":null,"name_latin":"Primary and secondary boy school"},"geometry":{"type":"Point","coordinates":[33.1573107,14.3610634]}},{"type":"Feature","properties":{"id":"way/458691880","name":"Primary and Secondary School","name_en":null,"name_ar":null,"amenity":"school","building":"school","operator_type":null,"capacity_persons":null,"addr_full":null,"addr_city":null,"source":null,"adm0_pcode":"SDN","adm0_name":"Sudan","adm1_pcode":"SD15","adm1_name":"Aj Jazirah","adm2_pcode":"SD15031","adm2_name":"Janub Al Jazirah","adm3_pcode":null,"adm3_name":null,"adm4_pcode":null,"adm4_name":null,"name_latin":"Primary and Secondary School"},"geometry":{"type":"Polygon","coordinates":[[[33.1563227,14.3614599],[33.1567557,14.3616363],[33.1569082,14.3616268],[33.1570903,14.3612216],[33.1574642,14.3615124],[33.1578282,14.3617507],[33.1583153,14.3609023],[33.1578851,14.360654],[33.157597,14.3604876],[33.1568738,14.3601349],[33.1563227,14.3614599]]]}},{"type":"Feature","properties":{"id":"way/1103303701","name":null,"name_en":null,"name_ar":null,"amenity":"school","building":null,"operator_type":null,"capacity_persons":null,"addr_full":null,"addr_city":null,"source":null,"adm0_pcode":"SDN","adm0_name":"Sudan","adm1_pcode":"SD15","adm1_name":"Aj Jazirah","adm2_pcode":"SD15031","adm2_name":"Janub Al Jazirah","adm3_pcode":null,"adm3_name":null,"adm4_pcode":null,"adm4_name":null,"name_latin":null},"geometry":{"type":"Polygon","coordinates":[[[33.1569883,14.3607377],[33.1572166,14.3608215],[33.1572391,14.3607641],[33.1572141,14.3607544],[33.1572159,14.3607304],[33.1570583,14.3606694],[33.1570411,14.360691],[33.1570109,14.36068],[33.1569883,14.3607377]]]}},{"type":"Feature","properties":{"id":"way/458691879","name":"Primary School","name_en":null,"name_ar":null,"amenity":"school","building":"school","operator_type":null,"capacity_persons":null,"addr_full":null,"addr_city":null,"source":null,"adm0_pcode":"SDN","adm0_name":"Sudan","adm1_pcode":"SD15","adm1_name":"Aj Jazirah","adm2_pcode":"SD15031","adm2_name":"Janub Al Jazirah","adm3_pcode":null,"adm3_name":null,"adm4_pcode":null,"adm4_name":null,"name_latin":"Primary School"},"geometry":{"type":"Polygon","coordinates":[[[33.1555749,14.3609214],[33.1559488,14.3610786],[33.1560964,14.3610405],[33.1562932,14.3606163],[33.155752,14.3603971],[33.1555749,14.3609214]]]}},{"type":"Feature","properties":{"id":"way/1103303702","name":null,"name_en":null,"name_ar":null,"amenity":"school","building":null,"operator_type":null,"capacity_persons":null,"addr_full":null,"addr_city":null,"source":null,"adm0_pcode":"SDN","adm0_name":"Sudan","adm1_pcode":"SD15","adm1_name":"Aj Jazirah","adm2_pcode":"SD15031","adm2_name":"Janub Al Jazirah","adm3_pcode":null,"adm3_name":null,"adm4_pcode":null,"adm4_name":null,"name_latin":null},"geometry":{"type":"Polygon","coordinates":[[[33.1572191,14.3607428],[33.1572902,14.3607734],[33.157313,14.3607149],[33.1572426,14.3606844],[33.1572191,14.3607428]]]}},{"type":"Feature","properties":{"id":"node/4662868867","name":"gerl primary chool","name_en":null,"name_ar":null,"amenity":"school","building":null,"operator_type":null,"capacity_persons":null,"addr_full":null,"addr_city":null,"source":null,"adm0_pcode":"SDN","adm0_name":"Sudan","adm1_pcode":"SD15","adm1_name":"Aj Jazirah","adm2_pcode":"SD15031","adm2_name":"Janub Al Jazirah","adm3_pcode":null,"adm3_name":null,"adm4_pcode":null,"adm4_name":null,"name_latin":"gerl primary chool"},"geometry":{"type":"Point","coordinates":[33.1578851,14.360654]}},{"type":"Feature","properties":{"id":"way/1103303703","name":null,"name_en":null,"name_ar":null,"amenity":"school","building":null,"operator_type":null,"capacity_persons":null,"addr_full":null,"addr_city":null,"source":null,"adm0_pcode":"SDN","adm0_name":"Sudan","adm1_pcode":"SD15","adm1_name":"Aj Jazirah","adm2_pcode":"SD15031","adm2_name":"Janub Al Jazirah","adm3_pcode":null,"adm3_name":null,"adm4_pcode":null,"adm4_name":null,"name_latin":null},"geometry":{"type":"Polygon","coordinates":[[[33.1570497,14.3606675],[33.1570704,14.3606202],[33.1569843,14.3605848],[33.1569636,14.3606321],[33.1570497,14.3606675]]]}},{"type":"Feature","properties":{"id":"way/1103303704","name":null,"name_en":null,"name_ar":null,"amenity":"school","building":null,"operator_type":null,"capacity_persons":null,"addr_full":null,"addr_city":null,"source":null,"adm0_pcode":"SDN","adm0_name":"Sudan","adm1_pcode":"SD15","adm1_name":"Aj Jazirah","adm2_pcode":"SD15031","adm2_name":"Janub Al Jazirah","adm3_pcode":null,"adm3_name":null,"adm4_pcode":null,"adm4_name":null,"name_latin":null},"geometry":{"type":"Polygon","coordinates":[[[33.1574246,14.3606015],[33.1574596,14.3605349],[33.1570823,14.3603493],[33.1570473,14.3604161],[33.1574246,14.3606015]]]}},{"type":"Feature","properties":{"id":"way/1434685328","name":"مدرسة","name_en":null,"name_ar":null,"amenity":"school","building":null,"operator_type":null,"capacity_persons":null,"addr_full":null,"addr_city":null,"source":null,"adm0_pcode":"SDN","adm0_name":"Sudan","adm1_pcode":"SD15","adm1_name":"Aj Jazirah","adm2_pcode":"SD15036","adm2_name":"Al Manaqil","adm3_pcode":null,"adm3_name":null,"adm4_pcode":null,"adm4_name":null,"name_latin":"mdrs@"},"geometry":{"type":"Polygon","coordinates":[[[32.9413257,14.3545062],[32.9414883,14.3537867],[32.9414436,14.3537285],[32.9404515,14.3536151],[32.9402358,14.3547061],[32.9413257,14.3545062]]]}},{"type":"Feature","properties":{"id":"way/1434685329","name":"مدرسة","name_en":null,"name_ar":null,"amenity":"school","building":null,"operator_type":null,"capacity_persons":null,"addr_full":null,"addr_city":null,"source":null,"adm0_pcode":"SDN","adm0_name":"Sudan","adm1_pcode":"SD15","adm1_name":"Aj Jazirah","adm2_pcode":"SD15036","adm2_name":"Al Manaqil","adm3_pcode":null,"adm3_name":null,"adm4_pcode":null,"adm4_name":null,"name_latin":"mdrs@"},"geometry":{"type":"Polygon","coordinates":[[[32.9404534,14.3535238],[32.9405351,14.3530985],[32.9398043,14.3528904],[32.9396361,14.353008],[32.9395871,14.3534717],[32.9404534,14.3535238]]]}},{"type":"Feature","properties":{"id":"way/1434944733","name":"مدرسة شهداء بدر","name_en":null,"name_ar":null,"amenity":"school","building":"yes","operator_type":null,"capacity_persons":null,"addr_full":null,"addr_city":null,"source":null,"adm0_pcode":"SDN","adm0_name":"Sudan","adm1_pcode":"SD15","adm1_name":"Aj Jazirah","adm2_pcode":"SD15036","adm2_name":"Al Manaqil","adm3_pcode":null,"adm3_name":null,"adm4_pcode":null,"adm4_name":null,"name_latin":"mdrs@ shhd bdr"},"geometry":{"type":"Polygon","coordinates":[[[32.9489995,14.3516934],[32.948505,14.3528869],[32.9489007,14.3530281],[32.9494331,14.3518853],[32.9489995,14.3516934]]]}},{"type":"Feature","properties":{"id":"way/1434685313","name":"مدرسة الكريمت الثانوية بنات","name_en":null,"name_ar":null,"amenity":"school","building":null,"operator_type":null,"capacity_persons":null,"addr_full":null,"addr_city":null,"source":null,"adm0_pcode":"SDN","adm0_name":"Sudan","adm1_pcode":"SD15","adm1_name":"Aj Jazirah","adm2_pcode":"SD15036","adm2_name":"Al Manaqil","adm3_pcode":null,"adm3_name":null,"adm4_pcode":null,"adm4_name":null,"name_latin":"mdrs@ lkrymt lthnwy@ bnt"},"geometry":{"type":"Polygon","coordinates":[[[32.9385109,14.3496377],[32.941118,14.3506589],[32.9404046,14.3526468],[32.9375909,14.3516931],[32.9385109,14.3496377]]]}},{"type":"Feature","properties":{"id":"way/1434685310","name":null,"name_en":null,"name_ar":null,"amenity":"school","building":null,"operator_type":null,"capacity_persons":null,"addr_full":null,"addr_city":null,"source":null,"adm0_pcode":"SDN","adm0_name":"Sudan","adm1_pcode":"SD15","adm1_name":"Aj Jazirah","adm2_pcode":"SD15036","adm2_name":"Al Manaqil","adm3_pcode":null,"adm3_name":null,"adm4_pcode":null,"adm4_name":null,"name_latin":null},"geometry":{"type":"Polygon","coordinates":[[[32.9493095,14.3498539],[32.9495467,14.3493016],[32.9486779,14.3489524],[32.9484221,14.3495285],[32.9493095,14.3498539]]]}},{"type":"Feature","properties":{"id":"way/1101191894","name":null,"name_en":null,"name_ar":null,"amenity":null,"building":"school","operator_type":null,"capacity_persons":null,"addr_full":null,"addr_city":null,"source":null,"adm0_pcode":"SDN","adm0_name":"Sudan","adm1_pcode":"SD15","adm1_name":"Aj Jazirah","adm2_pcode":"SD15036","adm2_name":"Al Manaqil","adm3_pcode":null,"adm3_name":null,"adm4_pcode":null,"adm4_name":null,"name_latin":null},"geometry":{"type":"Polygon","coordinates":[[[32.9487511,14.3494662],[32.9488592,14.349214],[32.949075,14.3493055],[32.9490883,14.3492761],[32.9491284,14.3492926],[32.9491494,14.3492445],[32.9487799,14.3490931],[32.9487655,14.3491261],[32.9487365,14.3491138],[32.9487183,14.3491542],[32.9487819,14.3491812],[32.9487561,14.3492416],[32.9487203,14.3492269],[32.9486948,14.3492854],[32.9487309,14.3493002],[32.948674,14.3494329],[32.9486114,14.3494059],[32.948592,14.3494481],[32.9486214,14.3494608],[32.9486069,14.349492],[32.9489664,14.3496486],[32.9489884,14.3496011],[32.9489487,14.3495837],[32.948961,14.349557],[32.9487511,14.3494662]]]}},{"type":"Feature","properties":{"id":"way/1434901392","name":"مدرسة الكريمت الثانوية بنين","name_en":null,"name_ar":null,"amenity":"school","building":null,"operator_type":null,"capacity_persons":null,"addr_full":null,"addr_city":null,"source":null,"adm0_pcode":"SDN","adm0_name":"Sudan","adm1_pcode":"SD15","adm1_name":"Aj Jazirah","adm2_pcode":"SD15036","adm2_name":"Al Manaqil","adm3_pcode":null,"adm3_name":null,"adm4_pcode":null,"adm4_name":null,"name_latin":"mdrs@ lkrymt lthnwy@ bnyn"},"geometry":{"type":"Polygon","coordinates":[[[32.949545,14.3492734],[32.9498989,14.3484787],[32.949045,14.3481113],[32.9486489,14.3489169],[32.949545,14.3492734]]]}},{"type":"Feature","properties":{"id":"way/1434685311","name":"مدرسة المعلمين","name_en":null,"name_ar":null,"amenity":"school","building":null,"operator_type":null,"capacity_persons":null,"addr_full":null,"addr_city":null,"source":null,"adm0_pcode":"SDN","adm0_name":"Sudan","adm1_pcode":"SD15","adm1_name":"Aj Jazirah","adm2_pcode":"SD15036","adm2_name":"Al Manaqil","adm3_pcode":null,"adm3_name":null,"adm4_pcode":null,"adm4_name":null,"name_latin":"mdrs@ lm`lmyn"},"geometry":{"type":"Polygon","coordinates":[[[32.9496646,14.3467982],[32.9499436,14.3461772],[32.9493226,14.3458923],[32.9490401,14.3464239],[32.9495888,14.3466773],[32.9495585,14.3467587],[32.9496646,14.3467982]]]}},{"type":"Feature","properties":{"id":"way/1102362986","name":null,"name_en":null,"name_ar":null,"amenity":null,"building":"school","operator_type":null,"capacity_persons":null,"addr_full":null,"addr_city":null,"source":null,"adm0_pcode":"SDN","adm0_name":"Sudan","adm1_pcode":"SD15","adm1_name":"Aj Jazirah","adm2_pcode":"SD15037","adm2_name":"Al Qurashi","adm3_pcode":null,"adm3_name":null,"adm4_pcode":null,"adm4_name":null,"name_latin":null},"geometry":{"type":"Polygon","coordinates":[[[32.711715,14.3463336],[32.7120586,14.3463631],[32.7120687,14.3463218],[32.7117171,14.3462883],[32.711715,14.3463336]]]}},{"type":"Feature","properties":{"id":"way/1102362987","name":null,"name_en":null,"name_ar":null,"amenity":null,"building":"school","operator_type":null,"capacity_persons":null,"addr_full":null,"addr_city":null,"source":null,"adm0_pcode":"SDN","adm0_name":"Sudan","adm1_pcode":"SD15","adm1_name":"Aj Jazirah","adm2_pcode":"SD15037","adm2_name":"Al Qurashi","adm3_pcode":null,"adm3_name":null,"adm4_pcode":null,"adm4_name":null,"name_latin":null},"geometry":{"type":"Polygon","coordinates":[[[32.7119157,14.3461609],[32.71206,14.3461617],[32.7120602,14.3461213],[32.711916,14.3461205],[32.7119157,14.3461609]]]}},{"type":"Feature","properties":{"id":"way/1102362988","name":null,"name_en":null,"name_ar":null,"amenity":null,"building":"school","operator_type":null,"capacity_persons":null,"addr_full":null,"addr_city":null,"source":null,"adm0_pcode":"SDN","adm0_name":"Sudan","adm1_pcode":"SD15","adm1_name":"Aj Jazirah","adm2_pcode":"SD15037","adm2_name":"Al Qurashi","adm3_pcode":null,"adm3_name":null,"adm4_pcode":null,"adm4_name":null,"name_latin":null},"geometry":{"type":"Polygon","coordinates":[[[32.7121056,14.3461601],[32.7122567,14.346154],[32.7122548,14.3461094],[32.7121037,14.3461155],[32.7121056,14.3461601]]]}},{"type":"Feature","properties":{"id":"way/1434561147","name":null,"name_en":null,"name_ar":null,"amenity":null,"building":"school","operator_type":null,"capacity_persons":null,"addr_full":null,"addr_city":null,"source":null,"adm0_pcode":"SDN","adm0_name":"Sudan","adm1_pcode":"SD15","adm1_name":"Aj Jazirah","adm2_pcode":"SD15036","adm2_name":"Al Manaqil","adm3_pcode":null,"adm3_name":null,"adm4_pcode":null,"adm4_name":null,"name_latin":null},"geometry":{"type":"Polygon","coordinates":[[[32.9490059,14.3461665],[32.9490454,14.3460976],[32.9491145,14.3461275],[32.949146,14.3460658],[32.9490294,14.346019],[32.9490059,14.3460651],[32.9488604,14.3460015],[32.9488792,14.3459508],[32.9487627,14.3458947],[32.9487357,14.3459553],[32.9488014,14.3459891],[32.948764,14.3460636],[32.9490059,14.3461665]]]}},{"type":"Feature","properties":{"id":"way/1434685307","name":"مدرسة الإمام مالك بنين","name_en":null,"name_ar":null,"amenity":"school","building":null,"operator_type":null,"capacity_persons":null,"addr_full":null,"addr_city":null,"source":null,"adm0_pcode":"SDN","adm0_name":"Sudan","adm1_pcode":"SD15","adm1_name":"Aj Jazirah","adm2_pcode":"SD15036","adm2_name":"Al Manaqil","adm3_pcode":null,"adm3_name":null,"adm4_pcode":null,"adm4_name":null,"name_latin":"mdrs@ lmm mlk bnyn"},"geometry":{"type":"Polygon","coordinates":[[[32.9487577,14.3455887],[32.9493449,14.345833],[32.9490355,14.3464065],[32.948488,14.3461678],[32.9487577,14.3455887]]]}},{"type":"Feature","properties":{"id":"way/1102362989","name":null,"name_en":null,"name_ar":null,"amenity":null,"building":"school","operator_type":null,"capacity_persons":null,"addr_full":null,"addr_city":null,"source":null,"adm0_pcode":"SDN","adm0_name":"Sudan","adm1_pcode":"SD15","adm1_name":"Aj Jazirah","adm2_pcode":"SD15037","adm2_name":"Al Qurashi","adm3_pcode":null,"adm3_name":null,"adm4_pcode":null,"adm4_name":null,"name_latin":null},"geometry":{"type":"Polygon","coordinates":[[[32.711763,14.3459359],[32.712085,14.345922],[32.712085,14.3458708],[32.7117577,14.3459023],[32.711763,14.3459359]]]}},{"type":"Feature","properties":{"id":"way/1434685315","name":"مدرسة ام المؤمنين","name_en":null,"name_ar":null,"amenity":"school","building":null,"operator_type":null,"capacity_persons":null,"addr_full":null,"addr_city":null,"source":null,"adm0_pcode":"SDN","adm0_name":"Sudan","adm1_pcode":"SD15","adm1_name":"Aj Jazirah","adm2_pcode":"SD15036","adm2_name":"Al Manaqil","adm3_pcode":null,"adm3_name":null,"adm4_pcode":null,"adm4_name":null,"name_latin":"mdrs@ m lmw'mnyn"},"geometry":{"type":"Polygon","coordinates":[[[32.9484474,14.3461307],[32.9486809,14.3456149],[32.947999,14.3453412],[32.9477772,14.3458479],[32.9484474,14.3461307]]]}},{"type":"Feature","properties":{"id":"way/1102362990","name":null,"name_en":null,"name_ar":null,"amenity":null,"building":"school","operator_type":null,"capacity_persons":null,"addr_full":null,"addr_city":null,"source":null,"adm0_pcode":"SDN","adm0_name":"Sudan","adm1_pcode":"SD15","adm1_name":"Aj Jazirah","adm2_pcode":"SD15037","adm2_name":"Al Qurashi","adm3_pcode":null,"adm3_name":null,"adm4_pcode":null,"adm4_name":null,"name_latin":null},"geometry":{"type":"Polygon","coordinates":[[[32.7117449,14.3457493],[32.7119085,14.3457471],[32.7119078,14.3456959],[32.7117442,14.3456982],[32.7117449,14.3457493]]]}},{"type":"Feature","properties":{"id":"way/1102362991","name":null,"name_en":null,"name_ar":null,"amenity":null,"building":"school","operator_type":null,"capacity_persons":null,"addr_full":null,"addr_city":null,"source":null,"adm0_pcode":"SDN","adm0_name":"Sudan","adm1_pcode":"SD15","adm1_name":"Aj Jazirah","adm2_pcode":"SD15037","adm2_name":"Al Qurashi","adm3_pcode":null,"adm3_name":null,"adm4_pcode":null,"adm4_name":null,"name_latin":null},"geometry":{"type":"Polygon","coordinates":[[[32.7120569,14.3457426],[32.7122713,14.3457362],[32.7122698,14.3456898],[32.7120554,14.3456963],[32.7120569,14.3457426]]]}},{"type":"Feature","properties":{"id":"way/1434685316","name":"مدرسه البنات 1","name_en":null,"name_ar":null,"amenity":"school","building":null,"operator_type":null,"capacity_persons":null,"addr_full":null,"addr_city":null,"source":null,"adm0_pcode":"SDN","adm0_name":"Sudan","adm1_pcode":"SD15","adm1_name":"Aj Jazirah","adm2_pcode":"SD15036","adm2_name":"Al Manaqil","adm3_pcode":null,"adm3_name":null,"adm4_pcode":null,"adm4_name":null,"name_latin":"mdrsh lbnt 1"},"geometry":{"type":"Polygon","coordinates":[[[32.9477585,14.3458343],[32.9479944,14.3453276],[32.947516,14.3451312],[32.9472781,14.3456433],[32.9477585,14.3458343]]]}},{"type":"Feature","properties":{"id":"way/1101362312","name":null,"name_en":null,"name_ar":null,"amenity":"school","building":null,"operator_type":null,"capacity_persons":null,"addr_full":null,"addr_city":null,"source":null,"adm0_pcode":"SDN","adm0_name":"Sudan","adm1_pcode":"SD15","adm1_name":"Aj Jazirah","adm2_pcode":"SD15036","adm2_name":"Al Manaqil","adm3_pcode":null,"adm3_name":null,"adm4_pcode":null,"adm4_name":null,"name_latin":null},"geometry":{"type":"Polygon","coordinates":[[[32.8927928,14.3393248],[32.8928544,14.3393438],[32.8928447,14.3393734],[32.8932072,14.3394851],[32.8931881,14.3395434],[32.892764,14.3394127],[32.8927928,14.3393248]]]}},{"type":"Feature","properties":{"id":"way/1101362314","name":null,"name_en":null,"name_ar":null,"amenity":"school","building":null,"operator_type":null,"capacity_persons":null,"addr_full":null,"addr_city":null,"source":null,"adm0_pcode":"SDN","adm0_name":"Sudan","adm1_pcode":"SD15","adm1_name":"Aj Jazirah","adm2_pcode":"SD15036","adm2_name":"Al Manaqil","adm3_pcode":null,"adm3_name":null,"adm4_pcode":null,"adm4_name":null,"name_latin":null},"geometry":{"type":"Polygon","coordinates":[[[32.8926344,14.3394767],[32.8932625,14.3396659],[32.8934564,14.3391318],[32.8928632,14.3389297],[32.8926344,14.3394767]]]}},{"type":"Feature","properties":{"id":"way/1101362313","name":null,"name_en":null,"name_ar":null,"amenity":"school","building":null,"operator_type":null,"capacity_persons":null,"addr_full":null,"addr_city":null,"source":null,"adm0_pcode":"SDN","adm0_name":"Sudan","adm1_pcode":"SD15","adm1_name":"Aj Jazirah","adm2_pcode":"SD15036","adm2_name":"Al Manaqil","adm3_pcode":null,"adm3_name":null,"adm4_pcode":null,"adm4_name":null,"name_latin":null},"geometry":{"type":"Polygon","coordinates":[[[32.8929413,14.3391517],[32.892959,14.3390982],[32.8933822,14.3392293],[32.8933646,14.3392828],[32.8929413,14.3391517]]]}},{"type":"Feature","properties":{"id":"way/1098708438","name":null,"name_en":null,"name_ar":null,"amenity":null,"building":"school","operator_type":null,"capacity_persons":null,"addr_full":null,"addr_city":null,"source":null,"adm0_pcode":"SDN","adm0_name":"Sudan","adm1_pcode":"SD15","adm1_name":"Aj Jazirah","adm2_pcode":"SD15031","adm2_name":"Janub Al Jazirah","adm3_pcode":null,"adm3_name":null,"adm4_pcode":null,"adm4_name":null,"name_latin":null},"geometry":{"type":"Polygon","coordinates":[[[33.0956292,14.3193306],[33.0956184,14.3192818],[33.0958089,14.3192423],[33.0958196,14.3192912],[33.0956292,14.3193306]]]}},{"type":"Feature","properties":{"id":"way/1094349382","name":null,"name_en":null,"name_ar":null,"amenity":null,"building":"school","operator_type":null,"capacity_persons":null,"addr_full":null,"addr_city":null,"source":null,"adm0_pcode":"SDN","adm0_name":"Sudan","adm1_pcode":"SD15","adm1_name":"Aj Jazirah","adm2_pcode":"SD15031","adm2_name":"Janub Al Jazirah","adm3_pcode":null,"adm3_name":null,"adm4_pcode":null,"adm4_name":null,"name_latin":null},"geometry":{"type":"Polygon","coordinates":[[[33.0958283,14.3192866],[33.095861,14.3192815],[33.0958532,14.3192348],[33.0958205,14.3192399],[33.0958283,14.3192866]]]}},{"type":"Feature","properties":{"id":"way/1098708437","name":null,"name_en":null,"name_ar":null,"amenity":null,"building":"school","operator_type":null,"capacity_persons":null,"addr_full":null,"addr_city":null,"source":null,"adm0_pcode":"SDN","adm0_name":"Sudan","adm1_pcode":"SD15","adm1_name":"Aj Jazirah","adm2_pcode":"SD15031","adm2_name":"Janub Al Jazirah","adm3_pcode":null,"adm3_name":null,"adm4_pcode":null,"adm4_name":null,"name_latin":null},"geometry":{"type":"Polygon","coordinates":[[[33.0958711,14.3192833],[33.0958606,14.3192323],[33.0959247,14.3192199],[33.0959352,14.3192709],[33.0958711,14.3192833]]]}},{"type":"Feature","properties":{"id":"way/1094348690","name":null,"name_en":null,"name_ar":null,"amenity":null,"building":"school","operator_type":null,"capacity_persons":null,"addr_full":null,"addr_city":null,"source":null,"adm0_pcode":"SDN","adm0_name":"Sudan","adm1_pcode":"SD15","adm1_name":"Aj Jazirah","adm2_pcode":"SD15031","adm2_name":"Janub Al Jazirah","adm3_pcode":null,"adm3_name":null,"adm4_pcode":null,"adm4_name":null,"name_latin":null},"geometry":{"type":"Polygon","coordinates":[[[33.0959459,14.319267],[33.0959984,14.3192634],[33.0959938,14.3192002],[33.0959413,14.3192038],[33.0959459,14.319267]]]}},{"type":"Feature","properties":{"id":"way/1096746267","name":null,"name_en":null,"name_ar":null,"amenity":null,"building":"school","operator_type":null,"capacity_persons":null,"addr_full":null,"addr_city":null,"source":null,"adm0_pcode":"SDN","adm0_name":"Sudan","adm1_pcode":"SD15","adm1_name":"Aj Jazirah","adm2_pcode":"SD15031","adm2_name":"Janub Al Jazirah","adm3_pcode":null,"adm3_name":null,"adm4_pcode":null,"adm4_name":null,"name_latin":null},"geometry":{"type":"Polygon","coordinates":[[[33.0954906,14.3189925],[33.0954765,14.3189507],[33.0955483,14.3189279],[33.0955625,14.3189696],[33.0954906,14.3189925]]]}},{"type":"Feature","properties":{"id":"way/1094349951","name":null,"name_en":null,"name_ar":null,"amenity":null,"building":"school","operator_type":null,"capacity_persons":null,"addr_full":null,"addr_city":null,"source":null,"adm0_pcode":"SDN","adm0_name":"Sudan","adm1_pcode":"SD15","adm1_name":"Aj Jazirah","adm2_pcode":"SD15031","adm2_name":"Janub Al Jazirah","adm3_pcode":null,"adm3_name":null,"adm4_pcode":null,"adm4_name":null,"name_latin":null},"geometry":{"type":"Polygon","coordinates":[[[33.0955694,14.3189556],[33.0957734,14.3189279],[33.0957658,14.3188755],[33.0955618,14.3189033],[33.0955694,14.3189556]]]}},{"type":"Feature","properties":{"id":"way/1096746268","name":null,"name_en":null,"name_ar":null,"amenity":null,"building":"school","operator_type":null,"capacity_persons":null,"addr_full":null,"addr_city":null,"source":null,"adm0_pcode":"SDN","adm0_name":"Sudan","adm1_pcode":"SD15","adm1_name":"Aj Jazirah","adm2_pcode":"SD15031","adm2_name":"Janub Al Jazirah","adm3_pcode":null,"adm3_name":null,"adm4_pcode":null,"adm4_name":null,"name_latin":null},"geometry":{"type":"Polygon","coordinates":[[[33.0958204,14.318946],[33.0958017,14.3188842],[33.095879,14.3188621],[33.0958978,14.318924],[33.0958204,14.318946]]]}},{"type":"Feature","properties":{"id":"way/1094490564","name":null,"name_en":null,"name_ar":null,"amenity":"school","building":null,"operator_type":null,"capacity_persons":null,"addr_full":null,"addr_city":null,"source":null,"adm0_pcode":"SDN","adm0_name":"Sudan","adm1_pcode":"SD15","adm1_name":"Aj Jazirah","adm2_pcode":"SD15031","adm2_name":"Janub Al Jazirah","adm3_pcode":null,"adm3_name":null,"adm4_pcode":null,"adm4_name":null,"name_latin":null},"geometry":{"type":"Polygon","coordinates":[[[33.1541069,14.3175646],[33.1540876,14.3176167],[33.1544302,14.3177358],[33.1544495,14.3176838],[33.1541069,14.3175646]]]}},{"type":"Feature","properties":{"id":"way/1094119067","name":null,"name_en":null,"name_ar":null,"amenity":"school","building":null,"operator_type":null,"capacity_persons":null,"addr_full":null,"addr_city":null,"source":null,"adm0_pcode":"SDN","adm0_name":"Sudan","adm1_pcode":"SD15","adm1_name":"Aj Jazirah","adm2_pcode":"SD15031","adm2_name":"Janub Al Jazirah","adm3_pcode":null,"adm3_name":null,"adm4_pcode":null,"adm4_name":null,"name_latin":null},"geometry":{"type":"Polygon","coordinates":[[[33.1534665,14.3173796],[33.1534472,14.3174224],[33.1536331,14.3175011],[33.1536524,14.3174583],[33.1534665,14.3173796]]]}},{"type":"Feature","properties":{"id":"way/1094119068","name":null,"name_en":null,"name_ar":null,"amenity":"school","building":null,"operator_type":null,"capacity_persons":null,"addr_full":null,"addr_city":null,"source":null,"adm0_pcode":"SDN","adm0_name":"Sudan","adm1_pcode":"SD15","adm1_name":"Aj Jazirah","adm2_pcode":"SD15031","adm2_name":"Janub Al Jazirah","adm3_pcode":null,"adm3_name":null,"adm4_pcode":null,"adm4_name":null,"name_latin":null},"geometry":{"type":"Polygon","coordinates":[[[33.1535632,14.3171653],[33.1535434,14.3172128],[33.1538967,14.3173509],[33.1539165,14.3173034],[33.1535632,14.3171653]]]}},{"type":"Feature","properties":{"id":"way/1094071590","name":null,"name_en":null,"name_ar":null,"amenity":"school","building":null,"operator_type":null,"capacity_persons":null,"addr_full":null,"addr_city":null,"source":null,"adm0_pcode":"SDN","adm0_name":"Sudan","adm1_pcode":"SD15","adm1_name":"Aj Jazirah","adm2_pcode":"SD15031","adm2_name":"Janub Al Jazirah","adm3_pcode":null,"adm3_name":null,"adm4_pcode":null,"adm4_name":null,"name_latin":null},"geometry":{"type":"Polygon","coordinates":[[[33.1542683,14.3170634],[33.154606,14.3171771],[33.1546238,14.3171273],[33.1542861,14.3170137],[33.1542683,14.3170634]]]}},{"type":"Feature","properties":{"id":"way/1094071589","name":null,"name_en":null,"name_ar":null,"amenity":null,"building":"school","operator_type":null,"capacity_persons":null,"addr_full":null,"addr_city":null,"source":null,"adm0_pcode":"SDN","adm0_name":"Sudan","adm1_pcode":"SD15","adm1_name":"Aj Jazirah","adm2_pcode":"SD15031","adm2_name":"Janub Al Jazirah","adm3_pcode":null,"adm3_name":null,"adm4_pcode":null,"adm4_name":null,"name_latin":null},"geometry":{"type":"Polygon","coordinates":[[[33.1541969,14.3170068],[33.1542392,14.3170245],[33.1542529,14.3169937],[33.1542107,14.316976],[33.1541969,14.3170068]]]}},{"type":"Feature","properties":{"id":"way/1095589320","name":null,"name_en":null,"name_ar":null,"amenity":"school","building":null,"operator_type":null,"capacity_persons":null,"addr_full":null,"addr_city":null,"source":null,"adm0_pcode":"SDN","adm0_name":"Sudan","adm1_pcode":"SD15","adm1_name":"Aj Jazirah","adm2_pcode":"SD15031","adm2_name":"Janub Al Jazirah","adm3_pcode":null,"adm3_name":null,"adm4_pcode":null,"adm4_name":null,"name_latin":null},"geometry":{"type":"Polygon","coordinates":[[[33.1537523,14.3168508],[33.1537356,14.316887],[33.1540568,14.317026],[33.1540735,14.3169898],[33.1537523,14.3168508]]]}},{"type":"Feature","properties":{"id":"way/1101639278","name":null,"name_en":null,"name_ar":null,"amenity":"school","building":null,"operator_type":null,"capacity_persons":null,"addr_full":null,"addr_city":null,"source":null,"adm0_pcode":"SDN","adm0_name":"Sudan","adm1_pcode":"SD15","adm1_name":"Aj Jazirah","adm2_pcode":"SD15037","adm2_name":"Al Qurashi","adm3_pcode":null,"adm3_name":null,"adm4_pcode":null,"adm4_name":null,"name_latin":null},"geometry":{"type":"Polygon","coordinates":[[[32.6584811,14.3050471],[32.6584631,14.3050004],[32.6587116,14.3049107],[32.6587295,14.3049573],[32.6584811,14.3050471]]]}},{"type":"Feature","properties":{"id":"way/1101639279","name":null,"name_en":null,"name_ar":null,"amenity":"school","building":null,"operator_type":null,"capacity_persons":null,"addr_full":null,"addr_city":null,"source":null,"adm0_pcode":"SDN","adm0_name":"Sudan","adm1_pcode":"SD15","adm1_name":"Aj Jazirah","adm2_pcode":"SD15037","adm2_name":"Al Qurashi","adm3_pcode":null,"adm3_name":null,"adm4_pcode":null,"adm4_name":null,"name_latin":null},"geometry":{"type":"Polygon","coordinates":[[[32.658351,14.3049999],[32.6583347,14.304957],[32.6584389,14.3049198],[32.6584552,14.3049627],[32.658351,14.3049999]]]}},{"type":"Feature","properties":{"id":"way/1101639280","name":null,"name_en":null,"name_ar":null,"amenity":"school","building":null,"operator_type":null,"capacity_persons":null,"addr_full":null,"addr_city":null,"source":null,"adm0_pcode":"SDN","adm0_name":"Sudan","adm1_pcode":"SD15","adm1_name":"Aj Jazirah","adm2_pcode":"SD15037","adm2_name":"Al Qurashi","adm3_pcode":null,"adm3_name":null,"adm4_pcode":null,"adm4_name":null,"name_latin":null},"geometry":{"type":"Polygon","coordinates":[[[32.6586954,14.3048822],[32.6586858,14.3048413],[32.6587669,14.3048234],[32.6587765,14.3048642],[32.6586954,14.3048822]]]}},{"type":"Feature","properties":{"id":"way/1101639281","name":null,"name_en":null,"name_ar":null,"amenity":"school","building":null,"operator_type":null,"capacity_persons":null,"addr_full":null,"addr_city":null,"source":null,"adm0_pcode":"SDN","adm0_name":"Sudan","adm1_pcode":"SD15","adm1_name":"Aj Jazirah","adm2_pcode":"SD15037","adm2_name":"Al Qurashi","adm3_pcode":null,"adm3_name":null,"adm4_pcode":null,"adm4_name":null,"name_latin":null},"geometry":{"type":"Polygon","coordinates":[[[32.6582262,14.3047205],[32.6582041,14.3046763],[32.6584262,14.3045718],[32.6584483,14.304616],[32.6582262,14.3047205]]]}},{"type":"Feature","properties":{"id":"way/1101639282","name":null,"name_en":null,"name_ar":null,"amenity":"school","building":null,"operator_type":null,"capacity_persons":null,"addr_full":null,"addr_city":null,"source":null,"adm0_pcode":"SDN","adm0_name":"Sudan","adm1_pcode":"SD15","adm1_name":"Aj Jazirah","adm2_pcode":"SD15037","adm2_name":"Al Qurashi","adm3_pcode":null,"adm3_name":null,"adm4_pcode":null,"adm4_name":null,"name_latin":null},"geometry":{"type":"Polygon","coordinates":[[[32.6585523,14.3046524],[32.6585246,14.3045999],[32.658601,14.304562],[32.6586287,14.3046146],[32.6585523,14.3046524]]]}},{"type":"Feature","properties":{"id":"way/1102478223","name":null,"name_en":null,"name_ar":null,"amenity":null,"building":"school","operator_type":null,"capacity_persons":null,"addr_full":null,"addr_city":null,"source":null,"adm0_pcode":"SDN","adm0_name":"Sudan","adm1_pcode":"SD15","adm1_name":"Aj Jazirah","adm2_pcode":"SD15036","adm2_name":"Al Manaqil","adm3_pcode":null,"adm3_name":null,"adm4_pcode":null,"adm4_name":null,"name_latin":null},"geometry":{"type":"Polygon","coordinates":[[[32.8442368,14.2872095],[32.8443328,14.2873054],[32.8443686,14.2872718],[32.8442725,14.2871758],[32.8442368,14.2872095]]]}},{"type":"Feature","properties":{"id":"way/1102478221","name":null,"name_en":null,"name_ar":null,"amenity":null,"building":"school","operator_type":null,"capacity_persons":null,"addr_full":null,"addr_city":null,"source":null,"adm0_pcode":"SDN","adm0_name":"Sudan","adm1_pcode":"SD15","adm1_name":"Aj Jazirah","adm2_pcode":"SD15036","adm2_name":"Al Manaqil","adm3_pcode":null,"adm3_name":null,"adm4_pcode":null,"adm4_name":null,"name_latin":null},"geometry":{"type":"Polygon","coordinates":[[[32.844007,14.2870977],[32.8441684,14.2872512],[32.8442006,14.2872194],[32.8440393,14.2870658],[32.844007,14.2870977]]]}},{"type":"Feature","properties":{"id":"way/1102478222","name":null,"name_en":null,"name_ar":null,"amenity":null,"building":"school","operator_type":null,"capacity_persons":null,"addr_full":null,"addr_city":null,"source":null,"adm0_pcode":"SDN","adm0_name":"Sudan","adm1_pcode":"SD15","adm1_name":"Aj Jazirah","adm2_pcode":"SD15036","adm2_name":"Al Manaqil","adm3_pcode":null,"adm3_name":null,"adm4_pcode":null,"adm4_name":null,"name_latin":null},"geometry":{"type":"Polygon","coordinates":[[[32.8439962,14.2869794],[32.8440473,14.2870365],[32.8440832,14.2870064],[32.8440405,14.2869586],[32.8439962,14.2869794]]]}},{"type":"Feature","properties":{"id":"way/1102478220","name":null,"name_en":null,"name_ar":null,"amenity":null,"building":"school","operator_type":null,"capacity_persons":null,"addr_full":null,"addr_city":null,"source":null,"adm0_pcode":"SDN","adm0_name":"Sudan","adm1_pcode":"SD15","adm1_name":"Aj Jazirah","adm2_pcode":"SD15036","adm2_name":"Al Manaqil","adm3_pcode":null,"adm3_name":null,"adm4_pcode":null,"adm4_name":null,"name_latin":null},"geometry":{"type":"Polygon","coordinates":[[[32.8442949,14.2867444],[32.8444976,14.2869274],[32.8445286,14.2868952],[32.844326,14.2867121],[32.8442949,14.2867444]]]}},{"type":"Feature","properties":{"id":"way/1102478219","name":null,"name_en":null,"name_ar":null,"amenity":null,"building":"school","operator_type":null,"capacity_persons":null,"addr_full":null,"addr_city":null,"source":null,"adm0_pcode":"SDN","adm0_name":"Sudan","adm1_pcode":"SD15","adm1_name":"Aj Jazirah","adm2_pcode":"SD15036","adm2_name":"Al Manaqil","adm3_pcode":null,"adm3_name":null,"adm4_pcode":null,"adm4_name":null,"name_latin":null},"geometry":{"type":"Polygon","coordinates":[[[32.8435433,14.2867074],[32.8437587,14.2868748],[32.8437875,14.2868401],[32.8435721,14.2866726],[32.8435433,14.2867074]]]}},{"type":"Feature","properties":{"id":"way/1102478218","name":null,"name_en":null,"name_ar":null,"amenity":null,"building":"school","operator_type":null,"capacity_persons":null,"addr_full":null,"addr_city":null,"source":null,"adm0_pcode":"SDN","adm0_name":"Sudan","adm1_pcode":"SD15","adm1_name":"Aj Jazirah","adm2_pcode":"SD15036","adm2_name":"Al Manaqil","adm3_pcode":null,"adm3_name":null,"adm4_pcode":null,"adm4_name":null,"name_latin":null},"geometry":{"type":"Polygon","coordinates":[[[32.8433018,14.2864946],[32.8434463,14.2866318],[32.8434757,14.2866026],[32.8433313,14.2864655],[32.8433018,14.2864946]]]}},{"type":"Feature","properties":{"id":"way/1101888120","name":null,"name_en":null,"name_ar":null,"amenity":null,"building":"school","operator_type":null,"capacity_persons":null,"addr_full":null,"addr_city":null,"source":null,"adm0_pcode":"SDN","adm0_name":"Sudan","adm1_pcode":"SD15","adm1_name":"Aj Jazirah","adm2_pcode":"SD15037","adm2_name":"Al Qurashi","adm3_pcode":null,"adm3_name":null,"adm4_pcode":null,"adm4_name":null,"name_latin":null},"geometry":{"type":"Polygon","coordinates":[[[32.7355219,14.2863193],[32.735831,14.2865273],[32.7358487,14.2864827],[32.7355492,14.2862812],[32.7355219,14.2863193]]]}},{"type":"Feature","properties":{"id":"way/1102478217","name":null,"name_en":null,"name_ar":null,"amenity":null,"building":"school","operator_type":null,"capacity_persons":null,"addr_full":null,"addr_city":null,"source":null,"adm0_pcode":"SDN","adm0_name":"Sudan","adm1_pcode":"SD15","adm1_name":"Aj Jazirah","adm2_pcode":"SD15036","adm2_name":"Al Manaqil","adm3_pcode":null,"adm3_name":null,"adm4_pcode":null,"adm4_name":null,"name_latin":null},"geometry":{"type":"Polygon","coordinates":[[[32.8437489,14.2862356],[32.8439471,14.2864208],[32.8439931,14.2863865],[32.8437843,14.2861927],[32.8437489,14.2862356]]]}},{"type":"Feature","properties":{"id":"way/1101888118","name":null,"name_en":null,"name_ar":null,"amenity":null,"building":"school","operator_type":null,"capacity_persons":null,"addr_full":null,"addr_city":null,"source":null,"adm0_pcode":"SDN","adm0_name":"Sudan","adm1_pcode":"SD15","adm1_name":"Aj Jazirah","adm2_pcode":"SD15037","adm2_name":"Al Qurashi","adm3_pcode":null,"adm3_name":null,"adm4_pcode":null,"adm4_name":null,"name_latin":null},"geometry":{"type":"Polygon","coordinates":[[[32.7359262,14.2861429],[32.7360322,14.2862144],[32.736063,14.2861767],[32.7359504,14.2861052],[32.7359262,14.2861429]]]}},{"type":"Feature","properties":{"id":"way/1101888117","name":null,"name_en":null,"name_ar":null,"amenity":null,"building":"school","operator_type":null,"capacity_persons":null,"addr_full":null,"addr_city":null,"source":null,"adm0_pcode":"SDN","adm0_name":"Sudan","adm1_pcode":"SD15","adm1_name":"Aj Jazirah","adm2_pcode":"SD15037","adm2_name":"Al Qurashi","adm3_pcode":null,"adm3_name":null,"adm4_pcode":null,"adm4_name":null,"name_latin":null},"geometry":{"type":"Polygon","coordinates":[[[32.7356969,14.2860663],[32.7359048,14.2862092],[32.7359289,14.2861741],[32.7357197,14.2860195],[32.7356969,14.2860663]]]}},{"type":"Feature","properties":{"id":"way/1101888119","name":null,"name_en":null,"name_ar":null,"amenity":null,"building":"school","operator_type":null,"capacity_persons":null,"addr_full":null,"addr_city":null,"source":null,"adm0_pcode":"SDN","adm0_name":"Sudan","adm1_pcode":"SD15","adm1_name":"Aj Jazirah","adm2_pcode":"SD15037","adm2_name":"Al Qurashi","adm3_pcode":null,"adm3_name":null,"adm4_pcode":null,"adm4_name":null,"name_latin":null},"geometry":{"type":"Polygon","coordinates":[[[32.7360174,14.2860481],[32.7361113,14.286113],[32.7361583,14.2860403],[32.7360697,14.2859779],[32.7360174,14.2860481]]]}},{"type":"Feature","properties":{"id":"way/1101888116","name":null,"name_en":null,"name_ar":null,"amenity":null,"building":"school","operator_type":null,"capacity_persons":null,"addr_full":null,"addr_city":null,"source":null,"adm0_pcode":"SDN","adm0_name":"Sudan","adm1_pcode":"SD15","adm1_name":"Aj Jazirah","adm2_pcode":"SD15037","adm2_name":"Al Qurashi","adm3_pcode":null,"adm3_name":null,"adm4_pcode":null,"adm4_name":null,"name_latin":null},"geometry":{"type":"Polygon","coordinates":[[[32.7356245,14.2859298],[32.7357573,14.2860143],[32.7357827,14.2859805],[32.7356513,14.285896],[32.7356245,14.2859298]]]}},{"type":"Feature","properties":{"id":"way/1101888115","name":null,"name_en":null,"name_ar":null,"amenity":null,"building":"school","operator_type":null,"capacity_persons":null,"addr_full":null,"addr_city":null,"source":null,"adm0_pcode":"SDN","adm0_name":"Sudan","adm1_pcode":"SD15","adm1_name":"Aj Jazirah","adm2_pcode":"SD15037","adm2_name":"Al Qurashi","adm3_pcode":null,"adm3_name":null,"adm4_pcode":null,"adm4_name":null,"name_latin":null},"geometry":{"type":"Polygon","coordinates":[[[32.7359061,14.2858115],[32.7361019,14.2859324],[32.7361207,14.2858947],[32.7359289,14.2857803],[32.7359061,14.2858115]]]}},{"type":"Feature","properties":{"id":"way/1101888113","name":null,"name_en":null,"name_ar":null,"amenity":null,"building":"school","operator_type":null,"capacity_persons":null,"addr_full":null,"addr_city":null,"source":null,"adm0_pcode":"SDN","adm0_name":"Sudan","adm1_pcode":"SD15","adm1_name":"Aj Jazirah","adm2_pcode":"SD15037","adm2_name":"Al Qurashi","adm3_pcode":null,"adm3_name":null,"adm4_pcode":null,"adm4_name":null,"name_latin":null},"geometry":{"type":"Polygon","coordinates":[[[32.7355759,14.2853528],[32.7359263,14.2855243],[32.7359531,14.2854827],[32.735599,14.2853164],[32.7355759,14.2853528]]]}},{"type":"Feature","properties":{"id":"way/1101888114","name":null,"name_en":null,"name_ar":null,"amenity":null,"building":"school","operator_type":null,"capacity_persons":null,"addr_full":null,"addr_city":null,"source":null,"adm0_pcode":"SDN","adm0_name":"Sudan","adm1_pcode":"SD15","adm1_name":"Aj Jazirah","adm2_pcode":"SD15037","adm2_name":"Al Qurashi","adm3_pcode":null,"adm3_name":null,"adm4_pcode":null,"adm4_name":null,"name_latin":null},"geometry":{"type":"Polygon","coordinates":[[[32.735713,14.2851058],[32.7360268,14.285267],[32.7360416,14.2852332],[32.7357304,14.2850759],[32.735713,14.2851058]]]}},{"type":"Feature","properties":{"id":"way/1096703802","name":null,"name_en":null,"name_ar":null,"amenity":null,"building":"school","operator_type":null,"capacity_persons":null,"addr_full":null,"addr_city":null,"source":null,"adm0_pcode":"SDN","adm0_name":"Sudan","adm1_pcode":"SD15","adm1_name":"Aj Jazirah","adm2_pcode":"SD15036","adm2_name":"Al Manaqil","adm3_pcode":null,"adm3_name":null,"adm4_pcode":null,"adm4_name":null,"name_latin":null},"geometry":{"type":"Polygon","coordinates":[[[32.9928798,14.2674424],[32.9928794,14.2673959],[32.9929221,14.2673955],[32.9929225,14.267442],[32.9928798,14.2674424]]]}},{"type":"Feature","properties":{"id":"way/1101682544","name":null,"name_en":null,"name_ar":null,"amenity":null,"building":"school","operator_type":null,"capacity_persons":null,"addr_full":null,"addr_city":null,"source":null,"adm0_pcode":"SDN","adm0_name":"Sudan","adm1_pcode":"SD15","adm1_name":"Aj Jazirah","adm2_pcode":"SD15035","adm2_name":"Al Kamlin","adm3_pcode":null,"adm3_name":null,"adm4_pcode":null,"adm4_name":null,"name_latin":null},"geometry":{"type":"Polygon","coordinates":[[[33.0765482,15.2034763],[33.0769138,15.2033206],[33.0769522,15.2034044],[33.0765866,15.2035601],[33.0765482,15.2034763]]]}},{"type":"Feature","properties":{"id":"way/1101682541","name":null,"name_en":null,"name_ar":null,"amenity":"school","building":null,"operator_type":null,"capacity_persons":null,"addr_full":null,"addr_city":null,"source":null,"adm0_pcode":"SDN","adm0_name":"Sudan","adm1_pcode":"SD15","adm1_name":"Aj Jazirah","adm2_pcode":"SD15035","adm2_name":"Al Kamlin","adm3_pcode":null,"adm3_name":null,"adm4_pcode":null,"adm4_name":null,"name_latin":null},"geometry":{"type":"Polygon","coordinates":[[[33.0763689,15.2036711],[33.0769895,15.2034273],[33.0767737,15.2029158],[33.0761531,15.2031597],[33.0761844,15.2032673],[33.0763689,15.2036711]]]}},{"type":"Feature","properties":{"id":"way/1101682543","name":null,"name_en":null,"name_ar":null,"amenity":null,"building":"school","operator_type":null,"capacity_persons":null,"addr_full":null,"addr_city":null,"source":null,"adm0_pcode":"SDN","adm0_name":"Sudan","adm1_pcode":"SD15","adm1_name":"Aj Jazirah","adm2_pcode":"SD15035","adm2_name":"Al Kamlin","adm3_pcode":null,"adm3_name":null,"adm4_pcode":null,"adm4_name":null,"name_latin":null},"geometry":{"type":"Polygon","coordinates":[[[33.076362,15.2033945],[33.0768503,15.2031512],[33.0768857,15.2032174],[33.0765284,15.2033954],[33.0765148,15.2033701],[33.0763839,15.2034353],[33.076362,15.2033945]]]}},{"type":"Feature","properties":{"id":"way/1101682542","name":null,"name_en":null,"name_ar":null,"amenity":null,"building":"school","operator_type":null,"capacity_persons":null,"addr_full":null,"addr_city":null,"source":null,"adm0_pcode":"SDN","adm0_name":"Sudan","adm1_pcode":"SD15","adm1_name":"Aj Jazirah","adm2_pcode":"SD15035","adm2_name":"Al Kamlin","adm3_pcode":null,"adm3_name":null,"adm4_pcode":null,"adm4_name":null,"name_latin":null},"geometry":{"type":"Polygon","coordinates":[[[33.0761784,15.2031839],[33.0766261,15.203008],[33.0766421,15.203037],[33.0767429,15.2029943],[33.0767712,15.2030336],[33.0762074,15.2032503],[33.0761784,15.2031839]]]}},{"type":"Feature","properties":{"id":"way/1101367111","name":null,"name_en":null,"name_ar":null,"amenity":"school","building":null,"operator_type":null,"capacity_persons":null,"addr_full":null,"addr_city":null,"source":null,"adm0_pcode":"SDN","adm0_name":"Sudan","adm1_pcode":"SD15","adm1_name":"Aj Jazirah","adm2_pcode":"SD15035","adm2_name":"Al Kamlin","adm3_pcode":null,"adm3_name":null,"adm4_pcode":null,"adm4_name":null,"name_latin":null},"geometry":{"type":"Polygon","coordinates":[[[32.9381437,15.1952761],[32.9381623,15.1952233],[32.9383411,15.1952818],[32.9383226,15.1953347],[32.9381437,15.1952761]]]}},{"type":"Feature","properties":{"id":"way/1101367116","name":null,"name_en":null,"name_ar":null,"amenity":"school","building":null,"operator_type":null,"capacity_persons":null,"addr_full":null,"addr_city":null,"source":null,"adm0_pcode":"SDN","adm0_name":"Sudan","adm1_pcode":"SD15","adm1_name":"Aj Jazirah","adm2_pcode":"SD15035","adm2_name":"Al Kamlin","adm3_pcode":null,"adm3_name":null,"adm4_pcode":null,"adm4_name":null,"name_latin":null},"geometry":{"type":"Polygon","coordinates":[[[32.9380042,15.1952166],[32.9380734,15.1952356],[32.9380586,15.1952858],[32.9379894,15.1952668],[32.9380042,15.1952166]]]}},{"type":"Feature","properties":{"id":"way/1101367110","name":null,"name_en":null,"name_ar":null,"amenity":"school","building":null,"operator_type":null,"capacity_persons":null,"addr_full":null,"addr_city":null,"source":null,"adm0_pcode":"SDN","adm0_name":"Sudan","adm1_pcode":"SD15","adm1_name":"Aj Jazirah","adm2_pcode":"SD15035","adm2_name":"Al Kamlin","adm3_pcode":null,"adm3_name":null,"adm4_pcode":null,"adm4_name":null,"name_latin":null},"geometry":{"type":"Polygon","coordinates":[[[32.9379241,15.1951023],[32.9379407,15.1950521],[32.9381894,15.1951283],[32.9381728,15.1951786],[32.9379241,15.1951023]]]}},{"type":"Feature","properties":{"id":"way/1101367114","name":null,"name_en":null,"name_ar":null,"amenity":"school","building":null,"operator_type":null,"capacity_persons":null,"addr_full":null,"addr_city":null,"source":null,"adm0_pcode":"SDN","adm0_name":"Sudan","adm1_pcode":"SD15","adm1_name":"Aj Jazirah","adm2_pcode":"SD15035","adm2_name":"Al Kamlin","adm3_pcode":null,"adm3_name":null,"adm4_pcode":null,"adm4_name":null,"name_latin":null},"geometry":{"type":"Polygon","coordinates":[[[32.9377403,15.1951475],[32.9377827,15.1951579],[32.9377707,15.1951964],[32.9379459,15.1952468],[32.9379284,15.1953044],[32.9383872,15.1954341],[32.9385138,15.1950169],[32.937802,15.1947881],[32.9377261,15.1950405],[32.937769,15.1950526],[32.9377403,15.1951475]]]}},{"type":"Feature","properties":{"id":"way/1101367112","name":null,"name_en":null,"name_ar":null,"amenity":"school","building":null,"operator_type":null,"capacity_persons":null,"addr_full":null,"addr_city":null,"source":null,"adm0_pcode":"SDN","adm0_name":"Sudan","adm1_pcode":"SD15","adm1_name":"Aj Jazirah","adm2_pcode":"SD15035","adm2_name":"Al Kamlin","adm3_pcode":null,"adm3_name":null,"adm4_pcode":null,"adm4_name":null,"name_latin":null},"geometry":{"type":"Polygon","coordinates":[[[32.9382109,15.1950958],[32.9382347,15.1950234],[32.9384388,15.1950857],[32.9384151,15.1951582],[32.9382109,15.1950958]]]}},{"type":"Feature","properties":{"id":"way/1101367115","name":null,"name_en":null,"name_ar":null,"amenity":"school","building":null,"operator_type":null,"capacity_persons":null,"addr_full":null,"addr_city":null,"source":null,"adm0_pcode":"SDN","adm0_name":"Sudan","adm1_pcode":"SD15","adm1_name":"Aj Jazirah","adm2_pcode":"SD15035","adm2_name":"Al Kamlin","adm3_pcode":null,"adm3_name":null,"adm4_pcode":null,"adm4_name":null,"name_latin":null},"geometry":{"type":"Polygon","coordinates":[[[32.938023,15.1949277],[32.9380421,15.1948716],[32.938249,15.1949372],[32.9382299,15.1949933],[32.938023,15.1949277]]]}},{"type":"Feature","properties":{"id":"way/1101367113","name":null,"name_en":null,"name_ar":null,"amenity":"school","building":null,"operator_type":null,"capacity_persons":null,"addr_full":null,"addr_city":null,"source":null,"adm0_pcode":"SDN","adm0_name":"Sudan","adm1_pcode":"SD15","adm1_name":"Aj Jazirah","adm2_pcode":"SD15035","adm2_name":"Al Kamlin","adm3_pcode":null,"adm3_name":null,"adm4_pcode":null,"adm4_name":null,"name_latin":null},"geometry":{"type":"Polygon","coordinates":[[[32.9378153,15.1949594],[32.9378353,15.1948767],[32.9379538,15.1949034],[32.9379338,15.1949861],[32.9378153,15.1949594]]]}},{"type":"Feature","properties":{"id":"way/1102478377","name":null,"name_en":null,"name_ar":null,"amenity":null,"building":"school","operator_type":null,"capacity_persons":null,"addr_full":null,"addr_city":null,"source":null,"adm0_pcode":"SDN","adm0_name":"Sudan","adm1_pcode":"SD15","adm1_name":"Aj Jazirah","adm2_pcode":"SD15035","adm2_name":"Al Kamlin","adm3_pcode":null,"adm3_name":null,"adm4_pcode":null,"adm4_name":null,"name_latin":null},"geometry":{"type":"Polygon","coordinates":[[[32.8785662,15.1942349],[32.8786386,15.1942789],[32.8786748,15.1942327],[32.8785942,15.1941876],[32.8785662,15.1942349]]]}},{"type":"Feature","properties":{"id":"way/1102478376","name":null,"name_en":null,"name_ar":null,"amenity":null,"building":"school","operator_type":null,"capacity_persons":null,"addr_full":null,"addr_city":null,"source":null,"adm0_pcode":"SDN","adm0_name":"Sudan","adm1_pcode":"SD15","adm1_name":"Aj Jazirah","adm2_pcode":"SD15035","adm2_name":"Al Kamlin","adm3_pcode":null,"adm3_name":null,"adm4_pcode":null,"adm4_name":null,"name_latin":null},"geometry":{"type":"Polygon","coordinates":[[[32.8781786,15.1940524],[32.8785277,15.1942913],[32.8785592,15.1942484],[32.8782124,15.1940062],[32.8781786,15.1940524]]]}},{"type":"Feature","properties":{"id":"way/1102478378","name":null,"name_en":null,"name_ar":null,"amenity":null,"building":"school","operator_type":null,"capacity_persons":null,"addr_full":null,"addr_city":null,"source":null,"adm0_pcode":"SDN","adm0_name":"Sudan","adm1_pcode":"SD15","adm1_name":"Aj Jazirah","adm2_pcode":"SD15035","adm2_name":"Al Kamlin","adm3_pcode":null,"adm3_name":null,"adm4_pcode":null,"adm4_name":null,"name_latin":null},"geometry":{"type":"Polygon","coordinates":[[[32.8785641,15.1939197],[32.8786891,15.1939918],[32.8787182,15.1939448],[32.8785932,15.1938727],[32.8785641,15.1939197]]]}},{"type":"Feature","properties":{"id":"way/1102478379","name":null,"name_en":null,"name_ar":null,"amenity":null,"building":"school","operator_type":null,"capacity_persons":null,"addr_full":null,"addr_city":null,"source":null,"adm0_pcode":"SDN","adm0_name":"Sudan","adm1_pcode":"SD15","adm1_name":"Aj Jazirah","adm2_pcode":"SD15035","adm2_name":"Al Kamlin","adm3_pcode":null,"adm3_name":null,"adm4_pcode":null,"adm4_name":null,"name_latin":null},"geometry":{"type":"Polygon","coordinates":[[[32.8783664,15.1937859],[32.8784953,15.1938728],[32.8785325,15.1938214],[32.8784036,15.1937345],[32.8783664,15.1937859]]]}},{"type":"Feature","properties":{"id":"way/1101425205","name":null,"name_en":null,"name_ar":null,"amenity":"school","building":null,"operator_type":null,"capacity_persons":null,"addr_full":null,"addr_city":null,"source":null,"adm0_pcode":"SDN","adm0_name":"Sudan","adm1_pcode":"SD15","adm1_name":"Aj Jazirah","adm2_pcode":"SD15033","adm2_name":"Sharg Al Jazirah","adm3_pcode":null,"adm3_name":null,"adm4_pcode":null,"adm4_name":null,"name_latin":null},"geometry":{"type":"Polygon","coordinates":[[[33.1325363,15.1656445],[33.1324883,15.1657243],[33.1327409,15.1658659],[33.1327889,15.1657861],[33.1325363,15.1656445]]]}},{"type":"Feature","properties":{"id":"way/1101425206","name":null,"name_en":null,"name_ar":null,"amenity":null,"building":"school","operator_type":null,"capacity_persons":null,"addr_full":null,"addr_city":null,"source":null,"adm0_pcode":"SDN","adm0_name":"Sudan","adm1_pcode":"SD15","adm1_name":"Aj Jazirah","adm2_pcode":"SD15033","adm2_name":"Sharg Al Jazirah","adm3_pcode":null,"adm3_name":null,"adm4_pcode":null,"adm4_name":null,"name_latin":null},"geometry":{"type":"Polygon","coordinates":[[[33.1327745,15.1656966],[33.1327961,15.1656594],[33.1328242,15.1656745],[33.1328026,15.1657118],[33.1327745,15.1656966]]]}},{"type":"Feature","properties":{"id":"way/1101425203","name":null,"name_en":null,"name_ar":null,"amenity":"school","building":null,"operator_type":null,"capacity_persons":null,"addr_full":null,"addr_city":null,"source":null,"adm0_pcode":"SDN","adm0_name":"Sudan","adm1_pcode":"SD15","adm1_name":"Aj Jazirah","adm2_pcode":"SD15033","adm2_name":"Sharg Al Jazirah","adm3_pcode":null,"adm3_name":null,"adm4_pcode":null,"adm4_name":null,"name_latin":null},"geometry":{"type":"Polygon","coordinates":[[[33.1330428,15.1656204],[33.1328873,15.1655337],[33.1328398,15.1656131],[33.1329952,15.1656998],[33.1330428,15.1656204]]]}},{"type":"Feature","properties":{"id":"way/1101425204","name":null,"name_en":null,"name_ar":null,"amenity":"school","building":null,"operator_type":null,"capacity_persons":null,"addr_full":null,"addr_city":null,"source":null,"adm0_pcode":"SDN","adm0_name":"Sudan","adm1_pcode":"SD15","adm1_name":"Aj Jazirah","adm2_pcode":"SD15033","adm2_name":"Sharg Al Jazirah","adm3_pcode":null,"adm3_name":null,"adm4_pcode":null,"adm4_name":null,"name_latin":null},"geometry":{"type":"Polygon","coordinates":[[[33.1328289,15.1654978],[33.1326734,15.1654112],[33.1326259,15.1654905],[33.1327813,15.1655773],[33.1328289,15.1654978]]]}},{"type":"Feature","properties":{"id":"way/1104101951","name":null,"name_en":null,"name_ar":null,"amenity":"school","building":null,"operator_type":null,"capacity_persons":null,"addr_full":null,"addr_city":null,"source":null,"adm0_pcode":"SDN","adm0_name":"Sudan","adm1_pcode":"SD15","adm1_name":"Aj Jazirah","adm2_pcode":"SD15035","adm2_name":"Al Kamlin","adm3_pcode":null,"adm3_name":null,"adm4_pcode":null,"adm4_name":null,"name_latin":null},"geometry":{"type":"Polygon","coordinates":[[[33.0177193,15.1524061],[33.017798,15.1523929],[33.0177899,15.152348],[33.0177112,15.1523612],[33.0177193,15.1524061]]]}},{"type":"Feature","properties":{"id":"way/1104101950","name":null,"name_en":null,"name_ar":null,"amenity":"school","building":null,"operator_type":null,"capacity_persons":null,"addr_full":null,"addr_city":null,"source":null,"adm0_pcode":"SDN","adm0_name":"Sudan","adm1_pcode":"SD15","adm1_name":"Aj Jazirah","adm2_pcode":"SD15035","adm2_name":"Al Kamlin","adm3_pcode":null,"adm3_name":null,"adm4_pcode":null,"adm4_name":null,"name_latin":null},"geometry":{"type":"Polygon","coordinates":[[[33.0177137,15.1523547],[33.0177925,15.1523415],[33.0177844,15.1522966],[33.0177057,15.1523098],[33.0177137,15.1523547]]]}},{"type":"Feature","properties":{"id":"way/1104101949","name":null,"name_en":null,"name_ar":null,"amenity":"school","building":null,"operator_type":null,"capacity_persons":null,"addr_full":null,"addr_city":null,"source":null,"adm0_pcode":"SDN","adm0_name":"Sudan","adm1_pcode":"SD15","adm1_name":"Aj Jazirah","adm2_pcode":"SD15035","adm2_name":"Al Kamlin","adm3_pcode":null,"adm3_name":null,"adm4_pcode":null,"adm4_name":null,"name_latin":null},"geometry":{"type":"Polygon","coordinates":[[[33.018309,15.1521831],[33.0179851,15.1522482],[33.0179737,15.1521958],[33.0182977,15.1521307],[33.018309,15.1521831]]]}},{"type":"Feature","properties":{"id":"way/1104101948","name":null,"name_en":null,"name_ar":null,"amenity":"school","building":null,"operator_type":null,"capacity_persons":null,"addr_full":null,"addr_city":null,"source":null,"adm0_pcode":"SDN","adm0_name":"Sudan","adm1_pcode":"SD15","adm1_name":"Aj Jazirah","adm2_pcode":"SD15035","adm2_name":"Al Kamlin","adm3_pcode":null,"adm3_name":null,"adm4_pcode":null,"adm4_name":null,"name_latin":null},"geometry":{"type":"Polygon","coordinates":[[[33.0177307,15.1519141],[33.0177212,15.1518673],[33.0176946,15.1518723],[33.0177041,15.1519191],[33.0177307,15.1519141]]]}},{"type":"Feature","properties":{"id":"way/1104101946","name":null,"name_en":null,"name_ar":null,"amenity":"school","building":null,"operator_type":null,"capacity_persons":null,"addr_full":null,"addr_city":null,"source":null,"adm0_pcode":"SDN","adm0_name":"Sudan","adm1_pcode":"SD15","adm1_name":"Aj Jazirah","adm2_pcode":"SD15035","adm2_name":"Al Kamlin","adm3_pcode":null,"adm3_name":null,"adm4_pcode":null,"adm4_name":null,"name_latin":null},"geometry":{"type":"Polygon","coordinates":[[[33.0177394,15.1519112],[33.0181647,15.1518201],[33.0181525,15.151767],[33.0177271,15.1518581],[33.0177394,15.1519112]]]}},{"type":"Feature","properties":{"id":"way/1104101947","name":null,"name_en":null,"name_ar":null,"amenity":"school","building":null,"operator_type":null,"capacity_persons":null,"addr_full":null,"addr_city":null,"source":null,"adm0_pcode":"SDN","adm0_name":"Sudan","adm1_pcode":"SD15","adm1_name":"Aj Jazirah","adm2_pcode":"SD15035","adm2_name":"Al Kamlin","adm3_pcode":null,"adm3_name":null,"adm4_pcode":null,"adm4_name":null,"name_latin":null},"geometry":{"type":"Polygon","coordinates":[[[33.017725,15.1517797],[33.0177187,15.1517468],[33.0177757,15.1517365],[33.0177821,15.1517694],[33.017725,15.1517797]]]}},{"type":"Feature","properties":{"id":"way/1104101945","name":null,"name_en":null,"name_ar":null,"amenity":"school","building":null,"operator_type":null,"capacity_persons":null,"addr_full":null,"addr_city":null,"source":null,"adm0_pcode":"SDN","adm0_name":"Sudan","adm1_pcode":"SD15","adm1_name":"Aj Jazirah","adm2_pcode":"SD15035","adm2_name":"Al Kamlin","adm3_pcode":null,"adm3_name":null,"adm4_pcode":null,"adm4_name":null,"name_latin":null},"geometry":{"type":"Polygon","coordinates":[[[33.0176504,15.1516394],[33.0179686,15.1515465],[33.0179519,15.151493],[33.0176336,15.1515859],[33.0176504,15.1516394]]]}},{"type":"Feature","properties":{"id":"way/1094583150","name":null,"name_en":null,"name_ar":null,"amenity":null,"building":"school","operator_type":null,"capacity_persons":null,"addr_full":null,"addr_city":null,"source":null,"adm0_pcode":"SDN","adm0_name":"Sudan","adm1_pcode":"SD15","adm1_name":"Aj Jazirah","adm2_pcode":"SD15035","adm2_name":"Al Kamlin","adm3_pcode":null,"adm3_name":null,"adm4_pcode":null,"adm4_name":null,"name_latin":null},"geometry":{"type":"Polygon","coordinates":[[[32.8714219,15.1297299],[32.8716106,15.1297211],[32.8716083,15.1296736],[32.8717862,15.1296653],[32.8717893,15.1297283],[32.8716234,15.129736],[32.8716271,15.12981],[32.8715964,15.1298114],[32.871594,15.1297649],[32.8714428,15.129772],[32.8714449,15.1298142],[32.8714021,15.1298162],[32.8713981,15.1297361],[32.8712577,15.1297427],[32.8712542,15.1296729],[32.8714187,15.1296653],[32.8714219,15.1297299]]]}},{"type":"Feature","properties":{"id":"way/1101437224","name":null,"name_en":null,"name_ar":null,"amenity":"school","building":null,"operator_type":null,"capacity_persons":null,"addr_full":null,"addr_city":null,"source":null,"adm0_pcode":"SDN","adm0_name":"Sudan","adm1_pcode":"SD15","adm1_name":"Aj Jazirah","adm2_pcode":"SD15035","adm2_name":"Al Kamlin","adm3_pcode":null,"adm3_name":null,"adm4_pcode":null,"adm4_name":null,"name_latin":null},"geometry":{"type":"Polygon","coordinates":[[[32.87118,15.1298557],[32.8713813,15.1298557],[32.8713786,15.1299049],[32.8721351,15.1298914],[32.8721371,15.1299483],[32.8722164,15.1299483],[32.8722327,15.1297148],[32.8723059,15.1297128],[32.872314,15.1292811],[32.8722327,15.1292772],[32.8722144,15.1293204],[32.8711675,15.1292321],[32.87118,15.1298557]]]}},{"type":"Feature","properties":{"id":"way/1094583013","name":null,"name_en":null,"name_ar":null,"amenity":null,"building":"school","operator_type":null,"capacity_persons":null,"addr_full":null,"addr_city":null,"source":null,"adm0_pcode":"SDN","adm0_name":"Sudan","adm1_pcode":"SD15","adm1_name":"Aj Jazirah","adm2_pcode":"SD15035","adm2_name":"Al Kamlin","adm3_pcode":null,"adm3_name":null,"adm4_pcode":null,"adm4_name":null,"name_latin":null},"geometry":{"type":"Polygon","coordinates":[[[32.8713945,15.1293487],[32.8716438,15.1293882],[32.8716338,15.1294471],[32.8713844,15.1294076],[32.8713945,15.1293487]]]}},{"type":"Feature","properties":{"id":"way/1102027756","name":null,"name_en":null,"name_ar":null,"amenity":"school","building":null,"operator_type":null,"capacity_persons":null,"addr_full":null,"addr_city":null,"source":null,"adm0_pcode":"SDN","adm0_name":"Sudan","adm1_pcode":"SD15","adm1_name":"Aj Jazirah","adm2_pcode":"SD15035","adm2_name":"Al Kamlin","adm3_pcode":null,"adm3_name":null,"adm4_pcode":null,"adm4_name":null,"name_latin":null},"geometry":{"type":"Polygon","coordinates":[[[32.932767,15.1158689],[32.9331946,15.1157412],[32.9332211,15.1158239],[32.9327935,15.1159516],[32.932767,15.1158689]]]}},{"type":"Feature","properties":{"id":"way/1102027760","name":null,"name_en":null,"name_ar":null,"amenity":"school","building":null,"operator_type":null,"capacity_persons":null,"addr_full":null,"addr_city":null,"source":null,"adm0_pcode":"SDN","adm0_name":"Sudan","adm1_pcode":"SD15","adm1_name":"Aj Jazirah","adm2_pcode":"SD15035","adm2_name":"Al Kamlin","adm3_pcode":null,"adm3_name":null,"adm4_pcode":null,"adm4_name":null,"name_latin":null},"geometry":{"type":"Polygon","coordinates":[[[32.9337234,15.1156036],[32.9334485,15.1156917],[32.9334738,15.1157652],[32.9337487,15.115677],[32.9337234,15.1156036]]]}},{"type":"Feature","properties":{"id":"way/1102027761","name":null,"name_en":null,"name_ar":null,"amenity":"school","building":null,"operator_type":null,"capacity_persons":null,"addr_full":null,"addr_city":null,"source":null,"adm0_pcode":"SDN","adm0_name":"Sudan","adm1_pcode":"SD15","adm1_name":"Aj Jazirah","adm2_pcode":"SD15035","adm2_name":"Al Kamlin","adm3_pcode":null,"adm3_name":null,"adm4_pcode":null,"adm4_name":null,"name_latin":null},"geometry":{"type":"Polygon","coordinates":[[[32.9330801,15.1151464],[32.9332919,15.1158417],[32.9327856,15.1159769],[32.9324881,15.1154964],[32.9330801,15.1151464]]]}},{"type":"Feature","properties":{"id":"way/1102027759","name":null,"name_en":null,"name_ar":null,"amenity":"school","building":null,"operator_type":null,"capacity_persons":null,"addr_full":null,"addr_city":null,"source":null,"adm0_pcode":"SDN","adm0_name":"Sudan","adm1_pcode":"SD15","adm1_name":"Aj Jazirah","adm2_pcode":"SD15035","adm2_name":"Al Kamlin","adm3_pcode":null,"adm3_name":null,"adm4_pcode":null,"adm4_name":null,"name_latin":null},"geometry":{"type":"Polygon","coordinates":[[[32.9335789,15.1153915],[32.933304,15.1154797],[32.9333293,15.1155532],[32.9336042,15.1154649],[32.9335789,15.1153915]]]}},{"type":"Feature","properties":{"id":"way/1102027757","name":null,"name_en":null,"name_ar":null,"amenity":"school","building":null,"operator_type":null,"capacity_persons":null,"addr_full":null,"addr_city":null,"source":null,"adm0_pcode":"SDN","adm0_name":"Sudan","adm1_pcode":"SD15","adm1_name":"Aj Jazirah","adm2_pcode":"SD15035","adm2_name":"Al Kamlin","adm3_pcode":null,"adm3_name":null,"adm4_pcode":null,"adm4_name":null,"name_latin":null},"geometry":{"type":"Polygon","coordinates":[[[32.9326467,15.1154622],[32.9330743,15.1153345],[32.9331008,15.1154172],[32.9326732,15.1155449],[32.9326467,15.1154622]]]}},{"type":"Feature","properties":{"id":"way/1102027762","name":null,"name_en":null,"name_ar":null,"amenity":"school","building":null,"operator_type":null,"capacity_persons":null,"addr_full":null,"addr_city":null,"source":null,"adm0_pcode":"SDN","adm0_name":"Sudan","adm1_pcode":"SD15","adm1_name":"Aj Jazirah","adm2_pcode":"SD15035","adm2_name":"Al Kamlin","adm3_pcode":null,"adm3_name":null,"adm4_pcode":null,"adm4_name":null,"name_latin":null},"geometry":{"type":"Polygon","coordinates":[[[32.9330801,15.1151464],[32.9332919,15.1158417],[32.9338437,15.1156886],[32.9338661,15.1156622],[32.9338652,15.1156311],[32.933419,15.1149364],[32.9330801,15.1151464]]]}},{"type":"Feature","properties":{"id":"way/1093553038","name":null,"name_en":null,"name_ar":null,"amenity":"school","building":null,"operator_type":null,"capacity_persons":null,"addr_full":null,"addr_city":null,"source":null,"adm0_pcode":"SDN","adm0_name":"Sudan","adm1_pcode":"SD15","adm1_name":"Aj Jazirah","adm2_pcode":"SD15035","adm2_name":"Al Kamlin","adm3_pcode":null,"adm3_name":null,"adm4_pcode":null,"adm4_name":null,"name_latin":null},"geometry":{"type":"Polygon","coordinates":[[[32.7834614,15.1152771],[32.7835357,15.1153154],[32.7835079,15.1153657],[32.7834336,15.1153274],[32.7834614,15.1152771]]]}},{"type":"Feature","properties":{"id":"way/1102027758","name":null,"name_en":null,"name_ar":null,"amenity":"school","building":null,"operator_type":null,"capacity_persons":null,"addr_full":null,"addr_city":null,"source":null,"adm0_pcode":"SDN","adm0_name":"Sudan","adm1_pcode":"SD15","adm1_name":"Aj Jazirah","adm2_pcode":"SD15035","adm2_name":"Al Kamlin","adm3_pcode":null,"adm3_name":null,"adm4_pcode":null,"adm4_name":null,"name_latin":null},"geometry":{"type":"Polygon","coordinates":[[[32.9334232,15.1152275],[32.9331483,15.1153157],[32.9331736,15.1153892],[32.9334485,15.1153009],[32.9334232,15.1152275]]]}},{"type":"Feature","properties":{"id":"way/1101367182","name":null,"name_en":null,"name_ar":null,"amenity":"school","building":null,"operator_type":null,"capacity_persons":null,"addr_full":null,"addr_city":null,"source":null,"adm0_pcode":"SDN","adm0_name":"Sudan","adm1_pcode":"SD15","adm1_name":"Aj Jazirah","adm2_pcode":"SD15035","adm2_name":"Al Kamlin","adm3_pcode":null,"adm3_name":null,"adm4_pcode":null,"adm4_name":null,"name_latin":null},"geometry":{"type":"Polygon","coordinates":[[[32.7831593,15.1151534],[32.7833692,15.1152792],[32.7834005,15.1152305],[32.783317,15.1151805],[32.7833369,15.1151496],[32.7832104,15.1150738],[32.7831593,15.1151534]]]}},{"type":"Feature","properties":{"id":"way/1093553052","name":null,"name_en":null,"name_ar":null,"amenity":"school","building":null,"operator_type":null,"capacity_persons":null,"addr_full":null,"addr_city":null,"source":null,"adm0_pcode":"SDN","adm0_name":"Sudan","adm1_pcode":"SD15","adm1_name":"Aj Jazirah","adm2_pcode":"SD15035","adm2_name":"Al Kamlin","adm3_pcode":null,"adm3_name":null,"adm4_pcode":null,"adm4_name":null,"name_latin":null},"geometry":{"type":"Polygon","coordinates":[[[32.7833496,15.1148549],[32.7836555,15.1150139],[32.7836324,15.1150554],[32.7833264,15.1148965],[32.7833496,15.1148549]]]}},{"type":"Feature","properties":{"id":"way/1101346556","name":null,"name_en":null,"name_ar":null,"amenity":"school","building":null,"operator_type":null,"capacity_persons":null,"addr_full":null,"addr_city":null,"source":null,"adm0_pcode":"SDN","adm0_name":"Sudan","adm1_pcode":"SD15","adm1_name":"Aj Jazirah","adm2_pcode":"SD15035","adm2_name":"Al Kamlin","adm3_pcode":null,"adm3_name":null,"adm4_pcode":null,"adm4_name":null,"name_latin":null},"geometry":{"type":"Polygon","coordinates":[[[33.1605017,15.1093048],[33.1607586,15.110069],[33.1614007,15.1099067],[33.1611205,15.1091921],[33.1605017,15.1093048]]]}},{"type":"Feature","properties":{"id":"way/1101342566","name":null,"name_en":null,"name_ar":null,"amenity":"school","building":null,"operator_type":null,"capacity_persons":null,"addr_full":null,"addr_city":null,"source":null,"adm0_pcode":"SDN","adm0_name":"Sudan","adm1_pcode":"SD15","adm1_name":"Aj Jazirah","adm2_pcode":"SD15035","adm2_name":"Al Kamlin","adm3_pcode":null,"adm3_name":null,"adm4_pcode":null,"adm4_name":null,"name_latin":null},"geometry":{"type":"Polygon","coordinates":[[[33.161744,15.1064686],[33.1619473,15.1072084],[33.1628132,15.1069258],[33.1625368,15.1061762],[33.161744,15.1064686]]]}},{"type":"Feature","properties":{"id":"way/1104103381","name":null,"name_en":null,"name_ar":null,"amenity":"school","building":null,"operator_type":null,"capacity_persons":null,"addr_full":null,"addr_city":null,"source":null,"adm0_pcode":"SDN","adm0_name":"Sudan","adm1_pcode":"SD15","adm1_name":"Aj Jazirah","adm2_pcode":"SD15035","adm2_name":"Al Kamlin","adm3_pcode":null,"adm3_name":null,"adm4_pcode":null,"adm4_name":null,"name_latin":null},"geometry":{"type":"Polygon","coordinates":[[[33.1244661,15.0673284],[33.124149,15.0672644],[33.1241389,15.0673111],[33.124456,15.0673752],[33.1244661,15.0673284]]]}},{"type":"Feature","properties":{"id":"way/1104103382","name":null,"name_en":null,"name_ar":null,"amenity":"school","building":null,"operator_type":null,"capacity_persons":null,"addr_full":null,"addr_city":null,"source":null,"adm0_pcode":"SDN","adm0_name":"Sudan","adm1_pcode":"SD15","adm1_name":"Aj Jazirah","adm2_pcode":"SD15035","adm2_name":"Al Kamlin","adm3_pcode":null,"adm3_name":null,"adm4_pcode":null,"adm4_name":null,"name_latin":null},"geometry":{"type":"Polygon","coordinates":[[[33.1244511,15.0672322],[33.124467,15.0671246],[33.1245317,15.0671334],[33.1245159,15.0672411],[33.1244511,15.0672322]]]}},{"type":"Feature","properties":{"id":"way/1104103380","name":null,"name_en":null,"name_ar":null,"amenity":"school","building":null,"operator_type":null,"capacity_persons":null,"addr_full":null,"addr_city":null,"source":null,"adm0_pcode":"SDN","adm0_name":"Sudan","adm1_pcode":"SD15","adm1_name":"Aj Jazirah","adm2_pcode":"SD15035","adm2_name":"Al Kamlin","adm3_pcode":null,"adm3_name":null,"adm4_pcode":null,"adm4_name":null,"name_latin":null},"geometry":{"type":"Polygon","coordinates":[[[33.1244869,15.067031],[33.1241612,15.0669959],[33.1241544,15.0670545],[33.1244801,15.0670896],[33.1244869,15.067031]]]}},{"type":"Feature","properties":{"id":"way/1104103378","name":null,"name_en":null,"name_ar":null,"amenity":"school","building":null,"operator_type":null,"capacity_persons":null,"addr_full":null,"addr_city":null,"source":null,"adm0_pcode":"SDN","adm0_name":"Sudan","adm1_pcode":"SD15","adm1_name":"Aj Jazirah","adm2_pcode":"SD15035","adm2_name":"Al Kamlin","adm3_pcode":null,"adm3_name":null,"adm4_pcode":null,"adm4_name":null,"name_latin":null},"geometry":{"type":"Polygon","coordinates":[[[33.1245487,15.0666148],[33.1242288,15.0666491],[33.1242345,15.0666987],[33.1245544,15.0666644],[33.1245487,15.0666148]]]}},{"type":"Feature","properties":{"id":"way/1104103383","name":null,"name_en":null,"name_ar":null,"amenity":"school","building":null,"operator_type":null,"capacity_persons":null,"addr_full":null,"addr_city":null,"source":null,"adm0_pcode":"SDN","adm0_name":"Sudan","adm1_pcode":"SD15","adm1_name":"Aj Jazirah","adm2_pcode":"SD15035","adm2_name":"Al Kamlin","adm3_pcode":null,"adm3_name":null,"adm4_pcode":null,"adm4_name":null,"name_latin":null},"geometry":{"type":"Polygon","coordinates":[[[33.1245378,15.0665268],[33.1245361,15.0664805],[33.124578,15.0664791],[33.1245797,15.0665253],[33.1245378,15.0665268]]]}},{"type":"Feature","properties":{"id":"way/1104103379","name":null,"name_en":null,"name_ar":null,"amenity":"school","building":null,"operator_type":null,"capacity_persons":null,"addr_full":null,"addr_city":null,"source":null,"adm0_pcode":"SDN","adm0_name":"Sudan","adm1_pcode":"SD15","adm1_name":"Aj Jazirah","adm2_pcode":"SD15035","adm2_name":"Al Kamlin","adm3_pcode":null,"adm3_name":null,"adm4_pcode":null,"adm4_name":null,"name_latin":null},"geometry":{"type":"Polygon","coordinates":[[[33.1245596,15.0663515],[33.1242015,15.06639],[33.1242075,15.0664424],[33.1245656,15.0664039],[33.1245596,15.0663515]]]}},{"type":"Feature","properties":{"id":"way/1101890819","name":null,"name_en":null,"name_ar":null,"amenity":null,"building":"school","operator_type":null,"capacity_persons":null,"addr_full":null,"addr_city":null,"source":null,"adm0_pcode":"SDN","adm0_name":"Sudan","adm1_pcode":"SD15","adm1_name":"Aj Jazirah","adm2_pcode":"SD15035","adm2_name":"Al Kamlin","adm3_pcode":null,"adm3_name":null,"adm4_pcode":null,"adm4_name":null,"name_latin":null},"geometry":{"type":"Polygon","coordinates":[[[33.0913208,15.0631186],[33.0915706,15.0630994],[33.0915636,15.0630487],[33.0913114,15.0630746],[33.0913208,15.0631186]]]}},{"type":"Feature","properties":{"id":"way/1101890818","name":null,"name_en":null,"name_ar":null,"amenity":null,"building":"school","operator_type":null,"capacity_persons":null,"addr_full":null,"addr_city":null,"source":null,"adm0_pcode":"SDN","adm0_name":"Sudan","adm1_pcode":"SD15","adm1_name":"Aj Jazirah","adm2_pcode":"SD15035","adm2_name":"Al Kamlin","adm3_pcode":null,"adm3_name":null,"adm4_pcode":null,"adm4_name":null,"name_latin":null},"geometry":{"type":"Polygon","coordinates":[[[33.0915313,15.0628926],[33.0916024,15.0628913],[33.0916104,15.0629716],[33.0918049,15.0629418],[33.0917968,15.0628731],[33.0918692,15.0628641],[33.0918639,15.0628071],[33.0917834,15.0628071],[33.0917874,15.0628693],[33.0916225,15.0628874],[33.091601,15.0628434],[33.0915246,15.0628447],[33.0915313,15.0628926]]]}},{"type":"Feature","properties":{"id":"way/1101890814","name":null,"name_en":null,"name_ar":null,"amenity":null,"building":"school","operator_type":null,"capacity_persons":null,"addr_full":null,"addr_city":null,"source":null,"adm0_pcode":"SDN","adm0_name":"Sudan","adm1_pcode":"SD15","adm1_name":"Aj Jazirah","adm2_pcode":"SD15035","adm2_name":"Al Kamlin","adm3_pcode":null,"adm3_name":null,"adm4_pcode":null,"adm4_name":null,"name_latin":null},"geometry":{"type":"Polygon","coordinates":[[[33.0912863,15.062787],[33.0915139,15.0627595],[33.0915241,15.0628184],[33.0912863,15.0628361],[33.0912863,15.062787]]]}},{"type":"Feature","properties":{"id":"way/1101890817","name":null,"name_en":null,"name_ar":null,"amenity":null,"building":"school","operator_type":null,"capacity_persons":null,"addr_full":null,"addr_city":null,"source":null,"adm0_pcode":"SDN","adm0_name":"Sudan","adm1_pcode":"SD15","adm1_name":"Aj Jazirah","adm2_pcode":"SD15035","adm2_name":"Al Kamlin","adm3_pcode":null,"adm3_name":null,"adm4_pcode":null,"adm4_name":null,"name_latin":null},"geometry":{"type":"Polygon","coordinates":[[[33.0917646,15.0626633],[33.0918692,15.0626569],[33.0918706,15.0627048],[33.0917673,15.0627177],[33.0917646,15.0626633]]]}},{"type":"Feature","properties":{"id":"way/1101890815","name":null,"name_en":null,"name_ar":null,"amenity":null,"building":"school","operator_type":null,"capacity_persons":null,"addr_full":null,"addr_city":null,"source":null,"adm0_pcode":"SDN","adm0_name":"Sudan","adm1_pcode":"SD15","adm1_name":"Aj Jazirah","adm2_pcode":"SD15035","adm2_name":"Al Kamlin","adm3_pcode":null,"adm3_name":null,"adm4_pcode":null,"adm4_name":null,"name_latin":null},"geometry":{"type":"Polygon","coordinates":[[[33.0912832,15.0625999],[33.0914884,15.0625792],[33.091487,15.0625351],[33.0912711,15.0625546],[33.0912832,15.0625999]]]}},{"type":"Feature","properties":{"id":"way/1101890816","name":null,"name_en":null,"name_ar":null,"amenity":null,"building":"school","operator_type":null,"capacity_persons":null,"addr_full":null,"addr_city":null,"source":null,"adm0_pcode":"SDN","adm0_name":"Sudan","adm1_pcode":"SD15","adm1_name":"Aj Jazirah","adm2_pcode":"SD15035","adm2_name":"Al Kamlin","adm3_pcode":null,"adm3_name":null,"adm4_pcode":null,"adm4_name":null,"name_latin":null},"geometry":{"type":"Polygon","coordinates":[[[33.0916319,15.0625222],[33.0918706,15.0625105],[33.0918706,15.0625623],[33.0916372,15.0625727],[33.0916319,15.0625222]]]}},{"type":"Feature","properties":{"id":"way/1101685075","name":null,"name_en":null,"name_ar":null,"amenity":null,"building":"school","operator_type":null,"capacity_persons":null,"addr_full":null,"addr_city":null,"source":null,"adm0_pcode":"SDN","adm0_name":"Sudan","adm1_pcode":"SD15","adm1_name":"Aj Jazirah","adm2_pcode":"SD15035","adm2_name":"Al Kamlin","adm3_pcode":null,"adm3_name":null,"adm4_pcode":null,"adm4_name":null,"name_latin":null},"geometry":{"type":"Polygon","coordinates":[[[33.0948497,15.0593438],[33.0951743,15.0592479],[33.0951906,15.0592975],[33.0948661,15.0593911],[33.0948497,15.0593438]]]}},{"type":"Feature","properties":{"id":"way/1101685077","name":null,"name_en":null,"name_ar":null,"amenity":null,"building":"school","operator_type":null,"capacity_persons":null,"addr_full":null,"addr_city":null,"source":null,"adm0_pcode":"SDN","adm0_name":"Sudan","adm1_pcode":"SD15","adm1_name":"Aj Jazirah","adm2_pcode":"SD15035","adm2_name":"Al Kamlin","adm3_pcode":null,"adm3_name":null,"adm4_pcode":null,"adm4_name":null,"name_latin":null},"geometry":{"type":"Polygon","coordinates":[[[33.0949618,15.0592265],[33.0950073,15.0592085],[33.0950178,15.0592445],[33.0949676,15.0592592],[33.0949618,15.0592265]]]}},{"type":"Feature","properties":{"id":"way/1101685076","name":null,"name_en":null,"name_ar":null,"amenity":null,"building":"school","operator_type":null,"capacity_persons":null,"addr_full":null,"addr_city":null,"source":null,"adm0_pcode":"SDN","adm0_name":"Sudan","adm1_pcode":"SD15","adm1_name":"Aj Jazirah","adm2_pcode":"SD15035","adm2_name":"Al Kamlin","adm3_pcode":null,"adm3_name":null,"adm4_pcode":null,"adm4_name":null,"name_latin":null},"geometry":{"type":"Polygon","coordinates":[[[33.0948742,15.0592028],[33.0949221,15.0591859],[33.0949349,15.059222],[33.0948847,15.0592389],[33.0948742,15.0592028]]]}},{"type":"Feature","properties":{"id":"way/1101685073","name":null,"name_en":null,"name_ar":null,"amenity":"school","building":null,"operator_type":null,"capacity_persons":null,"addr_full":null,"addr_city":null,"source":null,"adm0_pcode":"SDN","adm0_name":"Sudan","adm1_pcode":"SD15","adm1_name":"Aj Jazirah","adm2_pcode":"SD15035","adm2_name":"Al Kamlin","adm3_pcode":null,"adm3_name":null,"adm4_pcode":null,"adm4_name":null,"name_latin":null},"geometry":{"type":"Polygon","coordinates":[[[33.094672,15.0595595],[33.0953632,15.0593093],[33.095174,15.0586914],[33.0945039,15.0589575],[33.094672,15.0595595]]]}},{"type":"Feature","properties":{"id":"way/1101685074","name":null,"name_en":null,"name_ar":null,"amenity":null,"building":"school","operator_type":null,"capacity_persons":null,"addr_full":null,"addr_city":null,"source":null,"adm0_pcode":"SDN","adm0_name":"Sudan","adm1_pcode":"SD15","adm1_name":"Aj Jazirah","adm2_pcode":"SD15035","adm2_name":"Al Kamlin","adm3_pcode":null,"adm3_name":null,"adm4_pcode":null,"adm4_name":null,"name_latin":null},"geometry":{"type":"Polygon","coordinates":[[[33.0946828,15.0590912],[33.0951439,15.0589514],[33.0951626,15.0589988],[33.0947003,15.0591442],[33.0946828,15.0590912]]]}},{"type":"Feature","properties":{"id":"way/1104102853","name":null,"name_en":null,"name_ar":null,"amenity":"school","building":null,"operator_type":null,"capacity_persons":null,"addr_full":null,"addr_city":null,"source":null,"adm0_pcode":"SDN","adm0_name":"Sudan","adm1_pcode":"SD15","adm1_name":"Aj Jazirah","adm2_pcode":"SD15035","adm2_name":"Al Kamlin","adm3_pcode":null,"adm3_name":null,"adm4_pcode":null,"adm4_name":null,"name_latin":null},"geometry":{"type":"Polygon","coordinates":[[[32.9398083,15.0389892],[32.9398081,15.0388857],[32.9401803,15.0388851],[32.9401803,15.0388737],[32.9402713,15.0388736],[32.9402713,15.0388854],[32.9402868,15.0388853],[32.9402869,15.0389591],[32.9401699,15.0389593],[32.9401699,15.0389374],[32.940147,15.0389374],[32.9401471,15.0389886],[32.9398083,15.0389892]]]}},{"type":"Feature","properties":{"id":"way/1104102854","name":null,"name_en":null,"name_ar":null,"amenity":"school","building":null,"operator_type":null,"capacity_persons":null,"addr_full":null,"addr_city":null,"source":null,"adm0_pcode":"SDN","adm0_name":"Sudan","adm1_pcode":"SD15","adm1_name":"Aj Jazirah","adm2_pcode":"SD15035","adm2_name":"Al Kamlin","adm3_pcode":null,"adm3_name":null,"adm4_pcode":null,"adm4_name":null,"name_latin":null},"geometry":{"type":"Polygon","coordinates":[[[32.9398011,15.0388481],[32.9398034,15.0387668],[32.9398326,15.0387676],[32.9398303,15.0388489],[32.9398011,15.0388481]]]}},{"type":"Feature","properties":{"id":"way/1104102856","name":null,"name_en":null,"name_ar":null,"amenity":"school","building":null,"operator_type":null,"capacity_persons":null,"addr_full":null,"addr_city":null,"source":null,"adm0_pcode":"SDN","adm0_name":"Sudan","adm1_pcode":"SD15","adm1_name":"Aj Jazirah","adm2_pcode":"SD15035","adm2_name":"Al Kamlin","adm3_pcode":null,"adm3_name":null,"adm4_pcode":null,"adm4_name":null,"name_latin":null},"geometry":{"type":"Polygon","coordinates":[[[32.9397637,15.0391651],[32.9397756,15.0383834],[32.940287,15.0383376],[32.9403143,15.0383569],[32.9404556,15.0389969],[32.9397637,15.0391651]]]}},{"type":"Feature","properties":{"id":"way/1104102855","name":null,"name_en":null,"name_ar":null,"amenity":"school","building":null,"operator_type":null,"capacity_persons":null,"addr_full":null,"addr_city":null,"source":null,"adm0_pcode":"SDN","adm0_name":"Sudan","adm1_pcode":"SD15","adm1_name":"Aj Jazirah","adm2_pcode":"SD15035","adm2_name":"Al Kamlin","adm3_pcode":null,"adm3_name":null,"adm4_pcode":null,"adm4_name":null,"name_latin":null},"geometry":{"type":"Polygon","coordinates":[[[32.9398144,15.0387496],[32.9402226,15.0387146],[32.940215,15.0386326],[32.9398068,15.0386676],[32.9398144,15.0387496]]]}},{"type":"Feature","properties":{"id":"way/888785368","name":"Elmielg High school","name_en":null,"name_ar":null,"amenity":"school","building":null,"operator_type":null,"capacity_persons":null,"addr_full":null,"addr_city":"Elmielg","source":null,"adm0_pcode":"SDN","adm0_name":"Sudan","adm1_pcode":"SD15","adm1_name":"Aj Jazirah","adm2_pcode":"SD15035","adm2_name":"Al Kamlin","adm3_pcode":null,"adm3_name":null,"adm4_pcode":null,"adm4_name":null,"name_latin":"Elmielg High school"},"geometry":{"type":"Polygon","coordinates":[[[33.0991989,15.0150741],[33.0987987,15.0162717],[33.0986268,15.0167862],[33.0992362,15.0169811],[33.1003372,15.0173333],[33.1008676,15.0155798],[33.0991989,15.0150741]]]}},{"type":"Feature","properties":{"id":"way/890848270","name":null,"name_en":null,"name_ar":null,"amenity":null,"building":"school","operator_type":null,"capacity_persons":null,"addr_full":null,"addr_city":null,"source":null,"adm0_pcode":"SDN","adm0_name":"Sudan","adm1_pcode":"SD15","adm1_name":"Aj Jazirah","adm2_pcode":"SD15035","adm2_name":"Al Kamlin","adm3_pcode":null,"adm3_name":null,"adm4_pcode":null,"adm4_name":null,"name_latin":null},"geometry":{"type":"Polygon","coordinates":[[[33.0971471,15.0158877],[33.0976407,15.016039],[33.0976618,15.0159814],[33.097653,15.0159592],[33.0971751,15.0158025],[33.0971471,15.0158877]]]}},{"type":"Feature","properties":{"id":"way/890848269","name":"مدرسة السيدة خديجة الاساسية بنات","name_en":null,"name_ar":null,"amenity":"school","building":null,"operator_type":null,"capacity_persons":null,"addr_full":null,"addr_city":null,"source":null,"adm0_pcode":"SDN","adm0_name":"Sudan","adm1_pcode":"SD15","adm1_name":"Aj Jazirah","adm2_pcode":"SD15035","adm2_name":"Al Kamlin","adm3_pcode":null,"adm3_name":null,"adm4_pcode":null,"adm4_name":null,"name_latin":"mdrs@ lsyd@ khdyj@ lssy@ bnt"},"geometry":{"type":"Polygon","coordinates":[[[33.0968858,15.0160513],[33.0972356,15.0161702],[33.0972999,15.0161935],[33.0973621,15.016212],[33.0978366,15.0163258],[33.097994,15.0159217],[33.0982632,15.0150816],[33.0977642,15.0149021],[33.0973604,15.0147568],[33.0971726,15.0153109],[33.0970503,15.0156385],[33.0968858,15.0160513]]]}},{"type":"Feature","properties":{"id":"relation/12118757","name":"مدرسة ام معبد الاساسية بنات","name_en":null,"name_ar":null,"amenity":"school","building":null,"operator_type":"public","capacity_persons":null,"addr_full":null,"addr_city":null,"source":null,"adm0_pcode":"SDN","adm0_name":"Sudan","adm1_pcode":"SD15","adm1_name":"Aj Jazirah","adm2_pcode":"SD15035","adm2_name":"Al Kamlin","adm3_pcode":null,"adm3_name":null,"adm4_pcode":null,"adm4_name":null,"name_latin":"mdrs@ m m`bd lssy@ bnt"},"geometry":{"type":"Polygon","coordinates":[[[33.0966157,15.0150665],[33.096805,15.0145596],[33.0970704,15.0146442],[33.0971191,15.0146638],[33.0973604,15.0147568],[33.0971726,15.0153109],[33.0966157,15.0150665]]]}},{"type":"Feature","properties":{"id":"relation/12122498","name":"shiekh babiker elementary school","name_en":null,"name_ar":null,"amenity":"school","building":null,"operator_type":null,"capacity_persons":null,"addr_full":null,"addr_city":null,"source":null,"adm0_pcode":"SDN","adm0_name":"Sudan","adm1_pcode":"SD15","adm1_name":"Aj Jazirah","adm2_pcode":"SD15035","adm2_name":"Al Kamlin","adm3_pcode":null,"adm3_name":null,"adm4_pcode":null,"adm4_name":null,"name_latin":"shiekh babiker elementary school"},"geometry":{"type":"Polygon","coordinates":[[[33.0924961,15.015121],[33.0926999,15.0144618],[33.0931881,15.0146354],[33.0930647,15.0152079],[33.0924961,15.015121]]]}},{"type":"Feature","properties":{"id":"way/888785379","name":"Om Habiba girls school","name_en":null,"name_ar":null,"amenity":"school","building":null,"operator_type":null,"capacity_persons":null,"addr_full":null,"addr_city":null,"source":null,"adm0_pcode":"SDN","adm0_name":"Sudan","adm1_pcode":"SD15","adm1_name":"Aj Jazirah","adm2_pcode":"SD15035","adm2_name":"Al Kamlin","adm3_pcode":null,"adm3_name":null,"adm4_pcode":null,"adm4_name":null,"name_latin":"Om Habiba girls school"},"geometry":{"type":"Polygon","coordinates":[[[33.0963101,15.0148782],[33.0952558,15.0150603],[33.0950994,15.0150941],[33.0949217,15.015132],[33.0949338,15.0149736],[33.0948685,15.0149333],[33.0948546,15.014845],[33.0947864,15.0144372],[33.0955232,15.0142821],[33.0955722,15.0141728],[33.0956382,15.0142269],[33.0961951,15.0140793],[33.0962352,15.0143281],[33.096261,15.0145143],[33.0962931,15.0147454],[33.0963054,15.0148343],[33.0963101,15.0148782]]]}},{"type":"Feature","properties":{"id":"way/775628791","name":"al-imam almahadi elementary school","name_en":null,"name_ar":null,"amenity":"school","building":null,"operator_type":null,"capacity_persons":null,"addr_full":null,"addr_city":"Elmielg","source":null,"adm0_pcode":"SDN","adm0_name":"Sudan","adm1_pcode":"SD15","adm1_name":"Aj Jazirah","adm2_pcode":"SD15035","adm2_name":"Al Kamlin","adm3_pcode":null,"adm3_name":null,"adm4_pcode":null,"adm4_name":null,"name_latin":"al-imam almahadi elementary school"},"geometry":{"type":"Polygon","coordinates":[[[33.0930738,15.0137133],[33.0931327,15.0129029],[33.0926975,15.012862],[33.0926922,15.012901],[33.0925529,15.0128831],[33.0923513,15.013635],[33.0930738,15.0137133]]]}},{"type":"Feature","properties":{"id":"way/888785388","name":"Girls High school","name_en":null,"name_ar":null,"amenity":"school","building":null,"operator_type":null,"capacity_persons":null,"addr_full":null,"addr_city":null,"source":null,"adm0_pcode":"SDN","adm0_name":"Sudan","adm1_pcode":"SD15","adm1_name":"Aj Jazirah","adm2_pcode":"SD15035","adm2_name":"Al Kamlin","adm3_pcode":null,"adm3_name":null,"adm4_pcode":null,"adm4_name":null,"name_latin":"Girls High school"},"geometry":{"type":"Polygon","coordinates":[[[33.0935747,15.0132837],[33.0934717,15.0129138],[33.0943293,15.0127255],[33.0944078,15.0130615],[33.0935747,15.0132837]]]}},{"type":"Feature","properties":{"id":"way/891054981","name":"Al Amal private high school","name_en":null,"name_ar":"مدرسة الامل الخاصة","amenity":"school","building":null,"operator_type":null,"capacity_persons":null,"addr_full":null,"addr_city":null,"source":null,"adm0_pcode":"SDN","adm0_name":"Sudan","adm1_pcode":"SD15","adm1_name":"Aj Jazirah","adm2_pcode":"SD15035","adm2_name":"Al Kamlin","adm3_pcode":null,"adm3_name":null,"adm4_pcode":null,"adm4_name":null,"name_latin":"Al Amal private high school"},"geometry":{"type":"Polygon","coordinates":[[[33.0925648,15.0110659],[33.0928094,15.0110515],[33.0927595,15.0104563],[33.0925194,15.0105174],[33.0925648,15.0110659]]]}},{"type":"Feature","properties":{"id":"relation/12118756","name":"Omdurman Islamic University-Elmielg branch","name_en":null,"name_ar":null,"amenity":"university","building":null,"operator_type":"university","capacity_persons":null,"addr_full":null,"addr_city":"Elmielg","source":null,"adm0_pcode":"SDN","adm0_name":"Sudan","adm1_pcode":"SD15","adm1_name":"Aj Jazirah","adm2_pcode":"SD15035","adm2_name":"Al Kamlin","adm3_pcode":null,"adm3_name":null,"adm4_pcode":null,"adm4_name":null,"name_latin":"Omdurman Islamic University-Elmielg branch"},"geometry":{"type":"Polygon","coordinates":[[[33.097587,15.0109554],[33.097589,15.0109779],[33.097591,15.011],[33.097604,15.0112733],[33.0976413,15.0118344],[33.0990878,15.0115916],[33.0990334,15.0091282],[33.0974894,15.0094051],[33.097587,15.0109554]]]}},{"type":"Feature","properties":{"id":"way/1102676736","name":null,"name_en":null,"name_ar":null,"amenity":"school","building":null,"operator_type":null,"capacity_persons":null,"addr_full":null,"addr_city":null,"source":null,"adm0_pcode":"SDN","adm0_name":"Sudan","adm1_pcode":"SD15","adm1_name":"Aj Jazirah","adm2_pcode":"SD15035","adm2_name":"Al Kamlin","adm3_pcode":null,"adm3_name":null,"adm4_pcode":null,"adm4_name":null,"name_latin":null},"geometry":{"type":"Polygon","coordinates":[[[32.9299912,14.9864403],[32.9299667,14.9865269],[32.92975,14.9864697],[32.9297746,14.986383],[32.9299912,14.9864403]]]}},{"type":"Feature","properties":{"id":"way/1102676734","name":null,"name_en":null,"name_ar":null,"amenity":"school","building":null,"operator_type":null,"capacity_persons":null,"addr_full":null,"addr_city":null,"source":null,"adm0_pcode":"SDN","adm0_name":"Sudan","adm1_pcode":"SD15","adm1_name":"Aj Jazirah","adm2_pcode":"SD15035","adm2_name":"Al Kamlin","adm3_pcode":null,"adm3_name":null,"adm4_pcode":null,"adm4_name":null,"name_latin":null},"geometry":{"type":"Polygon","coordinates":[[[32.9295235,14.9862066],[32.9298033,14.98628],[32.9298264,14.9861982],[32.9295466,14.9861247],[32.9295235,14.9862066]]]}},{"type":"Feature","properties":{"id":"way/1102676735","name":null,"name_en":null,"name_ar":null,"amenity":"school","building":null,"operator_type":null,"capacity_persons":null,"addr_full":null,"addr_city":null,"source":null,"adm0_pcode":"SDN","adm0_name":"Sudan","adm1_pcode":"SD15","adm1_name":"Aj Jazirah","adm2_pcode":"SD15035","adm2_name":"Al Kamlin","adm3_pcode":null,"adm3_name":null,"adm4_pcode":null,"adm4_name":null,"name_latin":null},"geometry":{"type":"Polygon","coordinates":[[[32.9298424,14.9861361],[32.9298723,14.9860651],[32.9300668,14.9861414],[32.9300369,14.9862124],[32.9298424,14.9861361]]]}},{"type":"Feature","properties":{"id":"way/1102676742","name":null,"name_en":null,"name_ar":null,"amenity":"school","building":null,"operator_type":null,"capacity_persons":null,"addr_full":null,"addr_city":null,"source":null,"adm0_pcode":"SDN","adm0_name":"Sudan","adm1_pcode":"SD15","adm1_name":"Aj Jazirah","adm2_pcode":"SD15035","adm2_name":"Al Kamlin","adm3_pcode":null,"adm3_name":null,"adm4_pcode":null,"adm4_name":null,"name_latin":null},"geometry":{"type":"Polygon","coordinates":[[[32.9297084,14.9854052],[32.9302501,14.9855191],[32.9302013,14.9857381],[32.9301271,14.985958],[32.9303253,14.9859953],[32.9301549,14.9865842],[32.9297697,14.9864929],[32.9297341,14.9864684],[32.929789,14.9862966],[32.9295074,14.986219],[32.9295837,14.9859363],[32.9297084,14.9854052]]]}},{"type":"Feature","properties":{"id":"way/1102676737","name":null,"name_en":null,"name_ar":null,"amenity":"school","building":null,"operator_type":null,"capacity_persons":null,"addr_full":null,"addr_city":null,"source":null,"adm0_pcode":"SDN","adm0_name":"Sudan","adm1_pcode":"SD15","adm1_name":"Aj Jazirah","adm2_pcode":"SD15035","adm2_name":"Al Kamlin","adm3_pcode":null,"adm3_name":null,"adm4_pcode":null,"adm4_name":null,"name_latin":null},"geometry":{"type":"Polygon","coordinates":[[[32.9297127,14.9859893],[32.9297319,14.9859123],[32.9298409,14.9859376],[32.9298217,14.9860147],[32.9297127,14.9859893]]]}},{"type":"Feature","properties":{"id":"way/1102676739","name":null,"name_en":null,"name_ar":null,"amenity":"school","building":null,"operator_type":null,"capacity_persons":null,"addr_full":null,"addr_city":null,"source":null,"adm0_pcode":"SDN","adm0_name":"Sudan","adm1_pcode":"SD15","adm1_name":"Aj Jazirah","adm2_pcode":"SD15035","adm2_name":"Al Kamlin","adm3_pcode":null,"adm3_name":null,"adm4_pcode":null,"adm4_name":null,"name_latin":null},"geometry":{"type":"Polygon","coordinates":[[[32.9297958,14.9858759],[32.9298108,14.9858268],[32.9298932,14.9858503],[32.9298781,14.9858995],[32.9297958,14.9858759]]]}},{"type":"Feature","properties":{"id":"way/1102676738","name":null,"name_en":null,"name_ar":null,"amenity":"school","building":null,"operator_type":null,"capacity_persons":null,"addr_full":null,"addr_city":null,"source":null,"adm0_pcode":"SDN","adm0_name":"Sudan","adm1_pcode":"SD15","adm1_name":"Aj Jazirah","adm2_pcode":"SD15035","adm2_name":"Al Kamlin","adm3_pcode":null,"adm3_name":null,"adm4_pcode":null,"adm4_name":null,"name_latin":null},"geometry":{"type":"Polygon","coordinates":[[[32.9296666,14.9858454],[32.9296823,14.9857943],[32.9297625,14.9858173],[32.9297468,14.9858684],[32.9296666,14.9858454]]]}},{"type":"Feature","properties":{"id":"way/1102676740","name":null,"name_en":null,"name_ar":null,"amenity":"school","building":null,"operator_type":null,"capacity_persons":null,"addr_full":null,"addr_city":null,"source":null,"adm0_pcode":"SDN","adm0_name":"Sudan","adm1_pcode":"SD15","adm1_name":"Aj Jazirah","adm2_pcode":"SD15035","adm2_name":"Al Kamlin","adm3_pcode":null,"adm3_name":null,"adm4_pcode":null,"adm4_name":null,"name_latin":null},"geometry":{"type":"Polygon","coordinates":[[[32.9299247,14.9855955],[32.9300636,14.9856369],[32.9300518,14.9856741],[32.9300068,14.9856607],[32.9299963,14.9856936],[32.9299397,14.9856767],[32.9299514,14.98564],[32.929914,14.9856289],[32.9299247,14.9855955]]]}},{"type":"Feature","properties":{"id":"way/1102676741","name":null,"name_en":null,"name_ar":null,"amenity":"school","building":null,"operator_type":null,"capacity_persons":null,"addr_full":null,"addr_city":null,"source":null,"adm0_pcode":"SDN","adm0_name":"Sudan","adm1_pcode":"SD15","adm1_name":"Aj Jazirah","adm2_pcode":"SD15035","adm2_name":"Al Kamlin","adm3_pcode":null,"adm3_name":null,"adm4_pcode":null,"adm4_name":null,"name_latin":null},"geometry":{"type":"Polygon","coordinates":[[[32.9301773,14.9855673],[32.9301788,14.9855364],[32.9302106,14.9855379],[32.930209,14.9855687],[32.9301773,14.9855673]]]}},{"type":"Feature","properties":{"id":"way/1103037939","name":null,"name_en":null,"name_ar":null,"amenity":"school","building":null,"operator_type":null,"capacity_persons":null,"addr_full":null,"addr_city":null,"source":null,"adm0_pcode":"SDN","adm0_name":"Sudan","adm1_pcode":"SD15","adm1_name":"Aj Jazirah","adm2_pcode":"SD15034","adm2_name":"Al Hasahisa","adm3_pcode":null,"adm3_name":null,"adm4_pcode":null,"adm4_name":null,"name_latin":null},"geometry":{"type":"Polygon","coordinates":[[[32.7013125,14.9468402],[32.7013466,14.9469007],[32.7015962,14.9467694],[32.7015622,14.9467089],[32.7013125,14.9468402]]]}},{"type":"Feature","properties":{"id":"way/1103037941","name":null,"name_en":null,"name_ar":null,"amenity":"school","building":null,"operator_type":null,"capacity_persons":null,"addr_full":null,"addr_city":null,"source":null,"adm0_pcode":"SDN","adm0_name":"Sudan","adm1_pcode":"SD15","adm1_name":"Aj Jazirah","adm2_pcode":"SD15034","adm2_name":"Al Hasahisa","adm3_pcode":null,"adm3_name":null,"adm4_pcode":null,"adm4_name":null,"name_latin":null},"geometry":{"type":"Polygon","coordinates":[[[32.7012254,14.9467176],[32.7012622,14.9467843],[32.7012976,14.946766],[32.7012863,14.9467456],[32.7013043,14.9467363],[32.7012895,14.9467095],[32.7012715,14.9467188],[32.7012608,14.9466994],[32.7012254,14.9467176]]]}},{"type":"Feature","properties":{"id":"way/1103037940","name":null,"name_en":null,"name_ar":null,"amenity":"school","building":null,"operator_type":null,"capacity_persons":null,"addr_full":null,"addr_city":null,"source":null,"adm0_pcode":"SDN","adm0_name":"Sudan","adm1_pcode":"SD15","adm1_name":"Aj Jazirah","adm2_pcode":"SD15034","adm2_name":"Al Hasahisa","adm3_pcode":null,"adm3_name":null,"adm4_pcode":null,"adm4_name":null,"name_latin":null},"geometry":{"type":"Polygon","coordinates":[[[32.7015909,14.9467129],[32.7016143,14.9467575],[32.7016799,14.9467253],[32.7016565,14.9466807],[32.7015909,14.9467129]]]}},{"type":"Feature","properties":{"id":"way/1103037942","name":null,"name_en":null,"name_ar":null,"amenity":"school","building":null,"operator_type":null,"capacity_persons":null,"addr_full":null,"addr_city":null,"source":null,"adm0_pcode":"SDN","adm0_name":"Sudan","adm1_pcode":"SD15","adm1_name":"Aj Jazirah","adm2_pcode":"SD15034","adm2_name":"Al Hasahisa","adm3_pcode":null,"adm3_name":null,"adm4_pcode":null,"adm4_name":null,"name_latin":null},"geometry":{"type":"Polygon","coordinates":[[[32.7012485,14.9465883],[32.7012638,14.9466263],[32.7014505,14.9465559],[32.7014351,14.9465178],[32.7012485,14.9465883]]]}},{"type":"Feature","properties":{"id":"way/1103037943","name":null,"name_en":null,"name_ar":null,"amenity":"school","building":null,"operator_type":null,"capacity_persons":null,"addr_full":null,"addr_city":null,"source":null,"adm0_pcode":"SDN","adm0_name":"Sudan","adm1_pcode":"SD15","adm1_name":"Aj Jazirah","adm2_pcode":"SD15034","adm2_name":"Al Hasahisa","adm3_pcode":null,"adm3_name":null,"adm4_pcode":null,"adm4_name":null,"name_latin":null},"geometry":{"type":"Polygon","coordinates":[[[32.7014636,14.9465063],[32.7014833,14.9465486],[32.7015661,14.9465126],[32.7015464,14.9464702],[32.7014636,14.9465063]]]}},{"type":"Feature","properties":{"id":"way/1103037944","name":null,"name_en":null,"name_ar":null,"amenity":"school","building":null,"operator_type":null,"capacity_persons":null,"addr_full":null,"addr_city":null,"source":null,"adm0_pcode":"SDN","adm0_name":"Sudan","adm1_pcode":"SD15","adm1_name":"Aj Jazirah","adm2_pcode":"SD15034","adm2_name":"Al Hasahisa","adm3_pcode":null,"adm3_name":null,"adm4_pcode":null,"adm4_name":null,"name_latin":null},"geometry":{"type":"Polygon","coordinates":[[[32.7012693,14.9464208],[32.7012833,14.9464512],[32.7013236,14.9464338],[32.7013096,14.9464034],[32.7012693,14.9464208]]]}},{"type":"Feature","properties":{"id":"way/1103303264","name":null,"name_en":null,"name_ar":null,"amenity":"school","building":null,"operator_type":null,"capacity_persons":null,"addr_full":null,"addr_city":null,"source":null,"adm0_pcode":"SDN","adm0_name":"Sudan","adm1_pcode":"SD15","adm1_name":"Aj Jazirah","adm2_pcode":"SD15034","adm2_name":"Al Hasahisa","adm3_pcode":null,"adm3_name":null,"adm4_pcode":null,"adm4_name":null,"name_latin":null},"geometry":{"type":"Polygon","coordinates":[[[32.6515773,14.9407714],[32.6516445,14.9407319],[32.6516752,14.9407806],[32.651608,14.9408202],[32.6515773,14.9407714]]]}},{"type":"Feature","properties":{"id":"way/1103303263","name":null,"name_en":null,"name_ar":null,"amenity":"school","building":null,"operator_type":null,"capacity_persons":null,"addr_full":null,"addr_city":null,"source":null,"adm0_pcode":"SDN","adm0_name":"Sudan","adm1_pcode":"SD15","adm1_name":"Aj Jazirah","adm2_pcode":"SD15034","adm2_name":"Al Hasahisa","adm3_pcode":null,"adm3_name":null,"adm4_pcode":null,"adm4_name":null,"name_latin":null},"geometry":{"type":"Polygon","coordinates":[[[32.6516509,14.9408271],[32.6519502,14.9406605],[32.6519807,14.9407117],[32.6516814,14.9408783],[32.6516509,14.9408271]]]}},{"type":"Feature","properties":{"id":"way/1103303265","name":null,"name_en":null,"name_ar":null,"amenity":"school","building":null,"operator_type":null,"capacity_persons":null,"addr_full":null,"addr_city":null,"source":null,"adm0_pcode":"SDN","adm0_name":"Sudan","adm1_pcode":"SD15","adm1_name":"Aj Jazirah","adm2_pcode":"SD15034","adm2_name":"Al Hasahisa","adm3_pcode":null,"adm3_name":null,"adm4_pcode":null,"adm4_name":null,"name_latin":null},"geometry":{"type":"Polygon","coordinates":[[[32.6515903,14.9405446],[32.6517359,14.9404803],[32.6517543,14.9405192],[32.6516087,14.9405835],[32.6515903,14.9405446]]]}},{"type":"Feature","properties":{"id":"way/1103303267","name":null,"name_en":null,"name_ar":null,"amenity":"school","building":null,"operator_type":null,"capacity_persons":null,"addr_full":null,"addr_city":null,"source":null,"adm0_pcode":"SDN","adm0_name":"Sudan","adm1_pcode":"SD15","adm1_name":"Aj Jazirah","adm2_pcode":"SD15034","adm2_name":"Al Hasahisa","adm3_pcode":null,"adm3_name":null,"adm4_pcode":null,"adm4_name":null,"name_latin":null},"geometry":{"type":"Polygon","coordinates":[[[32.6520035,14.9405242],[32.652143,14.9404454],[32.6521705,14.9404908],[32.6520309,14.9405696],[32.6520035,14.9405242]]]}},{"type":"Feature","properties":{"id":"way/1103303266","name":null,"name_en":null,"name_ar":null,"amenity":"school","building":null,"operator_type":null,"capacity_persons":null,"addr_full":null,"addr_city":null,"source":null,"adm0_pcode":"SDN","adm0_name":"Sudan","adm1_pcode":"SD15","adm1_name":"Aj Jazirah","adm2_pcode":"SD15034","adm2_name":"Al Hasahisa","adm3_pcode":null,"adm3_name":null,"adm4_pcode":null,"adm4_name":null,"name_latin":null},"geometry":{"type":"Polygon","coordinates":[[[32.6517725,14.9404638],[32.6520251,14.9403494],[32.6520455,14.9403915],[32.651793,14.9405059],[32.6517725,14.9404638]]]}},{"type":"Feature","properties":{"id":"way/1101457862","name":null,"name_en":null,"name_ar":null,"amenity":null,"building":"school","operator_type":null,"capacity_persons":null,"addr_full":null,"addr_city":null,"source":null,"adm0_pcode":"SDN","adm0_name":"Sudan","adm1_pcode":"SD15","adm1_name":"Aj Jazirah","adm2_pcode":"SD15031","adm2_name":"Janub Al Jazirah","adm3_pcode":null,"adm3_name":null,"adm4_pcode":null,"adm4_name":null,"name_latin":null},"geometry":{"type":"Polygon","coordinates":[[[33.282055,14.3760193],[33.2822083,14.3760862],[33.2822309,14.3760378],[33.2820776,14.3759708],[33.282055,14.3760193]]]}},{"type":"Feature","properties":{"id":"way/1101457863","name":null,"name_en":null,"name_ar":null,"amenity":null,"building":"school","operator_type":null,"capacity_persons":null,"addr_full":null,"addr_city":null,"source":null,"adm0_pcode":"SDN","adm0_name":"Sudan","adm1_pcode":"SD15","adm1_name":"Aj Jazirah","adm2_pcode":"SD15031","adm2_name":"Janub Al Jazirah","adm3_pcode":null,"adm3_name":null,"adm4_pcode":null,"adm4_name":null,"name_latin":null},"geometry":{"type":"Polygon","coordinates":[[[33.2822504,14.3761064],[33.2824169,14.376187],[33.2824438,14.3761349],[33.2822773,14.3760543],[33.2822504,14.3761064]]]}},{"type":"Feature","properties":{"id":"way/1101457860","name":null,"name_en":null,"name_ar":null,"amenity":null,"building":"school","operator_type":null,"capacity_persons":null,"addr_full":null,"addr_city":null,"source":null,"adm0_pcode":"SDN","adm0_name":"Sudan","adm1_pcode":"SD15","adm1_name":"Aj Jazirah","adm2_pcode":"SD15031","adm2_name":"Janub Al Jazirah","adm3_pcode":null,"adm3_name":null,"adm4_pcode":null,"adm4_name":null,"name_latin":null},"geometry":{"type":"Polygon","coordinates":[[[33.2819369,14.3762644],[33.2822144,14.3763864],[33.2822329,14.3763469],[33.2819555,14.3762248],[33.2819369,14.3762644]]]}},{"type":"Feature","properties":{"id":"way/1101457861","name":null,"name_en":null,"name_ar":null,"amenity":null,"building":"school","operator_type":null,"capacity_persons":null,"addr_full":null,"addr_city":null,"source":null,"adm0_pcode":"SDN","adm0_name":"Sudan","adm1_pcode":"SD15","adm1_name":"Aj Jazirah","adm2_pcode":"SD15031","adm2_name":"Janub Al Jazirah","adm3_pcode":null,"adm3_name":null,"adm4_pcode":null,"adm4_name":null,"name_latin":null},"geometry":{"type":"Polygon","coordinates":[[[33.2822287,14.3763932],[33.2823034,14.3764279],[33.2823222,14.3763898],[33.2822475,14.3763551],[33.2822287,14.3763932]]]}},{"type":"Feature","properties":{"id":"way/1101481459","name":null,"name_en":null,"name_ar":null,"amenity":"school","building":null,"operator_type":null,"capacity_persons":null,"addr_full":null,"addr_city":null,"source":null,"adm0_pcode":"SDN","adm0_name":"Sudan","adm1_pcode":"SD15","adm1_name":"Aj Jazirah","adm2_pcode":"SD15032","adm2_name":"Um Algura","adm3_pcode":null,"adm3_name":null,"adm4_pcode":null,"adm4_name":null,"name_latin":null},"geometry":{"type":"Polygon","coordinates":[[[33.7328478,14.376785],[33.7332014,14.3768806],[33.7332165,14.3768284],[33.7328629,14.3767327],[33.7328478,14.376785]]]}},{"type":"Feature","properties":{"id":"way/1101481468","name":null,"name_en":null,"name_ar":null,"amenity":"school","building":null,"operator_type":null,"capacity_persons":null,"addr_full":null,"addr_city":null,"source":null,"adm0_pcode":"SDN","adm0_name":"Sudan","adm1_pcode":"SD15","adm1_name":"Aj Jazirah","adm2_pcode":"SD15032","adm2_name":"Um Algura","adm3_pcode":null,"adm3_name":null,"adm4_pcode":null,"adm4_name":null,"name_latin":null},"geometry":{"type":"Polygon","coordinates":[[[33.7325039,14.3771886],[33.732666,14.376552],[33.7334054,14.3767221],[33.7332268,14.3773801],[33.7331918,14.3773692],[33.7325039,14.3771886]]]}},{"type":"Feature","properties":{"id":"way/1101481460","name":null,"name_en":null,"name_ar":null,"amenity":"school","building":null,"operator_type":null,"capacity_persons":null,"addr_full":null,"addr_city":null,"source":null,"adm0_pcode":"SDN","adm0_name":"Sudan","adm1_pcode":"SD15","adm1_name":"Aj Jazirah","adm2_pcode":"SD15032","adm2_name":"Um Algura","adm3_pcode":null,"adm3_name":null,"adm4_pcode":null,"adm4_name":null,"name_latin":null},"geometry":{"type":"Polygon","coordinates":[[[33.732656,14.3770127],[33.7327244,14.3770303],[33.7327489,14.3769411],[33.7326805,14.3769235],[33.732656,14.3770127]]]}},{"type":"Feature","properties":{"id":"way/1101481461","name":null,"name_en":null,"name_ar":null,"amenity":"school","building":null,"operator_type":null,"capacity_persons":null,"addr_full":null,"addr_city":null,"source":null,"adm0_pcode":"SDN","adm0_name":"Sudan","adm1_pcode":"SD15","adm1_name":"Aj Jazirah","adm2_pcode":"SD15032","adm2_name":"Um Algura","adm3_pcode":null,"adm3_name":null,"adm4_pcode":null,"adm4_name":null,"name_latin":null},"geometry":{"type":"Polygon","coordinates":[[[33.7326814,14.3771794],[33.7328279,14.3772184],[33.7328435,14.3771634],[33.7326971,14.3771244],[33.7326814,14.3771794]]]}},{"type":"Feature","properties":{"id":"way/1101481462","name":null,"name_en":null,"name_ar":null,"amenity":"school","building":null,"operator_type":null,"capacity_persons":null,"addr_full":null,"addr_city":null,"source":null,"adm0_pcode":"SDN","adm0_name":"Sudan","adm1_pcode":"SD15","adm1_name":"Aj Jazirah","adm2_pcode":"SD15032","adm2_name":"Um Algura","adm3_pcode":null,"adm3_name":null,"adm4_pcode":null,"adm4_name":null,"name_latin":null},"geometry":{"type":"Polygon","coordinates":[[[33.7329042,14.3772418],[33.7330744,14.3772819],[33.7330868,14.3772323],[33.7329167,14.3771923],[33.7329042,14.3772418]]]}},{"type":"Feature","properties":{"id":"way/1101481466","name":null,"name_en":null,"name_ar":null,"amenity":"school","building":null,"operator_type":null,"capacity_persons":null,"addr_full":null,"addr_city":null,"source":null,"adm0_pcode":"SDN","adm0_name":"Sudan","adm1_pcode":"SD15","adm1_name":"Aj Jazirah","adm2_pcode":"SD15032","adm2_name":"Um Algura","adm3_pcode":null,"adm3_name":null,"adm4_pcode":null,"adm4_name":null,"name_latin":null},"geometry":{"type":"Polygon","coordinates":[[[33.7327056,14.3774855],[33.7330301,14.3775934],[33.7330484,14.3775418],[33.7327239,14.3774338],[33.7327056,14.3774855]]]}},{"type":"Feature","properties":{"id":"way/1101481465","name":null,"name_en":null,"name_ar":null,"amenity":"school","building":null,"operator_type":null,"capacity_persons":null,"addr_full":null,"addr_city":null,"source":null,"adm0_pcode":"SDN","adm0_name":"Sudan","adm1_pcode":"SD15","adm1_name":"Aj Jazirah","adm2_pcode":"SD15032","adm2_name":"Um Algura","adm3_pcode":null,"adm3_name":null,"adm4_pcode":null,"adm4_name":null,"name_latin":null},"geometry":{"type":"Polygon","coordinates":[[[33.732632,14.3776394],[33.7327531,14.3776719],[33.7327843,14.3775628],[33.7326632,14.3775303],[33.732632,14.3776394]]]}},{"type":"Feature","properties":{"id":"way/1101481467","name":null,"name_en":null,"name_ar":null,"amenity":"school","building":null,"operator_type":null,"capacity_persons":null,"addr_full":null,"addr_city":null,"source":null,"adm0_pcode":"SDN","adm0_name":"Sudan","adm1_pcode":"SD15","adm1_name":"Aj Jazirah","adm2_pcode":"SD15032","adm2_name":"Um Algura","adm3_pcode":null,"adm3_name":null,"adm4_pcode":null,"adm4_name":null,"name_latin":null},"geometry":{"type":"Polygon","coordinates":[[[33.7323,14.3778005],[33.7330631,14.3780214],[33.7331905,14.3775654],[33.7331382,14.3775537],[33.7331918,14.3773692],[33.7325039,14.3771886],[33.7323952,14.377277],[33.7323,14.3778005]]]}},{"type":"Feature","properties":{"id":"way/1101481463","name":null,"name_en":null,"name_ar":null,"amenity":"school","building":null,"operator_type":null,"capacity_persons":null,"addr_full":null,"addr_city":null,"source":null,"adm0_pcode":"SDN","adm0_name":"Sudan","adm1_pcode":"SD15","adm1_name":"Aj Jazirah","adm2_pcode":"SD15032","adm2_name":"Um Algura","adm3_pcode":null,"adm3_name":null,"adm4_pcode":null,"adm4_name":null,"name_latin":null},"geometry":{"type":"Polygon","coordinates":[[[33.7325103,14.3778048],[33.7327339,14.377871],[33.7327493,14.3778222],[33.7325257,14.377756],[33.7325103,14.3778048]]]}},{"type":"Feature","properties":{"id":"way/1101481464","name":null,"name_en":null,"name_ar":null,"amenity":"school","building":null,"operator_type":null,"capacity_persons":null,"addr_full":null,"addr_city":null,"source":null,"adm0_pcode":"SDN","adm0_name":"Sudan","adm1_pcode":"SD15","adm1_name":"Aj Jazirah","adm2_pcode":"SD15032","adm2_name":"Um Algura","adm3_pcode":null,"adm3_name":null,"adm4_pcode":null,"adm4_name":null,"name_latin":null},"geometry":{"type":"Polygon","coordinates":[[[33.7327945,14.3778939],[33.7329163,14.3779294],[33.7329333,14.3778747],[33.7328115,14.3778392],[33.7327945,14.3778939]]]}},{"type":"Feature","properties":{"id":"node/13463787304","name":"كلية ودمدني التقنية","name_en":null,"name_ar":null,"amenity":"college","building":null,"operator_type":"university","capacity_persons":null,"addr_full":null,"addr_city":null,"source":null,"adm0_pcode":"SDN","adm0_name":"Sudan","adm1_pcode":"SD15","adm1_name":"Aj Jazirah","adm2_pcode":"SD15031","adm2_name":"Janub Al Jazirah","adm3_pcode":null,"adm3_name":null,"adm4_pcode":null,"adm4_name":null,"name_latin":"kly@ wdmdny ltqny@"},"geometry":{"type":"Point","coordinates":[33.5148416,14.3806417]}},{"type":"Feature","properties":{"id":"way/752971259","name":null,"name_en":null,"name_ar":null,"amenity":null,"building":"university","operator_type":null,"capacity_persons":null,"addr_full":null,"addr_city":null,"source":null,"adm0_pcode":"SDN","adm0_name":"Sudan","adm1_pcode":"SD15","adm1_name":"Aj Jazirah","adm2_pcode":"SD15031","adm2_name":"Janub Al Jazirah","adm3_pcode":null,"adm3_name":null,"adm4_pcode":null,"adm4_name":null,"name_latin":null},"geometry":{"type":"Polygon","coordinates":[[[33.5148531,14.3817494],[33.5162106,14.3815602],[33.5161641,14.3804253],[33.514881,14.3805244],[33.5148531,14.3817494]]]}},{"type":"Feature","properties":{"id":"way/1101197620","name":null,"name_en":null,"name_ar":null,"amenity":"school","building":null,"operator_type":null,"capacity_persons":null,"addr_full":null,"addr_city":null,"source":null,"adm0_pcode":"SDN","adm0_name":"Sudan","adm1_pcode":"SD15","adm1_name":"Aj Jazirah","adm2_pcode":"SD15031","adm2_name":"Janub Al Jazirah","adm3_pcode":null,"adm3_name":null,"adm4_pcode":null,"adm4_name":null,"name_latin":null},"geometry":{"type":"Polygon","coordinates":[[[33.4284635,14.3846564],[33.4284904,14.3846068],[33.4281295,14.3844231],[33.4281026,14.3844726],[33.4284635,14.3846564]]]}},{"type":"Feature","properties":{"id":"node/13447372679","name":"مدرسة قرية علم الهدي","name_en":null,"name_ar":null,"amenity":"school","building":null,"operator_type":"government","capacity_persons":null,"addr_full":null,"addr_city":null,"source":null,"adm0_pcode":"SDN","adm0_name":"Sudan","adm1_pcode":"SD15","adm1_name":"Aj Jazirah","adm2_pcode":"SD15031","adm2_name":"Janub Al Jazirah","adm3_pcode":null,"adm3_name":null,"adm4_pcode":null,"adm4_name":null,"name_latin":"mdrs@ qry@ `lm lhdy"},"geometry":{"type":"Point","coordinates":[33.4281609,14.3846165]}},{"type":"Feature","properties":{"id":"way/1101197621","name":"مدرسة قرية علم الهدي","name_en":null,"name_ar":null,"amenity":"school","building":null,"operator_type":"government","capacity_persons":null,"addr_full":null,"addr_city":null,"source":null,"adm0_pcode":"SDN","adm0_name":"Sudan","adm1_pcode":"SD15","adm1_name":"Aj Jazirah","adm2_pcode":"SD15031","adm2_name":"Janub Al Jazirah","adm3_pcode":null,"adm3_name":null,"adm4_pcode":null,"adm4_name":null,"name_latin":"mdrs@ qry@ `lm lhdy"},"geometry":{"type":"Polygon","coordinates":[[[33.428555,14.3846724],[33.4285801,14.3846234],[33.4285335,14.384601],[33.4285084,14.38465],[33.428555,14.3846724]]]}},{"type":"Feature","properties":{"id":"way/1101197619","name":null,"name_en":null,"name_ar":null,"amenity":"school","building":null,"operator_type":null,"capacity_persons":null,"addr_full":null,"addr_city":null,"source":null,"adm0_pcode":"SDN","adm0_name":"Sudan","adm1_pcode":"SD15","adm1_name":"Aj Jazirah","adm2_pcode":"SD15031","adm2_name":"Janub Al Jazirah","adm3_pcode":null,"adm3_name":null,"adm4_pcode":null,"adm4_name":null,"name_latin":null},"geometry":{"type":"Polygon","coordinates":[[[33.4284321,14.3849387],[33.4286109,14.3846355],[33.4286069,14.384619],[33.4281124,14.3843773],[33.427956,14.3846619],[33.42792,14.3847327],[33.4279604,14.384752],[33.4283969,14.38494],[33.4284321,14.3849387]]]}},{"type":"Feature","properties":{"id":"way/1101197622","name":null,"name_en":null,"name_ar":null,"amenity":"school","building":null,"operator_type":null,"capacity_persons":null,"addr_full":null,"addr_city":null,"source":null,"adm0_pcode":"SDN","adm0_name":"Sudan","adm1_pcode":"SD15","adm1_name":"Aj Jazirah","adm2_pcode":"SD15031","adm2_name":"Janub Al Jazirah","adm3_pcode":null,"adm3_name":null,"adm4_pcode":null,"adm4_name":null,"name_latin":null},"geometry":{"type":"Polygon","coordinates":[[[33.4279604,14.384752],[33.42792,14.3847327],[33.427956,14.3846619],[33.4279964,14.3846812],[33.4279604,14.384752]]]}},{"type":"Feature","properties":{"id":"node/13447336738","name":"روضة قرية علم الهدي","name_en":null,"name_ar":null,"amenity":"kindergarten","building":null,"operator_type":"government","capacity_persons":null,"addr_full":null,"addr_city":null,"source":null,"adm0_pcode":"SDN","adm0_name":"Sudan","adm1_pcode":"SD15","adm1_name":"Aj Jazirah","adm2_pcode":"SD15031","adm2_name":"Janub Al Jazirah","adm3_pcode":null,"adm3_name":null,"adm4_pcode":null,"adm4_name":null,"name_latin":"rwD@ qry@ `lm lhdy"},"geometry":{"type":"Point","coordinates":[33.4278819,14.3848743]}},{"type":"Feature","properties":{"id":"way/1101192757","name":null,"name_en":null,"name_ar":null,"amenity":"school","building":null,"operator_type":null,"capacity_persons":null,"addr_full":null,"addr_city":null,"source":null,"adm0_pcode":"SDN","adm0_name":"Sudan","adm1_pcode":"SD15","adm1_name":"Aj Jazirah","adm2_pcode":"SD15030","adm2_name":"Medani Al Kubra","adm3_pcode":null,"adm3_name":null,"adm4_pcode":null,"adm4_name":null,"name_latin":null},"geometry":{"type":"Polygon","coordinates":[[[33.5092877,14.401128],[33.5091511,14.4011356],[33.509153,14.4011676],[33.5088771,14.4011829],[33.5088743,14.4011348],[33.5088426,14.4011365],[33.508822,14.4007898],[33.5092663,14.4007651],[33.5092877,14.401128]]]}},{"type":"Feature","properties":{"id":"way/1101345649","name":null,"name_en":null,"name_ar":null,"amenity":"school","building":null,"operator_type":null,"capacity_persons":null,"addr_full":null,"addr_city":null,"source":null,"adm0_pcode":"SDN","adm0_name":"Sudan","adm1_pcode":"SD15","adm1_name":"Aj Jazirah","adm2_pcode":"SD15030","adm2_name":"Medani Al Kubra","adm3_pcode":null,"adm3_name":null,"adm4_pcode":null,"adm4_name":null,"name_latin":null},"geometry":{"type":"Polygon","coordinates":[[[33.5026477,14.4050827],[33.5026755,14.4050706],[33.5026464,14.4050076],[33.5026186,14.4050197],[33.5026477,14.4050827]]]}},{"type":"Feature","properties":{"id":"way/1101345647","name":null,"name_en":null,"name_ar":null,"amenity":"school","building":null,"operator_type":null,"capacity_persons":null,"addr_full":null,"addr_city":null,"source":null,"adm0_pcode":"SDN","adm0_name":"Sudan","adm1_pcode":"SD15","adm1_name":"Aj Jazirah","adm2_pcode":"SD15030","adm2_name":"Medani Al Kubra","adm3_pcode":null,"adm3_name":null,"adm4_pcode":null,"adm4_name":null,"name_latin":null},"geometry":{"type":"Polygon","coordinates":[[[33.5027485,14.4051282],[33.5027241,14.4050609],[33.5030034,14.4049662],[33.5030359,14.4050561],[33.5028451,14.4051208],[33.5028369,14.4050982],[33.5027485,14.4051282]]]}},{"type":"Feature","properties":{"id":"way/1101345648","name":null,"name_en":null,"name_ar":null,"amenity":"school","building":null,"operator_type":null,"capacity_persons":null,"addr_full":null,"addr_city":null,"source":null,"adm0_pcode":"SDN","adm0_name":"Sudan","adm1_pcode":"SD15","adm1_name":"Aj Jazirah","adm2_pcode":"SD15030","adm2_name":"Medani Al Kubra","adm3_pcode":null,"adm3_name":null,"adm4_pcode":null,"adm4_name":null,"name_latin":null},"geometry":{"type":"Polygon","coordinates":[[[33.5026987,14.4051234],[33.5026823,14.4050844],[33.5027049,14.4050755],[33.5027213,14.4051144],[33.5026987,14.4051234]]]}},{"type":"Feature","properties":{"id":"way/1101345645","name":null,"name_en":null,"name_ar":null,"amenity":"school","building":null,"operator_type":null,"capacity_persons":null,"addr_full":null,"addr_city":null,"source":null,"adm0_pcode":"SDN","adm0_name":"Sudan","adm1_pcode":"SD15","adm1_name":"Aj Jazirah","adm2_pcode":"SD15030","adm2_name":"Medani Al Kubra","adm3_pcode":null,"adm3_name":null,"adm4_pcode":null,"adm4_name":null,"name_latin":null},"geometry":{"type":"Polygon","coordinates":[[[33.5031055,14.4052779],[33.5030801,14.4052093],[33.5032378,14.4051545],[33.5032633,14.4052231],[33.5031055,14.4052779]]]}},{"type":"Feature","properties":{"id":"way/1101345646","name":null,"name_en":null,"name_ar":null,"amenity":"school","building":null,"operator_type":null,"capacity_persons":null,"addr_full":null,"addr_city":null,"source":null,"adm0_pcode":"SDN","adm0_name":"Sudan","adm1_pcode":"SD15","adm1_name":"Aj Jazirah","adm2_pcode":"SD15030","adm2_name":"Medani Al Kubra","adm3_pcode":null,"adm3_name":null,"adm4_pcode":null,"adm4_name":null,"name_latin":null},"geometry":{"type":"Polygon","coordinates":[[[33.5028084,14.4052742],[33.502786,14.4052011],[33.5028588,14.4051801],[33.5028813,14.4052533],[33.5028084,14.4052742]]]}},{"type":"Feature","properties":{"id":"way/1101345650","name":null,"name_en":null,"name_ar":null,"amenity":"school","building":null,"operator_type":null,"capacity_persons":null,"addr_full":null,"addr_city":null,"source":null,"adm0_pcode":"SDN","adm0_name":"Sudan","adm1_pcode":"SD15","adm1_name":"Aj Jazirah","adm2_pcode":"SD15030","adm2_name":"Medani Al Kubra","adm3_pcode":null,"adm3_name":null,"adm4_pcode":null,"adm4_name":null,"name_latin":null},"geometry":{"type":"Polygon","coordinates":[[[33.5027924,14.4055978],[33.5034388,14.4053536],[33.503388,14.4051941],[33.5029062,14.4048614],[33.5025627,14.4050012],[33.5027924,14.4055978]]]}},{"type":"Feature","properties":{"id":"way/1101345643","name":null,"name_en":null,"name_ar":null,"amenity":"school","building":null,"operator_type":null,"capacity_persons":null,"addr_full":null,"addr_city":null,"source":null,"adm0_pcode":"SDN","adm0_name":"Sudan","adm1_pcode":"SD15","adm1_name":"Aj Jazirah","adm2_pcode":"SD15030","adm2_name":"Medani Al Kubra","adm3_pcode":null,"adm3_name":null,"adm4_pcode":null,"adm4_name":null,"name_latin":null},"geometry":{"type":"Polygon","coordinates":[[[33.5027796,14.4054071],[33.5027516,14.4053424],[33.5029365,14.4052674],[33.5029645,14.4053321],[33.5027796,14.4054071]]]}},{"type":"Feature","properties":{"id":"way/1101345644","name":null,"name_en":null,"name_ar":null,"amenity":"school","building":null,"operator_type":null,"capacity_persons":null,"addr_full":null,"addr_city":null,"source":null,"adm0_pcode":"SDN","adm0_name":"Sudan","adm1_pcode":"SD15","adm1_name":"Aj Jazirah","adm2_pcode":"SD15030","adm2_name":"Medani Al Kubra","adm3_pcode":null,"adm3_name":null,"adm4_pcode":null,"adm4_name":null,"name_latin":null},"geometry":{"type":"Polygon","coordinates":[[[33.5029663,14.405453],[33.5029334,14.4053725],[33.5031584,14.405286],[33.5031914,14.4053666],[33.5029663,14.405453]]]}},{"type":"Feature","properties":{"id":"way/1102154297","name":null,"name_en":null,"name_ar":null,"amenity":"school","building":null,"operator_type":null,"capacity_persons":null,"addr_full":null,"addr_city":null,"source":null,"adm0_pcode":"SDN","adm0_name":"Sudan","adm1_pcode":"SD15","adm1_name":"Aj Jazirah","adm2_pcode":"SD15032","adm2_name":"Um Algura","adm3_pcode":null,"adm3_name":null,"adm4_pcode":null,"adm4_name":null,"name_latin":null},"geometry":{"type":"Polygon","coordinates":[[[33.6673922,14.4065725],[33.6677863,14.40671],[33.6678065,14.4066556],[33.6674124,14.4065181],[33.6673922,14.4065725]]]}},{"type":"Feature","properties":{"id":"way/1102154298","name":null,"name_en":null,"name_ar":null,"amenity":"school","building":null,"operator_type":null,"capacity_persons":null,"addr_full":null,"addr_city":null,"source":null,"adm0_pcode":"SDN","adm0_name":"Sudan","adm1_pcode":"SD15","adm1_name":"Aj Jazirah","adm2_pcode":"SD15032","adm2_name":"Um Algura","adm3_pcode":null,"adm3_name":null,"adm4_pcode":null,"adm4_name":null,"name_latin":null},"geometry":{"type":"Polygon","coordinates":[[[33.6678588,14.4067229],[33.6682535,14.4068618],[33.6682734,14.4068089],[33.6678787,14.4066698],[33.6678588,14.4067229]]]}},{"type":"Feature","properties":{"id":"way/1101440483","name":null,"name_en":null,"name_ar":null,"amenity":"school","building":null,"operator_type":null,"capacity_persons":null,"addr_full":null,"addr_city":null,"source":null,"adm0_pcode":"SDN","adm0_name":"Sudan","adm1_pcode":"SD15","adm1_name":"Aj Jazirah","adm2_pcode":"SD15031","adm2_name":"Janub Al Jazirah","adm3_pcode":null,"adm3_name":null,"adm4_pcode":null,"adm4_name":null,"name_latin":null},"geometry":{"type":"Polygon","coordinates":[[[33.3553124,14.406911],[33.3553655,14.4069406],[33.3554073,14.4068704],[33.3553541,14.4068408],[33.3553124,14.406911]]]}},{"type":"Feature","properties":{"id":"way/1101440482","name":null,"name_en":null,"name_ar":null,"amenity":"school","building":null,"operator_type":null,"capacity_persons":null,"addr_full":null,"addr_city":null,"source":null,"adm0_pcode":"SDN","adm0_name":"Sudan","adm1_pcode":"SD15","adm1_name":"Aj Jazirah","adm2_pcode":"SD15031","adm2_name":"Janub Al Jazirah","adm3_pcode":null,"adm3_name":null,"adm4_pcode":null,"adm4_name":null,"name_latin":null},"geometry":{"type":"Polygon","coordinates":[[[33.3552379,14.407008],[33.3552637,14.4069545],[33.3556259,14.4071178],[33.3557142,14.4069342],[33.3553517,14.4067708],[33.3553765,14.4067193],[33.3557818,14.4069019],[33.3556431,14.4071906],[33.3552379,14.407008]]]}},{"type":"Feature","properties":{"id":"way/1102154295","name":null,"name_en":null,"name_ar":null,"amenity":"school","building":null,"operator_type":null,"capacity_persons":null,"addr_full":null,"addr_city":null,"source":null,"adm0_pcode":"SDN","adm0_name":"Sudan","adm1_pcode":"SD15","adm1_name":"Aj Jazirah","adm2_pcode":"SD15032","adm2_name":"Um Algura","adm3_pcode":null,"adm3_name":null,"adm4_pcode":null,"adm4_name":null,"name_latin":null},"geometry":{"type":"Polygon","coordinates":[[[33.6672795,14.4069062],[33.667642,14.407067],[33.6676661,14.407016],[33.6673036,14.4068552],[33.6672795,14.4069062]]]}},{"type":"Feature","properties":{"id":"way/1102154296","name":null,"name_en":null,"name_ar":null,"amenity":"school","building":null,"operator_type":null,"capacity_persons":null,"addr_full":null,"addr_city":null,"source":null,"adm0_pcode":"SDN","adm0_name":"Sudan","adm1_pcode":"SD15","adm1_name":"Aj Jazirah","adm2_pcode":"SD15032","adm2_name":"Um Algura","adm3_pcode":null,"adm3_name":null,"adm4_pcode":null,"adm4_name":null,"name_latin":null},"geometry":{"type":"Polygon","coordinates":[[[33.6677052,14.4070816],[33.6680798,14.4072521],[33.6680988,14.4072129],[33.6677243,14.4070423],[33.6677052,14.4070816]]]}},{"type":"Feature","properties":{"id":"way/1102154299","name":null,"name_en":null,"name_ar":null,"amenity":"school","building":null,"operator_type":null,"capacity_persons":null,"addr_full":null,"addr_city":null,"source":null,"adm0_pcode":"SDN","adm0_name":"Sudan","adm1_pcode":"SD15","adm1_name":"Aj Jazirah","adm2_pcode":"SD15032","adm2_name":"Um Algura","adm3_pcode":null,"adm3_name":null,"adm4_pcode":null,"adm4_name":null,"name_latin":null},"geometry":{"type":"Polygon","coordinates":[[[33.6669784,14.4077703],[33.6674368,14.4078869],[33.6679376,14.4075989],[33.6682933,14.4068002],[33.6673359,14.4064352],[33.6669784,14.4077703]]]}},{"type":"Feature","properties":{"id":"way/1102154294","name":null,"name_en":null,"name_ar":null,"amenity":"school","building":null,"operator_type":null,"capacity_persons":null,"addr_full":null,"addr_city":null,"source":null,"adm0_pcode":"SDN","adm0_name":"Sudan","adm1_pcode":"SD15","adm1_name":"Aj Jazirah","adm2_pcode":"SD15032","adm2_name":"Um Algura","adm3_pcode":null,"adm3_name":null,"adm4_pcode":null,"adm4_name":null,"name_latin":null},"geometry":{"type":"Polygon","coordinates":[[[33.6673152,14.4074684],[33.6674431,14.4075176],[33.6674593,14.4074779],[33.6673314,14.4074287],[33.6673152,14.4074684]]]}},{"type":"Feature","properties":{"id":"way/1102154293","name":null,"name_en":null,"name_ar":null,"amenity":"school","building":null,"operator_type":null,"capacity_persons":null,"addr_full":null,"addr_city":null,"source":null,"adm0_pcode":"SDN","adm0_name":"Sudan","adm1_pcode":"SD15","adm1_name":"Aj Jazirah","adm2_pcode":"SD15032","adm2_name":"Um Algura","adm3_pcode":null,"adm3_name":null,"adm4_pcode":null,"adm4_name":null,"name_latin":null},"geometry":{"type":"Polygon","coordinates":[[[33.6671078,14.4077406],[33.6674533,14.4078693],[33.6674755,14.4078134],[33.66713,14.4076847],[33.6671078,14.4077406]]]}},{"type":"Feature","properties":{"id":"way/1103039061","name":null,"name_en":null,"name_ar":null,"amenity":"school","building":null,"operator_type":null,"capacity_persons":null,"addr_full":null,"addr_city":null,"source":null,"adm0_pcode":"SDN","adm0_name":"Sudan","adm1_pcode":"SD15","adm1_name":"Aj Jazirah","adm2_pcode":"SD15031","adm2_name":"Janub Al Jazirah","adm3_pcode":null,"adm3_name":null,"adm4_pcode":null,"adm4_name":null,"name_latin":null},"geometry":{"type":"Polygon","coordinates":[[[33.3708321,14.4113606],[33.3708683,14.4113743],[33.3708853,14.4113322],[33.3708955,14.4113361],[33.3708869,14.4113573],[33.371222,14.4114841],[33.3712136,14.411505],[33.3712746,14.4115281],[33.3713093,14.4114422],[33.3708668,14.4112747],[33.3708321,14.4113606]]]}},{"type":"Feature","properties":{"id":"way/1103039060","name":null,"name_en":null,"name_ar":null,"amenity":"school","building":null,"operator_type":null,"capacity_persons":null,"addr_full":null,"addr_city":null,"source":null,"adm0_pcode":"SDN","adm0_name":"Sudan","adm1_pcode":"SD15","adm1_name":"Aj Jazirah","adm2_pcode":"SD15031","adm2_name":"Janub Al Jazirah","adm3_pcode":null,"adm3_name":null,"adm4_pcode":null,"adm4_name":null,"name_latin":null},"geometry":{"type":"Polygon","coordinates":[[[33.3711847,14.4115944],[33.371238,14.4116161],[33.3712588,14.4115684],[33.3712054,14.4115466],[33.3711847,14.4115944]]]}},{"type":"Feature","properties":{"id":"way/1103039059","name":null,"name_en":null,"name_ar":null,"amenity":"school","building":null,"operator_type":null,"capacity_persons":null,"addr_full":null,"addr_city":null,"source":null,"adm0_pcode":"SDN","adm0_name":"Sudan","adm1_pcode":"SD15","adm1_name":"Aj Jazirah","adm2_pcode":"SD15031","adm2_name":"Janub Al Jazirah","adm3_pcode":null,"adm3_name":null,"adm4_pcode":null,"adm4_name":null,"name_latin":null},"geometry":{"type":"Polygon","coordinates":[[[33.3707334,14.4116042],[33.3711664,14.4117759],[33.3711965,14.4117046],[33.3711549,14.4116882],[33.3711459,14.4117095],[33.3708101,14.4115765],[33.3708194,14.4115544],[33.3707638,14.4115323],[33.3707334,14.4116042]]]}},{"type":"Feature","properties":{"id":"way/1103063090","name":null,"name_en":null,"name_ar":null,"amenity":"school","building":null,"operator_type":null,"capacity_persons":null,"addr_full":null,"addr_city":null,"source":null,"adm0_pcode":"SDN","adm0_name":"Sudan","adm1_pcode":"SD15","adm1_name":"Aj Jazirah","adm2_pcode":"SD15030","adm2_name":"Medani Al Kubra","adm3_pcode":null,"adm3_name":null,"adm4_pcode":null,"adm4_name":null,"name_latin":null},"geometry":{"type":"Polygon","coordinates":[[[33.548537,14.4133752],[33.5488788,14.4134933],[33.5488989,14.4134386],[33.5485572,14.4133205],[33.548537,14.4133752]]]}},{"type":"Feature","properties":{"id":"way/1103063097","name":null,"name_en":null,"name_ar":null,"amenity":"school","building":null,"operator_type":null,"capacity_persons":null,"addr_full":null,"addr_city":null,"source":null,"adm0_pcode":"SDN","adm0_name":"Sudan","adm1_pcode":"SD15","adm1_name":"Aj Jazirah","adm2_pcode":"SD15030","adm2_name":"Medani Al Kubra","adm3_pcode":null,"adm3_name":null,"adm4_pcode":null,"adm4_name":null,"name_latin":null},"geometry":{"type":"Polygon","coordinates":[[[33.5489731,14.4135046],[33.5490087,14.4135107],[33.5490139,14.4134824],[33.5489782,14.4134763],[33.5489731,14.4135046]]]}},{"type":"Feature","properties":{"id":"way/1103063094","name":null,"name_en":null,"name_ar":null,"amenity":"school","building":null,"operator_type":null,"capacity_persons":null,"addr_full":null,"addr_city":null,"source":null,"adm0_pcode":"SDN","adm0_name":"Sudan","adm1_pcode":"SD15","adm1_name":"Aj Jazirah","adm2_pcode":"SD15030","adm2_name":"Medani Al Kubra","adm3_pcode":null,"adm3_name":null,"adm4_pcode":null,"adm4_name":null,"name_latin":null},"geometry":{"type":"Polygon","coordinates":[[[33.5481524,14.4135835],[33.5482118,14.4136045],[33.5482402,14.413529],[33.5481807,14.413508],[33.5481524,14.4135835]]]}},{"type":"Feature","properties":{"id":"way/1103063095","name":null,"name_en":null,"name_ar":null,"amenity":"school","building":null,"operator_type":null,"capacity_persons":null,"addr_full":null,"addr_city":null,"source":null,"adm0_pcode":"SDN","adm0_name":"Sudan","adm1_pcode":"SD15","adm1_name":"Aj Jazirah","adm2_pcode":"SD15030","adm2_name":"Medani Al Kubra","adm3_pcode":null,"adm3_name":null,"adm4_pcode":null,"adm4_name":null,"name_latin":null},"geometry":{"type":"Polygon","coordinates":[[[33.5482582,14.4135961],[33.5482706,14.4136058],[33.5482452,14.4136363],[33.5482885,14.4136701],[33.5483172,14.4136355],[33.548309,14.4136291],[33.5483405,14.4135911],[33.5482931,14.4135541],[33.5482582,14.4135961]]]}},{"type":"Feature","properties":{"id":"way/1103063096","name":null,"name_en":null,"name_ar":null,"amenity":"school","building":null,"operator_type":null,"capacity_persons":null,"addr_full":null,"addr_city":null,"source":null,"adm0_pcode":"SDN","adm0_name":"Sudan","adm1_pcode":"SD15","adm1_name":"Aj Jazirah","adm2_pcode":"SD15030","adm2_name":"Medani Al Kubra","adm3_pcode":null,"adm3_name":null,"adm4_pcode":null,"adm4_name":null,"name_latin":null},"geometry":{"type":"Polygon","coordinates":[[[33.5490211,14.4134846],[33.5487479,14.4142216],[33.5480171,14.4139193],[33.5483013,14.4131608],[33.5490211,14.4134846]]]}},{"type":"Feature","properties":{"id":"way/1103063089","name":null,"name_en":null,"name_ar":null,"amenity":"school","building":null,"operator_type":null,"capacity_persons":null,"addr_full":null,"addr_city":null,"source":null,"adm0_pcode":"SDN","adm0_name":"Sudan","adm1_pcode":"SD15","adm1_name":"Aj Jazirah","adm2_pcode":"SD15030","adm2_name":"Medani Al Kubra","adm3_pcode":null,"adm3_name":null,"adm4_pcode":null,"adm4_name":null,"name_latin":null},"geometry":{"type":"Polygon","coordinates":[[[33.5483947,14.4136576],[33.548777,14.4137997],[33.5487955,14.4137529],[33.5484132,14.4136109],[33.5483947,14.4136576]]]}},{"type":"Feature","properties":{"id":"way/1103063091","name":null,"name_en":null,"name_ar":null,"amenity":"school","building":null,"operator_type":null,"capacity_persons":null,"addr_full":null,"addr_city":null,"source":null,"adm0_pcode":"SDN","adm0_name":"Sudan","adm1_pcode":"SD15","adm1_name":"Aj Jazirah","adm2_pcode":"SD15030","adm2_name":"Medani Al Kubra","adm3_pcode":null,"adm3_name":null,"adm4_pcode":null,"adm4_name":null,"name_latin":null},"geometry":{"type":"Polygon","coordinates":[[[33.5487991,14.4139721],[33.5488329,14.4139843],[33.5488531,14.4139314],[33.5488194,14.4139193],[33.5487991,14.4139721]]]}},{"type":"Feature","properties":{"id":"way/1103063093","name":null,"name_en":null,"name_ar":null,"amenity":"school","building":null,"operator_type":null,"capacity_persons":null,"addr_full":null,"addr_city":null,"source":null,"adm0_pcode":"SDN","adm0_name":"Sudan","adm1_pcode":"SD15","adm1_name":"Aj Jazirah","adm2_pcode":"SD15030","adm2_name":"Medani Al Kubra","adm3_pcode":null,"adm3_name":null,"adm4_pcode":null,"adm4_name":null,"name_latin":null},"geometry":{"type":"Polygon","coordinates":[[[33.5487329,14.4141121],[33.5487778,14.4141288],[33.548793,14.4140905],[33.5487481,14.4140738],[33.5487329,14.4141121]]]}},{"type":"Feature","properties":{"id":"way/1103063092","name":null,"name_en":null,"name_ar":null,"amenity":"school","building":null,"operator_type":null,"capacity_persons":null,"addr_full":null,"addr_city":null,"source":null,"adm0_pcode":"SDN","adm0_name":"Sudan","adm1_pcode":"SD15","adm1_name":"Aj Jazirah","adm2_pcode":"SD15030","adm2_name":"Medani Al Kubra","adm3_pcode":null,"adm3_name":null,"adm4_pcode":null,"adm4_name":null,"name_latin":null},"geometry":{"type":"Polygon","coordinates":[[[33.5486583,14.4141784],[33.5487175,14.4142002],[33.5487328,14.4141613],[33.5486735,14.4141395],[33.5486583,14.4141784]]]}},{"type":"Feature","properties":{"id":"node/2940452657","name":"Hantoob","name_en":null,"name_ar":null,"amenity":"school","building":null,"operator_type":null,"capacity_persons":null,"addr_full":null,"addr_city":null,"source":null,"adm0_pcode":"SDN","adm0_name":"Sudan","adm1_pcode":"SD15","adm1_name":"Aj Jazirah","adm2_pcode":"SD15030","adm2_name":"Medani Al Kubra","adm3_pcode":null,"adm3_name":null,"adm4_pcode":null,"adm4_name":null,"name_latin":"Hantoob"},"geometry":{"type":"Point","coordinates":[33.5268076,14.4190377]}},{"type":"Feature","properties":{"id":"way/742155496","name":"مدرسة المكي للاساس بنين","name_en":null,"name_ar":null,"amenity":"school","building":null,"operator_type":null,"capacity_persons":null,"addr_full":null,"addr_city":null,"source":null,"adm0_pcode":"SDN","adm0_name":"Sudan","adm1_pcode":"SD15","adm1_name":"Aj Jazirah","adm2_pcode":"SD15030","adm2_name":"Medani Al Kubra","adm3_pcode":null,"adm3_name":null,"adm4_pcode":null,"adm4_name":null,"name_latin":"mdrs@ lmky llss bnyn"},"geometry":{"type":"Polygon","coordinates":[[[33.5580706,14.4205529],[33.5582074,14.42001],[33.557451,14.4198099],[33.5573169,14.420371],[33.5580706,14.4205529]]]}},{"type":"Feature","properties":{"id":"way/1101517722","name":null,"name_en":null,"name_ar":null,"amenity":null,"building":"school","operator_type":null,"capacity_persons":null,"addr_full":null,"addr_city":null,"source":null,"adm0_pcode":"SDN","adm0_name":"Sudan","adm1_pcode":"SD15","adm1_name":"Aj Jazirah","adm2_pcode":"SD15030","adm2_name":"Medani Al Kubra","adm3_pcode":null,"adm3_name":null,"adm4_pcode":null,"adm4_name":null,"name_latin":null},"geometry":{"type":"Polygon","coordinates":[[[33.6053422,14.4208499],[33.6054187,14.4208784],[33.6054374,14.4208642],[33.6055005,14.4208914],[33.6055233,14.4208772],[33.6056078,14.4209109],[33.6056172,14.4209304],[33.6056869,14.4209577],[33.605766,14.4209914],[33.6057808,14.4209421],[33.605703,14.4209057],[33.6056386,14.420881],[33.6056306,14.4208655],[33.6055367,14.420833],[33.6055179,14.4208434],[33.6054415,14.4208187],[33.6054227,14.4208343],[33.6053597,14.4208005],[33.6053422,14.4208499]]]}},{"type":"Feature","properties":{"id":"way/1101517720","name":null,"name_en":null,"name_ar":null,"amenity":null,"building":"school","operator_type":null,"capacity_persons":null,"addr_full":null,"addr_city":null,"source":null,"adm0_pcode":"SDN","adm0_name":"Sudan","adm1_pcode":"SD15","adm1_name":"Aj Jazirah","adm2_pcode":"SD15030","adm2_name":"Medani Al Kubra","adm3_pcode":null,"adm3_name":null,"adm4_pcode":null,"adm4_name":null,"name_latin":null},"geometry":{"type":"Polygon","coordinates":[[[33.6051207,14.4212051],[33.6057171,14.4214262],[33.6059277,14.4208229],[33.6053189,14.4206327],[33.6051207,14.4212051]]]}},{"type":"Feature","properties":{"id":"way/1101517721","name":null,"name_en":null,"name_ar":null,"amenity":null,"building":"school","operator_type":null,"capacity_persons":null,"addr_full":null,"addr_city":null,"source":null,"adm0_pcode":"SDN","adm0_name":"Sudan","adm1_pcode":"SD15","adm1_name":"Aj Jazirah","adm2_pcode":"SD15030","adm2_name":"Medani Al Kubra","adm3_pcode":null,"adm3_name":null,"adm4_pcode":null,"adm4_name":null,"name_latin":null},"geometry":{"type":"Polygon","coordinates":[[[33.6052484,14.4211356],[33.6056654,14.4212746],[33.6056547,14.4213201],[33.6055863,14.421298],[33.6055702,14.4213084],[33.6054965,14.4212863],[33.605479,14.4212928],[33.6053798,14.4212538],[33.6053784,14.4212408],[33.605306,14.4212162],[33.6052336,14.4211837],[33.6052484,14.4211356]]]}},{"type":"Feature","properties":{"id":"way/1105422962","name":null,"name_en":null,"name_ar":null,"amenity":"school","building":null,"operator_type":null,"capacity_persons":null,"addr_full":null,"addr_city":null,"source":null,"adm0_pcode":"SDN","adm0_name":"Sudan","adm1_pcode":"SD15","adm1_name":"Aj Jazirah","adm2_pcode":"SD15030","adm2_name":"Medani Al Kubra","adm3_pcode":null,"adm3_name":null,"adm4_pcode":null,"adm4_name":null,"name_latin":null},"geometry":{"type":"Polygon","coordinates":[[[33.5284192,14.4216913],[33.5284455,14.4217327],[33.5288045,14.4215187],[33.5287782,14.4214774],[33.5284192,14.4216913]]]}},{"type":"Feature","properties":{"id":"way/290520369","name":null,"name_en":null,"name_ar":null,"amenity":"school","building":null,"operator_type":null,"capacity_persons":null,"addr_full":null,"addr_city":null,"source":null,"adm0_pcode":"SDN","adm0_name":"Sudan","adm1_pcode":"SD15","adm1_name":"Aj Jazirah","adm2_pcode":"SD15030","adm2_name":"Medani Al Kubra","adm3_pcode":null,"adm3_name":null,"adm4_pcode":null,"adm4_name":null,"name_latin":null},"geometry":{"type":"Polygon","coordinates":[[[33.5287245,14.4218631],[33.5287599,14.4219189],[33.5288096,14.4218893],[33.5288258,14.4219148],[33.5289979,14.4218125],[33.5289464,14.4217312],[33.5287245,14.4218631]]]}},{"type":"Feature","properties":{"id":"node/1877460043","name":"University of Gezira","name_en":null,"name_ar":null,"amenity":"college","building":null,"operator_type":null,"capacity_persons":null,"addr_full":null,"addr_city":null,"source":null,"adm0_pcode":"SDN","adm0_name":"Sudan","adm1_pcode":"SD15","adm1_name":"Aj Jazirah","adm2_pcode":"SD15030","adm2_name":"Medani Al Kubra","adm3_pcode":null,"adm3_name":null,"adm4_pcode":null,"adm4_name":null,"name_latin":"University of Gezira"},"geometry":{"type":"Point","coordinates":[33.4940106,14.4323112]}},{"type":"Feature","properties":{"id":"way/1101196498","name":null,"name_en":null,"name_ar":null,"amenity":"school","building":null,"operator_type":null,"capacity_persons":null,"addr_full":null,"addr_city":null,"source":null,"adm0_pcode":"SDN","adm0_name":"Sudan","adm1_pcode":"SD15","adm1_name":"Aj Jazirah","adm2_pcode":"SD15032","adm2_name":"Um Algura","adm3_pcode":null,"adm3_name":null,"adm4_pcode":null,"adm4_name":null,"name_latin":null},"geometry":{"type":"Polygon","coordinates":[[[33.6549173,14.4336912],[33.654941,14.433645],[33.6546178,14.4334896],[33.6545941,14.4335357],[33.6549173,14.4336912]]]}},{"type":"Feature","properties":{"id":"way/1101196499","name":null,"name_en":null,"name_ar":null,"amenity":"school","building":null,"operator_type":null,"capacity_persons":null,"addr_full":null,"addr_city":null,"source":null,"adm0_pcode":"SDN","adm0_name":"Sudan","adm1_pcode":"SD15","adm1_name":"Aj Jazirah","adm2_pcode":"SD15032","adm2_name":"Um Algura","adm3_pcode":null,"adm3_name":null,"adm4_pcode":null,"adm4_name":null,"name_latin":null},"geometry":{"type":"Polygon","coordinates":[[[33.6544561,14.4337694],[33.6544799,14.4337183],[33.6545655,14.4335244],[33.6545941,14.4335357],[33.6546178,14.4334896],[33.654941,14.433645],[33.6549173,14.4336912],[33.6548236,14.4338689],[33.6548026,14.4338595],[33.6547789,14.4339105],[33.6544561,14.4337694]]]}},{"type":"Feature","properties":{"id":"way/1101196497","name":null,"name_en":null,"name_ar":null,"amenity":"school","building":null,"operator_type":null,"capacity_persons":null,"addr_full":null,"addr_city":null,"source":null,"adm0_pcode":"SDN","adm0_name":"Sudan","adm1_pcode":"SD15","adm1_name":"Aj Jazirah","adm2_pcode":"SD15032","adm2_name":"Um Algura","adm3_pcode":null,"adm3_name":null,"adm4_pcode":null,"adm4_name":null,"name_latin":null},"geometry":{"type":"Polygon","coordinates":[[[33.6547789,14.4339105],[33.6548026,14.4338595],[33.6544799,14.4337183],[33.6544561,14.4337694],[33.6547789,14.4339105]]]}},{"type":"Feature","properties":{"id":"way/1103024037","name":null,"name_en":null,"name_ar":null,"amenity":"school","building":null,"operator_type":null,"capacity_persons":null,"addr_full":null,"addr_city":null,"source":null,"adm0_pcode":"SDN","adm0_name":"Sudan","adm1_pcode":"SD15","adm1_name":"Aj Jazirah","adm2_pcode":"SD15031","adm2_name":"Janub Al Jazirah","adm3_pcode":null,"adm3_name":null,"adm4_pcode":null,"adm4_name":null,"name_latin":null},"geometry":{"type":"Polygon","coordinates":[[[33.4138535,14.4521332],[33.4138916,14.4520875],[33.4137804,14.4520005],[33.4137423,14.4520462],[33.4138535,14.4521332]]]}},{"type":"Feature","properties":{"id":"way/1103024036","name":null,"name_en":null,"name_ar":null,"amenity":"school","building":null,"operator_type":null,"capacity_persons":null,"addr_full":null,"addr_city":null,"source":null,"adm0_pcode":"SDN","adm0_name":"Sudan","adm1_pcode":"SD15","adm1_name":"Aj Jazirah","adm2_pcode":"SD15031","adm2_name":"Janub Al Jazirah","adm3_pcode":null,"adm3_name":null,"adm4_pcode":null,"adm4_name":null,"name_latin":null},"geometry":{"type":"Polygon","coordinates":[[[33.4140595,14.4522864],[33.4139466,14.4522026],[33.4139869,14.4521518],[33.4140998,14.4522356],[33.4140595,14.4522864]]]}},{"type":"Feature","properties":{"id":"way/1103024039","name":null,"name_en":null,"name_ar":null,"amenity":"school","building":null,"operator_type":null,"capacity_persons":null,"addr_full":null,"addr_city":null,"source":null,"adm0_pcode":"SDN","adm0_name":"Sudan","adm1_pcode":"SD15","adm1_name":"Aj Jazirah","adm2_pcode":"SD15031","adm2_name":"Janub Al Jazirah","adm3_pcode":null,"adm3_name":null,"adm4_pcode":null,"adm4_name":null,"name_latin":null},"geometry":{"type":"Polygon","coordinates":[[[33.413606,14.4521888],[33.4138278,14.4523359],[33.4137914,14.4523873],[33.4135696,14.4522402],[33.413606,14.4521888]]]}},{"type":"Feature","properties":{"id":"way/1103024035","name":null,"name_en":null,"name_ar":null,"amenity":"school","building":null,"operator_type":null,"capacity_persons":null,"addr_full":null,"addr_city":null,"source":null,"adm0_pcode":"SDN","adm0_name":"Sudan","adm1_pcode":"SD15","adm1_name":"Aj Jazirah","adm2_pcode":"SD15031","adm2_name":"Janub Al Jazirah","adm3_pcode":null,"adm3_name":null,"adm4_pcode":null,"adm4_name":null,"name_latin":null},"geometry":{"type":"Polygon","coordinates":[[[33.4137769,14.4519781],[33.413549,14.4522423],[33.4141895,14.4526485],[33.4143791,14.4523854],[33.4137769,14.4519781]]]}},{"type":"Feature","properties":{"id":"way/1103024038","name":null,"name_en":null,"name_ar":null,"amenity":"school","building":null,"operator_type":null,"capacity_persons":null,"addr_full":null,"addr_city":null,"source":null,"adm0_pcode":"SDN","adm0_name":"Sudan","adm1_pcode":"SD15","adm1_name":"Aj Jazirah","adm2_pcode":"SD15031","adm2_name":"Janub Al Jazirah","adm3_pcode":null,"adm3_name":null,"adm4_pcode":null,"adm4_name":null,"name_latin":null},"geometry":{"type":"Polygon","coordinates":[[[33.4139766,14.4524353],[33.413845,14.4523418],[33.4138111,14.4523864],[33.4139319,14.4524723],[33.4139766,14.4524353]]]}},{"type":"Feature","properties":{"id":"way/1101637554","name":null,"name_en":null,"name_ar":null,"amenity":"school","building":null,"operator_type":null,"capacity_persons":null,"addr_full":null,"addr_city":null,"source":null,"adm0_pcode":"SDN","adm0_name":"Sudan","adm1_pcode":"SD15","adm1_name":"Aj Jazirah","adm2_pcode":"SD15030","adm2_name":"Medani Al Kubra","adm3_pcode":null,"adm3_name":null,"adm4_pcode":null,"adm4_name":null,"name_latin":null},"geometry":{"type":"Polygon","coordinates":[[[33.4699209,14.4533477],[33.4699886,14.4533794],[33.4700783,14.4531998],[33.4696797,14.4530132],[33.4696465,14.4530796],[33.4699774,14.4532346],[33.4699209,14.4533477]]]}},{"type":"Feature","properties":{"id":"way/1101637556","name":null,"name_en":null,"name_ar":null,"amenity":"school","building":null,"operator_type":null,"capacity_persons":null,"addr_full":null,"addr_city":null,"source":null,"adm0_pcode":"SDN","adm0_name":"Sudan","adm1_pcode":"SD15","adm1_name":"Aj Jazirah","adm2_pcode":"SD15030","adm2_name":"Medani Al Kubra","adm3_pcode":null,"adm3_name":null,"adm4_pcode":null,"adm4_name":null,"name_latin":null},"geometry":{"type":"Polygon","coordinates":[[[33.4700519,14.4533722],[33.4701006,14.4534],[33.4701344,14.4533444],[33.4700857,14.4533167],[33.4700519,14.4533722]]]}},{"type":"Feature","properties":{"id":"way/1101637557","name":null,"name_en":null,"name_ar":null,"amenity":"school","building":null,"operator_type":null,"capacity_persons":null,"addr_full":null,"addr_city":null,"source":null,"adm0_pcode":"SDN","adm0_name":"Sudan","adm1_pcode":"SD15","adm1_name":"Aj Jazirah","adm2_pcode":"SD15030","adm2_name":"Medani Al Kubra","adm3_pcode":null,"adm3_name":null,"adm4_pcode":null,"adm4_name":null,"name_latin":null},"geometry":{"type":"Polygon","coordinates":[[[33.4694962,14.4533583],[33.4695288,14.4532946],[33.4697051,14.4533793],[33.4696726,14.4534429],[33.4694962,14.4533583]]]}},{"type":"Feature","properties":{"id":"way/1101637555","name":null,"name_en":null,"name_ar":null,"amenity":"school","building":null,"operator_type":null,"capacity_persons":null,"addr_full":null,"addr_city":null,"source":null,"adm0_pcode":"SDN","adm0_name":"Sudan","adm1_pcode":"SD15","adm1_name":"Aj Jazirah","adm2_pcode":"SD15030","adm2_name":"Medani Al Kubra","adm3_pcode":null,"adm3_name":null,"adm4_pcode":null,"adm4_name":null,"name_latin":null},"geometry":{"type":"Polygon","coordinates":[[[33.4701104,14.4534689],[33.470157,14.4533594],[33.4702274,14.4533874],[33.4701992,14.4534539],[33.4702943,14.4534917],[33.470276,14.4535348],[33.4701104,14.4534689]]]}},{"type":"Feature","properties":{"id":"way/1101637559","name":null,"name_en":null,"name_ar":null,"amenity":"school","building":null,"operator_type":null,"capacity_persons":null,"addr_full":null,"addr_city":null,"source":null,"adm0_pcode":"SDN","adm0_name":"Sudan","adm1_pcode":"SD15","adm1_name":"Aj Jazirah","adm2_pcode":"SD15030","adm2_name":"Medani Al Kubra","adm3_pcode":null,"adm3_name":null,"adm4_pcode":null,"adm4_name":null,"name_latin":null},"geometry":{"type":"Polygon","coordinates":[[[33.4699988,14.4535886],[33.4700091,14.4535564],[33.4700714,14.4535751],[33.4700611,14.4536072],[33.4699988,14.4535886]]]}},{"type":"Feature","properties":{"id":"way/1101637560","name":null,"name_en":null,"name_ar":null,"amenity":"school","building":null,"operator_type":null,"capacity_persons":null,"addr_full":null,"addr_city":null,"source":null,"adm0_pcode":"SDN","adm0_name":"Sudan","adm1_pcode":"SD15","adm1_name":"Aj Jazirah","adm2_pcode":"SD15030","adm2_name":"Medani Al Kubra","adm3_pcode":null,"adm3_name":null,"adm4_pcode":null,"adm4_name":null,"name_latin":null},"geometry":{"type":"Polygon","coordinates":[[[33.4700744,14.4537087],[33.470082,14.4536682],[33.4701593,14.4536817],[33.4701518,14.4537221],[33.4700744,14.4537087]]]}},{"type":"Feature","properties":{"id":"way/1101637558","name":null,"name_en":null,"name_ar":null,"amenity":"school","building":null,"operator_type":null,"capacity_persons":null,"addr_full":null,"addr_city":null,"source":null,"adm0_pcode":"SDN","adm0_name":"Sudan","adm1_pcode":"SD15","adm1_name":"Aj Jazirah","adm2_pcode":"SD15030","adm2_name":"Medani Al Kubra","adm3_pcode":null,"adm3_name":null,"adm4_pcode":null,"adm4_name":null,"name_latin":null},"geometry":{"type":"Polygon","coordinates":[[[33.4698848,14.453902],[33.4699644,14.4539375],[33.4700106,14.4538405],[33.469931,14.453805],[33.4698848,14.453902]]]}},{"type":"Feature","properties":{"id":"way/1102368172","name":null,"name_en":null,"name_ar":null,"amenity":null,"building":"school","operator_type":null,"capacity_persons":null,"addr_full":null,"addr_city":null,"source":null,"adm0_pcode":"SDN","adm0_name":"Sudan","adm1_pcode":"SD15","adm1_name":"Aj Jazirah","adm2_pcode":"SD15030","adm2_name":"Medani Al Kubra","adm3_pcode":null,"adm3_name":null,"adm4_pcode":null,"adm4_name":null,"name_latin":null},"geometry":{"type":"Polygon","coordinates":[[[33.7358115,14.0705822],[33.7359862,14.0706199],[33.7359957,14.0705785],[33.735821,14.0705409],[33.7358115,14.0705822]]]}},{"type":"Feature","properties":{"id":"way/1102368169","name":null,"name_en":null,"name_ar":null,"amenity":"school","building":null,"operator_type":null,"capacity_persons":null,"addr_full":null,"addr_city":null,"source":null,"adm0_pcode":"SDN","adm0_name":"Sudan","adm1_pcode":"SD15","adm1_name":"Aj Jazirah","adm2_pcode":"SD15030","adm2_name":"Medani Al Kubra","adm3_pcode":null,"adm3_name":null,"adm4_pcode":null,"adm4_name":null,"name_latin":null},"geometry":{"type":"Polygon","coordinates":[[[33.7354273,14.0709424],[33.7361815,14.0711376],[33.7362303,14.071043],[33.7362425,14.0709878],[33.7363339,14.0705934],[33.7355432,14.0704751],[33.7354273,14.0709424]]]}},{"type":"Feature","properties":{"id":"way/1102368170","name":null,"name_en":null,"name_ar":null,"amenity":null,"building":"school","operator_type":null,"capacity_persons":null,"addr_full":null,"addr_city":null,"source":null,"adm0_pcode":"SDN","adm0_name":"Sudan","adm1_pcode":"SD15","adm1_name":"Aj Jazirah","adm2_pcode":"SD15030","adm2_name":"Medani Al Kubra","adm3_pcode":null,"adm3_name":null,"adm4_pcode":null,"adm4_name":null,"name_latin":null},"geometry":{"type":"Polygon","coordinates":[[[33.7357108,14.0709481],[33.7360417,14.0710305],[33.7360531,14.0709874],[33.7357222,14.0709051],[33.7357108,14.0709481]]]}},{"type":"Feature","properties":{"id":"way/1102368171","name":null,"name_en":null,"name_ar":null,"amenity":null,"building":"school","operator_type":null,"capacity_persons":null,"addr_full":null,"addr_city":null,"source":null,"adm0_pcode":"SDN","adm0_name":"Sudan","adm1_pcode":"SD15","adm1_name":"Aj Jazirah","adm2_pcode":"SD15030","adm2_name":"Medani Al Kubra","adm3_pcode":null,"adm3_name":null,"adm4_pcode":null,"adm4_name":null,"name_latin":null},"geometry":{"type":"Polygon","coordinates":[[[33.7360766,14.0710013],[33.7362161,14.0710323],[33.7362261,14.0709902],[33.7360866,14.0709592],[33.7360766,14.0710013]]]}},{"type":"Feature","properties":{"id":"way/1101420248","name":null,"name_en":null,"name_ar":null,"amenity":null,"building":"school","operator_type":null,"capacity_persons":null,"addr_full":null,"addr_city":null,"source":null,"adm0_pcode":"SDN","adm0_name":"Sudan","adm1_pcode":"SD15","adm1_name":"Aj Jazirah","adm2_pcode":"SD15031","adm2_name":"Janub Al Jazirah","adm3_pcode":null,"adm3_name":null,"adm4_pcode":null,"adm4_name":null,"name_latin":null},"geometry":{"type":"Polygon","coordinates":[[[33.3877048,14.0752775],[33.3877338,14.0752356],[33.3879152,14.0753533],[33.3878863,14.0753953],[33.3877048,14.0752775]]]}},{"type":"Feature","properties":{"id":"way/1101420249","name":null,"name_en":null,"name_ar":null,"amenity":null,"building":"school","operator_type":null,"capacity_persons":null,"addr_full":null,"addr_city":null,"source":null,"adm0_pcode":"SDN","adm0_name":"Sudan","adm1_pcode":"SD15","adm1_name":"Aj Jazirah","adm2_pcode":"SD15031","adm2_name":"Janub Al Jazirah","adm3_pcode":null,"adm3_name":null,"adm4_pcode":null,"adm4_name":null,"name_latin":null},"geometry":{"type":"Polygon","coordinates":[[[33.3879295,14.0754152],[33.3879573,14.0753725],[33.3881009,14.0754605],[33.3880731,14.0755032],[33.3879295,14.0754152]]]}},{"type":"Feature","properties":{"id":"way/1101420246","name":null,"name_en":null,"name_ar":null,"amenity":null,"building":"school","operator_type":null,"capacity_persons":null,"addr_full":null,"addr_city":null,"source":null,"adm0_pcode":"SDN","adm0_name":"Sudan","adm1_pcode":"SD15","adm1_name":"Aj Jazirah","adm2_pcode":"SD15031","adm2_name":"Janub Al Jazirah","adm3_pcode":null,"adm3_name":null,"adm4_pcode":null,"adm4_name":null,"name_latin":null},"geometry":{"type":"Polygon","coordinates":[[[33.3875302,14.0755576],[33.3875537,14.0755178],[33.3877437,14.0756233],[33.3877202,14.0756631],[33.3875302,14.0755576]]]}},{"type":"Feature","properties":{"id":"way/1101420247","name":null,"name_en":null,"name_ar":null,"amenity":null,"building":"school","operator_type":null,"capacity_persons":null,"addr_full":null,"addr_city":null,"source":null,"adm0_pcode":"SDN","adm0_name":"Sudan","adm1_pcode":"SD15","adm1_name":"Aj Jazirah","adm2_pcode":"SD15031","adm2_name":"Janub Al Jazirah","adm3_pcode":null,"adm3_name":null,"adm4_pcode":null,"adm4_name":null,"name_latin":null},"geometry":{"type":"Polygon","coordinates":[[[33.3877587,14.0757056],[33.3878101,14.0756276],[33.3880092,14.0757511],[33.3879578,14.0758291],[33.3877587,14.0757056]]]}},{"type":"Feature","properties":{"id":"way/1102382675","name":null,"name_en":null,"name_ar":null,"amenity":null,"building":"school","operator_type":null,"capacity_persons":null,"addr_full":null,"addr_city":null,"source":null,"adm0_pcode":"SDN","adm0_name":"Sudan","adm1_pcode":"SD15","adm1_name":"Aj Jazirah","adm2_pcode":"SD15031","adm2_name":"Janub Al Jazirah","adm3_pcode":null,"adm3_name":null,"adm4_pcode":null,"adm4_name":null,"name_latin":null},"geometry":{"type":"Polygon","coordinates":[[[33.302625,14.1253174],[33.302967,14.1253117],[33.3029659,14.1252608],[33.3026226,14.1252755],[33.302625,14.1253174]]]}},{"type":"Feature","properties":{"id":"way/1102382673","name":null,"name_en":null,"name_ar":null,"amenity":null,"building":"school","operator_type":null,"capacity_persons":null,"addr_full":null,"addr_city":null,"source":null,"adm0_pcode":"SDN","adm0_name":"Sudan","adm1_pcode":"SD15","adm1_name":"Aj Jazirah","adm2_pcode":"SD15031","adm2_name":"Janub Al Jazirah","adm3_pcode":null,"adm3_name":null,"adm4_pcode":null,"adm4_name":null,"name_latin":null},"geometry":{"type":"Polygon","coordinates":[[[33.3028806,14.1255676],[33.3029869,14.1255687],[33.3029857,14.1255201],[33.3028783,14.1255257],[33.3028806,14.1255676]]]}},{"type":"Feature","properties":{"id":"way/1102382672","name":null,"name_en":null,"name_ar":null,"amenity":null,"building":"school","operator_type":null,"capacity_persons":null,"addr_full":null,"addr_city":null,"source":null,"adm0_pcode":"SDN","adm0_name":"Sudan","adm1_pcode":"SD15","adm1_name":"Aj Jazirah","adm2_pcode":"SD15031","adm2_name":"Janub Al Jazirah","adm3_pcode":null,"adm3_name":null,"adm4_pcode":null,"adm4_name":null,"name_latin":null},"geometry":{"type":"Polygon","coordinates":[[[33.3025656,14.1255879],[33.3026426,14.125593],[33.3026466,14.1255354],[33.3025696,14.1255303],[33.3025656,14.1255879]]]}},{"type":"Feature","properties":{"id":"way/1102382674","name":null,"name_en":null,"name_ar":null,"amenity":null,"building":"school","operator_type":null,"capacity_persons":null,"addr_full":null,"addr_city":null,"source":null,"adm0_pcode":"SDN","adm0_name":"Sudan","adm1_pcode":"SD15","adm1_name":"Aj Jazirah","adm2_pcode":"SD15031","adm2_name":"Janub Al Jazirah","adm3_pcode":null,"adm3_name":null,"adm4_pcode":null,"adm4_name":null,"name_latin":null},"geometry":{"type":"Polygon","coordinates":[[[33.3029881,14.1256378],[33.3033231,14.1256253],[33.3033243,14.1255789],[33.3029881,14.1255857],[33.3029881,14.1256378]]]}},{"type":"Feature","properties":{"id":"way/1102382671","name":null,"name_en":null,"name_ar":null,"amenity":null,"building":"school","operator_type":null,"capacity_persons":null,"addr_full":null,"addr_city":null,"source":null,"adm0_pcode":"SDN","adm0_name":"Sudan","adm1_pcode":"SD15","adm1_name":"Aj Jazirah","adm2_pcode":"SD15031","adm2_name":"Janub Al Jazirah","adm3_pcode":null,"adm3_name":null,"adm4_pcode":null,"adm4_name":null,"name_latin":null},"geometry":{"type":"Polygon","coordinates":[[[33.302618,14.1256672],[33.3028526,14.1256525],[33.302855,14.125588],[33.3026226,14.1256038],[33.302618,14.1256672]]]}},{"type":"Feature","properties":{"id":"way/1101196339","name":null,"name_en":null,"name_ar":null,"amenity":"school","building":null,"operator_type":null,"capacity_persons":null,"addr_full":null,"addr_city":null,"source":null,"adm0_pcode":"SDN","adm0_name":"Sudan","adm1_pcode":"SD15","adm1_name":"Aj Jazirah","adm2_pcode":"SD15030","adm2_name":"Medani Al Kubra","adm3_pcode":null,"adm3_name":null,"adm4_pcode":null,"adm4_name":null,"name_latin":null},"geometry":{"type":"Polygon","coordinates":[[[33.6979936,14.132446],[33.6980002,14.1323944],[33.698077,14.1324036],[33.6980816,14.1323677],[33.6983608,14.1324014],[33.6983552,14.1324451],[33.6984189,14.1324528],[33.6984133,14.1324964],[33.6979936,14.132446]]]}},{"type":"Feature","properties":{"id":"way/1101196340","name":null,"name_en":null,"name_ar":null,"amenity":"school","building":null,"operator_type":null,"capacity_persons":null,"addr_full":null,"addr_city":null,"source":null,"adm0_pcode":"SDN","adm0_name":"Sudan","adm1_pcode":"SD15","adm1_name":"Aj Jazirah","adm2_pcode":"SD15030","adm2_name":"Medani Al Kubra","adm3_pcode":null,"adm3_name":null,"adm4_pcode":null,"adm4_name":null,"name_latin":null},"geometry":{"type":"Polygon","coordinates":[[[33.6983842,14.1330373],[33.6978923,14.1329859],[33.6979702,14.1323046],[33.6985117,14.1323681],[33.6983842,14.1330373]]]}},{"type":"Feature","properties":{"id":"way/1101196338","name":null,"name_en":null,"name_ar":null,"amenity":"school","building":null,"operator_type":null,"capacity_persons":null,"addr_full":null,"addr_city":null,"source":null,"adm0_pcode":"SDN","adm0_name":"Sudan","adm1_pcode":"SD15","adm1_name":"Aj Jazirah","adm2_pcode":"SD15030","adm2_name":"Medani Al Kubra","adm3_pcode":null,"adm3_name":null,"adm4_pcode":null,"adm4_name":null,"name_latin":null},"geometry":{"type":"Polygon","coordinates":[[[33.6979345,14.1328397],[33.6979408,14.1327805],[33.6980216,14.1327885],[33.6980169,14.1328331],[33.6982743,14.1328586],[33.6982774,14.1328292],[33.6983563,14.132837],[33.6983491,14.1329052],[33.6982836,14.1328987],[33.6982813,14.1329203],[33.6980089,14.1328934],[33.6980137,14.1328475],[33.6979345,14.1328397]]]}},{"type":"Feature","properties":{"id":"way/1101341731","name":null,"name_en":null,"name_ar":null,"amenity":"school","building":null,"operator_type":null,"capacity_persons":null,"addr_full":null,"addr_city":null,"source":null,"adm0_pcode":"SDN","adm0_name":"Sudan","adm1_pcode":"SD15","adm1_name":"Aj Jazirah","adm2_pcode":"SD15031","adm2_name":"Janub Al Jazirah","adm3_pcode":null,"adm3_name":null,"adm4_pcode":null,"adm4_name":null,"name_latin":null},"geometry":{"type":"Polygon","coordinates":[[[33.2755612,14.1406413],[33.2757285,14.140688],[33.2757422,14.1406419],[33.2755749,14.1405952],[33.2755612,14.1406413]]]}},{"type":"Feature","properties":{"id":"way/1101341732","name":null,"name_en":null,"name_ar":null,"amenity":"school","building":null,"operator_type":null,"capacity_persons":null,"addr_full":null,"addr_city":null,"source":null,"adm0_pcode":"SDN","adm0_name":"Sudan","adm1_pcode":"SD15","adm1_name":"Aj Jazirah","adm2_pcode":"SD15031","adm2_name":"Janub Al Jazirah","adm3_pcode":null,"adm3_name":null,"adm4_pcode":null,"adm4_name":null,"name_latin":null},"geometry":{"type":"Polygon","coordinates":[[[33.2758364,14.1407036],[33.2760128,14.1407412],[33.2760237,14.1406933],[33.2758472,14.1406557],[33.2758364,14.1407036]]]}},{"type":"Feature","properties":{"id":"way/1101341733","name":null,"name_en":null,"name_ar":null,"amenity":"school","building":null,"operator_type":null,"capacity_persons":null,"addr_full":null,"addr_city":null,"source":null,"adm0_pcode":"SDN","adm0_name":"Sudan","adm1_pcode":"SD15","adm1_name":"Aj Jazirah","adm2_pcode":"SD15031","adm2_name":"Janub Al Jazirah","adm3_pcode":null,"adm3_name":null,"adm4_pcode":null,"adm4_name":null,"name_latin":null},"geometry":{"type":"Polygon","coordinates":[[[33.2754234,14.1409946],[33.2759149,14.141126],[33.2760489,14.1406809],[33.2755559,14.1405613],[33.2754234,14.1409946]]]}},{"type":"Feature","properties":{"id":"way/1101341729","name":null,"name_en":null,"name_ar":null,"amenity":"school","building":null,"operator_type":null,"capacity_persons":null,"addr_full":null,"addr_city":null,"source":null,"adm0_pcode":"SDN","adm0_name":"Sudan","adm1_pcode":"SD15","adm1_name":"Aj Jazirah","adm2_pcode":"SD15031","adm2_name":"Janub Al Jazirah","adm3_pcode":null,"adm3_name":null,"adm4_pcode":null,"adm4_name":null,"name_latin":null},"geometry":{"type":"Polygon","coordinates":[[[33.2754946,14.14099],[33.2756365,14.1410259],[33.2756485,14.1409813],[33.2755066,14.1409455],[33.2754946,14.14099]]]}},{"type":"Feature","properties":{"id":"way/1101341730","name":null,"name_en":null,"name_ar":null,"amenity":"school","building":null,"operator_type":null,"capacity_persons":null,"addr_full":null,"addr_city":null,"source":null,"adm0_pcode":"SDN","adm0_name":"Sudan","adm1_pcode":"SD15","adm1_name":"Aj Jazirah","adm2_pcode":"SD15031","adm2_name":"Janub Al Jazirah","adm3_pcode":null,"adm3_name":null,"adm4_pcode":null,"adm4_name":null,"name_latin":null},"geometry":{"type":"Polygon","coordinates":[[[33.2757268,14.1410507],[33.2759136,14.1410925],[33.2759335,14.1410461],[33.2757362,14.141002],[33.2757268,14.1410507]]]}},{"type":"Feature","properties":{"id":"way/1103298125","name":null,"name_en":null,"name_ar":null,"amenity":"school","building":null,"operator_type":null,"capacity_persons":null,"addr_full":null,"addr_city":null,"source":null,"adm0_pcode":"SDN","adm0_name":"Sudan","adm1_pcode":"SD15","adm1_name":"Aj Jazirah","adm2_pcode":"SD15036","adm2_name":"Al Manaqil","adm3_pcode":null,"adm3_name":null,"adm4_pcode":null,"adm4_name":null,"name_latin":null},"geometry":{"type":"Polygon","coordinates":[[[33.2303312,14.1426579],[33.2303231,14.1426962],[33.2303933,14.1427102],[33.2304014,14.1426719],[33.2303312,14.1426579]]]}},{"type":"Feature","properties":{"id":"way/1103298124","name":null,"name_en":null,"name_ar":null,"amenity":"school","building":null,"operator_type":null,"capacity_persons":null,"addr_full":null,"addr_city":null,"source":null,"adm0_pcode":"SDN","adm0_name":"Sudan","adm1_pcode":"SD15","adm1_name":"Aj Jazirah","adm2_pcode":"SD15036","adm2_name":"Al Manaqil","adm3_pcode":null,"adm3_name":null,"adm4_pcode":null,"adm4_name":null,"name_latin":null},"geometry":{"type":"Polygon","coordinates":[[[33.2311657,14.1428368],[33.2311559,14.1428781],[33.231261,14.1429016],[33.231271,14.1428595],[33.2311657,14.1428368]]]}},{"type":"Feature","properties":{"id":"way/1103298118","name":null,"name_en":null,"name_ar":null,"amenity":"school","building":null,"operator_type":null,"capacity_persons":null,"addr_full":null,"addr_city":null,"source":null,"adm0_pcode":"SDN","adm0_name":"Sudan","adm1_pcode":"SD15","adm1_name":"Aj Jazirah","adm2_pcode":"SD15036","adm2_name":"Al Manaqil","adm3_pcode":null,"adm3_name":null,"adm4_pcode":null,"adm4_name":null,"name_latin":null},"geometry":{"type":"Polygon","coordinates":[[[33.2304555,14.1430385],[33.2304654,14.142968],[33.2306367,14.1429908],[33.2306267,14.1430612],[33.2304555,14.1430385]]]}},{"type":"Feature","properties":{"id":"way/1103298119","name":null,"name_en":null,"name_ar":null,"amenity":"school","building":null,"operator_type":null,"capacity_persons":null,"addr_full":null,"addr_city":null,"source":null,"adm0_pcode":"SDN","adm0_name":"Sudan","adm1_pcode":"SD15","adm1_name":"Aj Jazirah","adm2_pcode":"SD15036","adm2_name":"Al Manaqil","adm3_pcode":null,"adm3_name":null,"adm4_pcode":null,"adm4_name":null,"name_latin":null},"geometry":{"type":"Polygon","coordinates":[[[33.2306491,14.1430665],[33.2306631,14.1429932],[33.2307871,14.1430155],[33.2307731,14.1430888],[33.2306491,14.1430665]]]}},{"type":"Feature","properties":{"id":"way/1103298120","name":null,"name_en":null,"name_ar":null,"amenity":"school","building":null,"operator_type":null,"capacity_persons":null,"addr_full":null,"addr_city":null,"source":null,"adm0_pcode":"SDN","adm0_name":"Sudan","adm1_pcode":"SD15","adm1_name":"Aj Jazirah","adm2_pcode":"SD15036","adm2_name":"Al Manaqil","adm3_pcode":null,"adm3_name":null,"adm4_pcode":null,"adm4_name":null,"name_latin":null},"geometry":{"type":"Polygon","coordinates":[[[33.2308285,14.1431083],[33.2308423,14.1430298],[33.2310163,14.1430586],[33.2310025,14.143137],[33.2308285,14.1431083]]]}},{"type":"Feature","properties":{"id":"way/1103298126","name":null,"name_en":null,"name_ar":null,"amenity":"school","building":null,"operator_type":null,"capacity_persons":null,"addr_full":null,"addr_city":null,"source":null,"adm0_pcode":"SDN","adm0_name":"Sudan","adm1_pcode":"SD15","adm1_name":"Aj Jazirah","adm2_pcode":"SD15036","adm2_name":"Al Manaqil","adm3_pcode":null,"adm3_name":null,"adm4_pcode":null,"adm4_name":null,"name_latin":null},"geometry":{"type":"Polygon","coordinates":[[[33.2301574,14.1434091],[33.2311694,14.1436272],[33.231342,14.1428748],[33.231271,14.1428595],[33.2311657,14.1428368],[33.2304014,14.1426719],[33.23033,14.1426565],[33.2301574,14.1434091]]]}},{"type":"Feature","properties":{"id":"way/1103298121","name":null,"name_en":null,"name_ar":null,"amenity":"school","building":null,"operator_type":null,"capacity_persons":null,"addr_full":null,"addr_city":null,"source":null,"adm0_pcode":"SDN","adm0_name":"Sudan","adm1_pcode":"SD15","adm1_name":"Aj Jazirah","adm2_pcode":"SD15036","adm2_name":"Al Manaqil","adm3_pcode":null,"adm3_name":null,"adm4_pcode":null,"adm4_name":null,"name_latin":null},"geometry":{"type":"Polygon","coordinates":[[[33.2306271,14.1432233],[33.2306467,14.143138],[33.2307603,14.1431626],[33.2307406,14.1432478],[33.2306271,14.1432233]]]}},{"type":"Feature","properties":{"id":"way/1103298122","name":null,"name_en":null,"name_ar":null,"amenity":"school","building":null,"operator_type":null,"capacity_persons":null,"addr_full":null,"addr_city":null,"source":null,"adm0_pcode":"SDN","adm0_name":"Sudan","adm1_pcode":"SD15","adm1_name":"Aj Jazirah","adm2_pcode":"SD15036","adm2_name":"Al Manaqil","adm3_pcode":null,"adm3_name":null,"adm4_pcode":null,"adm4_name":null,"name_latin":null},"geometry":{"type":"Polygon","coordinates":[[[33.2304158,14.1432855],[33.2304038,14.1433573],[33.2306881,14.1434019],[33.2307001,14.1433302],[33.2304158,14.1432855]]]}},{"type":"Feature","properties":{"id":"way/1103298123","name":null,"name_en":null,"name_ar":null,"amenity":"school","building":null,"operator_type":null,"capacity_persons":null,"addr_full":null,"addr_city":null,"source":null,"adm0_pcode":"SDN","adm0_name":"Sudan","adm1_pcode":"SD15","adm1_name":"Aj Jazirah","adm2_pcode":"SD15036","adm2_name":"Al Manaqil","adm3_pcode":null,"adm3_name":null,"adm4_pcode":null,"adm4_name":null,"name_latin":null},"geometry":{"type":"Polygon","coordinates":[[[33.2308056,14.1433526],[33.2307937,14.1434243],[33.231078,14.143469],[33.2310899,14.1433972],[33.2308056,14.1433526]]]}},{"type":"Feature","properties":{"id":"way/1102382939","name":null,"name_en":null,"name_ar":null,"amenity":null,"building":"school","operator_type":null,"capacity_persons":null,"addr_full":null,"addr_city":null,"source":null,"adm0_pcode":"SDN","adm0_name":"Sudan","adm1_pcode":"SD15","adm1_name":"Aj Jazirah","adm2_pcode":"SD15036","adm2_name":"Al Manaqil","adm3_pcode":null,"adm3_name":null,"adm4_pcode":null,"adm4_name":null,"name_latin":null},"geometry":{"type":"Polygon","coordinates":[[[33.2282919,14.1444705],[33.2287233,14.1445676],[33.2287418,14.1445228],[33.2283089,14.1444242],[33.2282919,14.1444705]]]}},{"type":"Feature","properties":{"id":"way/1102382940","name":null,"name_en":null,"name_ar":null,"amenity":"school","building":null,"operator_type":null,"capacity_persons":null,"addr_full":null,"addr_city":null,"source":null,"adm0_pcode":"SDN","adm0_name":"Sudan","adm1_pcode":"SD15","adm1_name":"Aj Jazirah","adm2_pcode":"SD15036","adm2_name":"Al Manaqil","adm3_pcode":null,"adm3_name":null,"adm4_pcode":null,"adm4_name":null,"name_latin":null},"geometry":{"type":"Polygon","coordinates":[[[33.2280177,14.1447334],[33.228198,14.1447872],[33.2281964,14.1448036],[33.228751,14.144941],[33.2288619,14.1445407],[33.2282303,14.1443913],[33.228124,14.1444496],[33.2280177,14.1447334]]]}},{"type":"Feature","properties":{"id":"way/1102382937","name":null,"name_en":null,"name_ar":null,"amenity":null,"building":"school","operator_type":null,"capacity_persons":null,"addr_full":null,"addr_city":null,"source":null,"adm0_pcode":"SDN","adm0_name":"Sudan","adm1_pcode":"SD15","adm1_name":"Aj Jazirah","adm2_pcode":"SD15036","adm2_name":"Al Manaqil","adm3_pcode":null,"adm3_name":null,"adm4_pcode":null,"adm4_name":null,"name_latin":null},"geometry":{"type":"Polygon","coordinates":[[[33.2282103,14.1447767],[33.2284814,14.1448514],[33.2284937,14.1448141],[33.228218,14.1447409],[33.2282103,14.1447767]]]}},{"type":"Feature","properties":{"id":"way/1102382938","name":null,"name_en":null,"name_ar":null,"amenity":null,"building":"school","operator_type":null,"capacity_persons":null,"addr_full":null,"addr_city":null,"source":null,"adm0_pcode":"SDN","adm0_name":"Sudan","adm1_pcode":"SD15","adm1_name":"Aj Jazirah","adm2_pcode":"SD15036","adm2_name":"Al Manaqil","adm3_pcode":null,"adm3_name":null,"adm4_pcode":null,"adm4_name":null,"name_latin":null},"geometry":{"type":"Polygon","coordinates":[[[33.2286748,14.144907],[33.2287469,14.1449241],[33.2287561,14.1448875],[33.2286841,14.1448704],[33.2286748,14.144907]]]}},{"type":"Feature","properties":{"id":"way/1105422868","name":null,"name_en":null,"name_ar":null,"amenity":"school","building":null,"operator_type":null,"capacity_persons":null,"addr_full":null,"addr_city":null,"source":null,"adm0_pcode":"SDN","adm0_name":"Sudan","adm1_pcode":"SD15","adm1_name":"Aj Jazirah","adm2_pcode":"SD15031","adm2_name":"Janub Al Jazirah","adm3_pcode":null,"adm3_name":null,"adm4_pcode":null,"adm4_name":null,"name_latin":null},"geometry":{"type":"Polygon","coordinates":[[[33.4137761,14.1465752],[33.4137853,14.1465324],[33.4138725,14.14655],[33.4138633,14.1465928],[33.4137761,14.1465752]]]}},{"type":"Feature","properties":{"id":"way/1105422872","name":null,"name_en":null,"name_ar":null,"amenity":"school","building":null,"operator_type":null,"capacity_persons":null,"addr_full":null,"addr_city":null,"source":null,"adm0_pcode":"SDN","adm0_name":"Sudan","adm1_pcode":"SD15","adm1_name":"Aj Jazirah","adm2_pcode":"SD15031","adm2_name":"Janub Al Jazirah","adm3_pcode":null,"adm3_name":null,"adm4_pcode":null,"adm4_name":null,"name_latin":null},"geometry":{"type":"Polygon","coordinates":[[[33.4140604,14.1465897],[33.4140618,14.1465762],[33.4140648,14.1465469],[33.4141378,14.1465541],[33.4141311,14.1465946],[33.4140604,14.1465897]]]}},{"type":"Feature","properties":{"id":"way/1105422869","name":null,"name_en":null,"name_ar":null,"amenity":"school","building":null,"operator_type":null,"capacity_persons":null,"addr_full":null,"addr_city":null,"source":null,"adm0_pcode":"SDN","adm0_name":"Sudan","adm1_pcode":"SD15","adm1_name":"Aj Jazirah","adm2_pcode":"SD15031","adm2_name":"Janub Al Jazirah","adm3_pcode":null,"adm3_name":null,"adm4_pcode":null,"adm4_name":null,"name_latin":null},"geometry":{"type":"Polygon","coordinates":[[[33.4139031,14.1466124],[33.413911,14.1465576],[33.4139899,14.1465683],[33.413982,14.1466231],[33.4139031,14.1466124]]]}},{"type":"Feature","properties":{"id":"way/1105422870","name":null,"name_en":null,"name_ar":null,"amenity":"school","building":null,"operator_type":null,"capacity_persons":null,"addr_full":null,"addr_city":null,"source":null,"adm0_pcode":"SDN","adm0_name":"Sudan","adm1_pcode":"SD15","adm1_name":"Aj Jazirah","adm2_pcode":"SD15031","adm2_name":"Janub Al Jazirah","adm3_pcode":null,"adm3_name":null,"adm4_pcode":null,"adm4_name":null,"name_latin":null},"geometry":{"type":"Polygon","coordinates":[[[33.4139969,14.1466083],[33.4140566,14.1466151],[33.4140604,14.1465897],[33.4140618,14.1465762],[33.4140016,14.1465693],[33.4139969,14.1466083]]]}},{"type":"Feature","properties":{"id":"way/1105422873","name":null,"name_en":null,"name_ar":null,"amenity":"school","building":null,"operator_type":null,"capacity_persons":null,"addr_full":null,"addr_city":null,"source":null,"adm0_pcode":"SDN","adm0_name":"Sudan","adm1_pcode":"SD15","adm1_name":"Aj Jazirah","adm2_pcode":"SD15031","adm2_name":"Janub Al Jazirah","adm3_pcode":null,"adm3_name":null,"adm4_pcode":null,"adm4_name":null,"name_latin":null},"geometry":{"type":"Polygon","coordinates":[[[33.4141304,14.1466347],[33.4141943,14.1466357],[33.414195,14.1465956],[33.4141311,14.1465946],[33.4141304,14.1466347]]]}},{"type":"Feature","properties":{"id":"way/1105422871","name":null,"name_en":null,"name_ar":null,"amenity":"school","building":null,"operator_type":null,"capacity_persons":null,"addr_full":null,"addr_city":null,"source":null,"adm0_pcode":"SDN","adm0_name":"Sudan","adm1_pcode":"SD15","adm1_name":"Aj Jazirah","adm2_pcode":"SD15031","adm2_name":"Janub Al Jazirah","adm3_pcode":null,"adm3_name":null,"adm4_pcode":null,"adm4_name":null,"name_latin":null},"geometry":{"type":"Polygon","coordinates":[[[33.4140566,14.1466151],[33.414054,14.1466389],[33.4141294,14.1466467],[33.4141304,14.1466347],[33.4141311,14.1465946],[33.4140604,14.1465897],[33.4140566,14.1466151]]]}},{"type":"Feature","properties":{"id":"way/1105422874","name":null,"name_en":null,"name_ar":null,"amenity":"school","building":null,"operator_type":null,"capacity_persons":null,"addr_full":null,"addr_city":null,"source":null,"adm0_pcode":"SDN","adm0_name":"Sudan","adm1_pcode":"SD15","adm1_name":"Aj Jazirah","adm2_pcode":"SD15031","adm2_name":"Janub Al Jazirah","adm3_pcode":null,"adm3_name":null,"adm4_pcode":null,"adm4_name":null,"name_latin":null},"geometry":{"type":"Polygon","coordinates":[[[33.414159,14.1466478],[33.4142097,14.1466492],[33.4142075,14.146686],[33.4141579,14.1466858],[33.414159,14.1466478]]]}},{"type":"Feature","properties":{"id":"way/1105422875","name":null,"name_en":null,"name_ar":null,"amenity":"school","building":null,"operator_type":null,"capacity_persons":null,"addr_full":null,"addr_city":null,"source":null,"adm0_pcode":"SDN","adm0_name":"Sudan","adm1_pcode":"SD15","adm1_name":"Aj Jazirah","adm2_pcode":"SD15031","adm2_name":"Janub Al Jazirah","adm3_pcode":null,"adm3_name":null,"adm4_pcode":null,"adm4_name":null,"name_latin":null},"geometry":{"type":"Polygon","coordinates":[[[33.4142075,14.146686],[33.414206,14.1467199],[33.4142567,14.1467219],[33.4142581,14.146688],[33.4142075,14.146686]]]}},{"type":"Feature","properties":{"id":"way/1105422867","name":null,"name_en":null,"name_ar":null,"amenity":"school","building":null,"operator_type":null,"capacity_persons":null,"addr_full":null,"addr_city":null,"source":null,"adm0_pcode":"SDN","adm0_name":"Sudan","adm1_pcode":"SD15","adm1_name":"Aj Jazirah","adm2_pcode":"SD15031","adm2_name":"Janub Al Jazirah","adm3_pcode":null,"adm3_name":null,"adm4_pcode":null,"adm4_name":null,"name_latin":null},"geometry":{"type":"Polygon","coordinates":[[[33.4137841,14.1470373],[33.4137938,14.1469988],[33.413766,14.1469922],[33.413774,14.1469609],[33.4141527,14.1470515],[33.4141341,14.1471249],[33.4139821,14.1470885],[33.4139757,14.1471136],[33.4139291,14.1471025],[33.4139251,14.1470709],[33.4137841,14.1470373]]]}},{"type":"Feature","properties":{"id":"way/1101462412","name":null,"name_en":null,"name_ar":null,"amenity":null,"building":"school","operator_type":null,"capacity_persons":null,"addr_full":null,"addr_city":null,"source":null,"adm0_pcode":"SDN","adm0_name":"Sudan","adm1_pcode":"SD15","adm1_name":"Aj Jazirah","adm2_pcode":"SD15030","adm2_name":"Medani Al Kubra","adm3_pcode":null,"adm3_name":null,"adm4_pcode":null,"adm4_name":null,"name_latin":null},"geometry":{"type":"Polygon","coordinates":[[[33.691749,14.1542252],[33.6920735,14.1544822],[33.6921039,14.1544381],[33.6917875,14.1541811],[33.691749,14.1542252]]]}},{"type":"Feature","properties":{"id":"way/1101462410","name":null,"name_en":null,"name_ar":null,"amenity":"school","building":null,"operator_type":null,"capacity_persons":null,"addr_full":null,"addr_city":null,"source":null,"adm0_pcode":"SDN","adm0_name":"Sudan","adm1_pcode":"SD15","adm1_name":"Aj Jazirah","adm2_pcode":"SD15030","adm2_name":"Medani Al Kubra","adm3_pcode":null,"adm3_name":null,"adm4_pcode":null,"adm4_name":null,"name_latin":null},"geometry":{"type":"Polygon","coordinates":[[[33.6914944,14.1544702],[33.6919642,14.1548168],[33.6922371,14.1544905],[33.6917393,14.1541356],[33.6914944,14.1544702]]]}},{"type":"Feature","properties":{"id":"way/1101462411","name":null,"name_en":null,"name_ar":null,"amenity":null,"building":"school","operator_type":null,"capacity_persons":null,"addr_full":null,"addr_city":null,"source":null,"adm0_pcode":"SDN","adm0_name":"Sudan","adm1_pcode":"SD15","adm1_name":"Aj Jazirah","adm2_pcode":"SD15030","adm2_name":"Medani Al Kubra","adm3_pcode":null,"adm3_name":null,"adm4_pcode":null,"adm4_name":null,"name_latin":null},"geometry":{"type":"Polygon","coordinates":[[[33.6915563,14.1544981],[33.6918797,14.1547335],[33.6919112,14.1547064],[33.6915948,14.1544471],[33.6915563,14.1544981]]]}},{"type":"Feature","properties":{"id":"way/1101430528","name":null,"name_en":null,"name_ar":null,"amenity":"school","building":null,"operator_type":null,"capacity_persons":null,"addr_full":null,"addr_city":null,"source":null,"adm0_pcode":"SDN","adm0_name":"Sudan","adm1_pcode":"SD15","adm1_name":"Aj Jazirah","adm2_pcode":"SD15032","adm2_name":"Um Algura","adm3_pcode":null,"adm3_name":null,"adm4_pcode":null,"adm4_name":null,"name_latin":null},"geometry":{"type":"Polygon","coordinates":[[[33.9332667,14.1865125],[33.9332786,14.1864519],[33.9335722,14.1865064],[33.9335602,14.1865669],[33.9332667,14.1865125]]]}},{"type":"Feature","properties":{"id":"way/1101430529","name":null,"name_en":null,"name_ar":null,"amenity":"school","building":null,"operator_type":null,"capacity_persons":null,"addr_full":null,"addr_city":null,"source":null,"adm0_pcode":"SDN","adm0_name":"Sudan","adm1_pcode":"SD15","adm1_name":"Aj Jazirah","adm2_pcode":"SD15032","adm2_name":"Um Algura","adm3_pcode":null,"adm3_name":null,"adm4_pcode":null,"adm4_name":null,"name_latin":null},"geometry":{"type":"Polygon","coordinates":[[[33.9335898,14.1865694],[33.9335969,14.1865249],[33.9336726,14.1865364],[33.9336654,14.1865808],[33.9335898,14.1865694]]]}},{"type":"Feature","properties":{"id":"way/1101430530","name":null,"name_en":null,"name_ar":null,"amenity":"school","building":null,"operator_type":null,"capacity_persons":null,"addr_full":null,"addr_city":null,"source":null,"adm0_pcode":"SDN","adm0_name":"Sudan","adm1_pcode":"SD15","adm1_name":"Aj Jazirah","adm2_pcode":"SD15032","adm2_name":"Um Algura","adm3_pcode":null,"adm3_name":null,"adm4_pcode":null,"adm4_name":null,"name_latin":null},"geometry":{"type":"Polygon","coordinates":[[[33.9331772,14.1868057],[33.9335999,14.1868847],[33.9336814,14.1865307],[33.9332404,14.1864421],[33.9331772,14.1868057]]]}},{"type":"Feature","properties":{"id":"way/1101430525","name":null,"name_en":null,"name_ar":null,"amenity":"school","building":null,"operator_type":null,"capacity_persons":null,"addr_full":null,"addr_city":null,"source":null,"adm0_pcode":"SDN","adm0_name":"Sudan","adm1_pcode":"SD15","adm1_name":"Aj Jazirah","adm2_pcode":"SD15032","adm2_name":"Um Algura","adm3_pcode":null,"adm3_name":null,"adm4_pcode":null,"adm4_name":null,"name_latin":null},"geometry":{"type":"Polygon","coordinates":[[[33.9331805,14.1867918],[33.9331891,14.1867407],[33.9332692,14.1867535],[33.9332605,14.1868045],[33.9331805,14.1867918]]]}},{"type":"Feature","properties":{"id":"way/1101430526","name":null,"name_en":null,"name_ar":null,"amenity":"school","building":null,"operator_type":null,"capacity_persons":null,"addr_full":null,"addr_city":null,"source":null,"adm0_pcode":"SDN","adm0_name":"Sudan","adm1_pcode":"SD15","adm1_name":"Aj Jazirah","adm2_pcode":"SD15032","adm2_name":"Um Algura","adm3_pcode":null,"adm3_name":null,"adm4_pcode":null,"adm4_name":null,"name_latin":null},"geometry":{"type":"Polygon","coordinates":[[[33.9333034,14.1868141],[33.9333128,14.186763],[33.9335231,14.1867994],[33.9335137,14.1868505],[33.9333034,14.1868141]]]}},{"type":"Feature","properties":{"id":"way/1101430527","name":null,"name_en":null,"name_ar":null,"amenity":"school","building":null,"operator_type":null,"capacity_persons":null,"addr_full":null,"addr_city":null,"source":null,"adm0_pcode":"SDN","adm0_name":"Sudan","adm1_pcode":"SD15","adm1_name":"Aj Jazirah","adm2_pcode":"SD15032","adm2_name":"Um Algura","adm3_pcode":null,"adm3_name":null,"adm4_pcode":null,"adm4_name":null,"name_latin":null},"geometry":{"type":"Polygon","coordinates":[[[33.9335212,14.1868557],[33.9335992,14.18687],[33.9336034,14.1868484],[33.9335254,14.1868341],[33.9335212,14.1868557]]]}},{"type":"Feature","properties":{"id":"way/1101643338","name":null,"name_en":null,"name_ar":null,"amenity":"school","building":null,"operator_type":null,"capacity_persons":null,"addr_full":null,"addr_city":null,"source":null,"adm0_pcode":"SDN","adm0_name":"Sudan","adm1_pcode":"SD15","adm1_name":"Aj Jazirah","adm2_pcode":"SD15032","adm2_name":"Um Algura","adm3_pcode":null,"adm3_name":null,"adm4_pcode":null,"adm4_name":null,"name_latin":null},"geometry":{"type":"Polygon","coordinates":[[[33.7756931,14.188754],[33.7757212,14.1887005],[33.7759549,14.1888159],[33.7759268,14.1888694],[33.7756931,14.188754]]]}},{"type":"Feature","properties":{"id":"way/1101643337","name":null,"name_en":null,"name_ar":null,"amenity":"school","building":null,"operator_type":null,"capacity_persons":null,"addr_full":null,"addr_city":null,"source":null,"adm0_pcode":"SDN","adm0_name":"Sudan","adm1_pcode":"SD15","adm1_name":"Aj Jazirah","adm2_pcode":"SD15032","adm2_name":"Um Algura","adm3_pcode":null,"adm3_name":null,"adm4_pcode":null,"adm4_name":null,"name_latin":null},"geometry":{"type":"Polygon","coordinates":[[[33.7754837,14.1892264],[33.7754971,14.1891822],[33.7757599,14.1892706],[33.7757438,14.1893096],[33.7754837,14.1892264]]]}},{"type":"Feature","properties":{"id":"way/1104924407","name":null,"name_en":null,"name_ar":null,"amenity":"school","building":null,"operator_type":null,"capacity_persons":null,"addr_full":null,"addr_city":null,"source":null,"adm0_pcode":"SDN","adm0_name":"Sudan","adm1_pcode":"SD15","adm1_name":"Aj Jazirah","adm2_pcode":"SD15031","adm2_name":"Janub Al Jazirah","adm3_pcode":null,"adm3_name":null,"adm4_pcode":null,"adm4_name":null,"name_latin":null},"geometry":{"type":"Polygon","coordinates":[[[33.4968584,14.2171143],[33.4965633,14.2169735],[33.4965413,14.2170167],[33.4968364,14.2171576],[33.4968584,14.2171143]]]}},{"type":"Feature","properties":{"id":"way/1104924408","name":null,"name_en":null,"name_ar":null,"amenity":"school","building":null,"operator_type":null,"capacity_persons":null,"addr_full":null,"addr_city":null,"source":null,"adm0_pcode":"SDN","adm0_name":"Sudan","adm1_pcode":"SD15","adm1_name":"Aj Jazirah","adm2_pcode":"SD15031","adm2_name":"Janub Al Jazirah","adm3_pcode":null,"adm3_name":null,"adm4_pcode":null,"adm4_name":null,"name_latin":null},"geometry":{"type":"Polygon","coordinates":[[[33.4969146,14.2171728],[33.4969276,14.2171482],[33.4968643,14.2171168],[33.4968419,14.2171592],[33.4968867,14.2171814],[33.4968961,14.2171636],[33.4969146,14.2171728]]]}},{"type":"Feature","properties":{"id":"way/1104924409","name":null,"name_en":null,"name_ar":null,"amenity":"school","building":null,"operator_type":null,"capacity_persons":null,"addr_full":null,"addr_city":null,"source":null,"adm0_pcode":"SDN","adm0_name":"Sudan","adm1_pcode":"SD15","adm1_name":"Aj Jazirah","adm2_pcode":"SD15031","adm2_name":"Janub Al Jazirah","adm3_pcode":null,"adm3_name":null,"adm4_pcode":null,"adm4_name":null,"name_latin":null},"geometry":{"type":"Polygon","coordinates":[[[33.4962514,14.2172239],[33.496534,14.2169172],[33.496609,14.2168906],[33.4970042,14.21711],[33.4969041,14.2172166],[33.4965215,14.2174227],[33.4962514,14.2172239]]]}},{"type":"Feature","properties":{"id":"way/1104924406","name":null,"name_en":null,"name_ar":null,"amenity":"school","building":null,"operator_type":null,"capacity_persons":null,"addr_full":null,"addr_city":null,"source":null,"adm0_pcode":"SDN","adm0_name":"Sudan","adm1_pcode":"SD15","adm1_name":"Aj Jazirah","adm2_pcode":"SD15031","adm2_name":"Janub Al Jazirah","adm3_pcode":null,"adm3_name":null,"adm4_pcode":null,"adm4_name":null,"name_latin":null},"geometry":{"type":"Polygon","coordinates":[[[33.4965467,14.2173728],[33.4963118,14.2172022],[33.4962821,14.2172405],[33.4965171,14.2174112],[33.4965467,14.2173728]]]}},{"type":"Feature","properties":{"id":"way/1101347170","name":null,"name_en":null,"name_ar":null,"amenity":"school","building":null,"operator_type":null,"capacity_persons":null,"addr_full":null,"addr_city":null,"source":null,"adm0_pcode":"SDN","adm0_name":"Sudan","adm1_pcode":"SD15","adm1_name":"Aj Jazirah","adm2_pcode":"SD15031","adm2_name":"Janub Al Jazirah","adm3_pcode":null,"adm3_name":null,"adm4_pcode":null,"adm4_name":null,"name_latin":null},"geometry":{"type":"Polygon","coordinates":[[[33.5271358,14.2233695],[33.527163,14.2233309],[33.5272304,14.2233756],[33.5272032,14.2234142],[33.5271358,14.2233695]]]}},{"type":"Feature","properties":{"id":"way/1101347171","name":null,"name_en":null,"name_ar":null,"amenity":"school","building":null,"operator_type":null,"capacity_persons":null,"addr_full":null,"addr_city":null,"source":null,"adm0_pcode":"SDN","adm0_name":"Sudan","adm1_pcode":"SD15","adm1_name":"Aj Jazirah","adm2_pcode":"SD15031","adm2_name":"Janub Al Jazirah","adm3_pcode":null,"adm3_name":null,"adm4_pcode":null,"adm4_name":null,"name_latin":null},"geometry":{"type":"Polygon","coordinates":[[[33.5272472,14.2233467],[33.5272868,14.2233037],[33.5275554,14.2235017],[33.5275168,14.2235527],[33.5272472,14.2233467]]]}},{"type":"Feature","properties":{"id":"way/1101347169","name":null,"name_en":null,"name_ar":null,"amenity":"school","building":null,"operator_type":null,"capacity_persons":null,"addr_full":null,"addr_city":null,"source":null,"adm0_pcode":"SDN","adm0_name":"Sudan","adm1_pcode":"SD15","adm1_name":"Aj Jazirah","adm2_pcode":"SD15031","adm2_name":"Janub Al Jazirah","adm3_pcode":null,"adm3_name":null,"adm4_pcode":null,"adm4_name":null,"name_latin":null},"geometry":{"type":"Polygon","coordinates":[[[33.527459,14.2236121],[33.5274914,14.2235667],[33.5275596,14.2236124],[33.5275272,14.2236578],[33.527459,14.2236121]]]}},{"type":"Feature","properties":{"id":"way/1101347172","name":null,"name_en":null,"name_ar":null,"amenity":"school","building":null,"operator_type":null,"capacity_persons":null,"addr_full":null,"addr_city":null,"source":null,"adm0_pcode":"SDN","adm0_name":"Sudan","adm1_pcode":"SD15","adm1_name":"Aj Jazirah","adm2_pcode":"SD15031","adm2_name":"Janub Al Jazirah","adm3_pcode":null,"adm3_name":null,"adm4_pcode":null,"adm4_name":null,"name_latin":null},"geometry":{"type":"Polygon","coordinates":[[[33.5266609,14.224057],[33.5272874,14.2242697],[33.5277015,14.2233811],[33.5268521,14.2230312],[33.5266609,14.224057]]]}},{"type":"Feature","properties":{"id":"way/1101347167","name":null,"name_en":null,"name_ar":null,"amenity":"school","building":null,"operator_type":null,"capacity_persons":null,"addr_full":null,"addr_city":null,"source":null,"adm0_pcode":"SDN","adm0_name":"Sudan","adm1_pcode":"SD15","adm1_name":"Aj Jazirah","adm2_pcode":"SD15031","adm2_name":"Janub Al Jazirah","adm3_pcode":null,"adm3_name":null,"adm4_pcode":null,"adm4_name":null,"name_latin":null},"geometry":{"type":"Polygon","coordinates":[[[33.52701,14.2236461],[33.5270436,14.2236032],[33.527117,14.2236573],[33.5270834,14.2237002],[33.52701,14.2236461]]]}},{"type":"Feature","properties":{"id":"way/1101347168","name":null,"name_en":null,"name_ar":null,"amenity":"school","building":null,"operator_type":null,"capacity_persons":null,"addr_full":null,"addr_city":null,"source":null,"adm0_pcode":"SDN","adm0_name":"Sudan","adm1_pcode":"SD15","adm1_name":"Aj Jazirah","adm2_pcode":"SD15031","adm2_name":"Janub Al Jazirah","adm3_pcode":null,"adm3_name":null,"adm4_pcode":null,"adm4_name":null,"name_latin":null},"geometry":{"type":"Polygon","coordinates":[[[33.5270994,14.2237197],[33.5271531,14.2236444],[33.5271961,14.2236732],[33.5272265,14.2236307],[33.5274342,14.2237697],[33.5274007,14.2238168],[33.527363,14.2237915],[33.5273125,14.2238624],[33.5270994,14.2237197]]]}},{"type":"Feature","properties":{"id":"way/1103405417","name":null,"name_en":null,"name_ar":null,"amenity":"school","building":null,"operator_type":null,"capacity_persons":null,"addr_full":null,"addr_city":null,"source":null,"adm0_pcode":"SDN","adm0_name":"Sudan","adm1_pcode":"SD15","adm1_name":"Aj Jazirah","adm2_pcode":"SD15030","adm2_name":"Medani Al Kubra","adm3_pcode":null,"adm3_name":null,"adm4_pcode":null,"adm4_name":null,"name_latin":null},"geometry":{"type":"Polygon","coordinates":[[[33.6329062,14.2356206],[33.6329171,14.2355576],[33.6332734,14.2356155],[33.6332602,14.2356914],[33.6332203,14.2356849],[33.633227,14.2356458],[33.6329511,14.2356011],[33.6329465,14.2356272],[33.6329062,14.2356206]]]}},{"type":"Feature","properties":{"id":"way/1103405418","name":null,"name_en":null,"name_ar":null,"amenity":"school","building":null,"operator_type":null,"capacity_persons":null,"addr_full":null,"addr_city":null,"source":null,"adm0_pcode":"SDN","adm0_name":"Sudan","adm1_pcode":"SD15","adm1_name":"Aj Jazirah","adm2_pcode":"SD15030","adm2_name":"Medani Al Kubra","adm3_pcode":null,"adm3_name":null,"adm4_pcode":null,"adm4_name":null,"name_latin":null},"geometry":{"type":"Polygon","coordinates":[[[33.6328485,14.2358521],[33.6328865,14.2358547],[33.6328886,14.2358255],[33.6328506,14.2358229],[33.6328485,14.2358521]]]}},{"type":"Feature","properties":{"id":"way/1103405419","name":null,"name_en":null,"name_ar":null,"amenity":"school","building":null,"operator_type":null,"capacity_persons":null,"addr_full":null,"addr_city":null,"source":null,"adm0_pcode":"SDN","adm0_name":"Sudan","adm1_pcode":"SD15","adm1_name":"Aj Jazirah","adm2_pcode":"SD15030","adm2_name":"Medani Al Kubra","adm3_pcode":null,"adm3_name":null,"adm4_pcode":null,"adm4_name":null,"name_latin":null},"geometry":{"type":"Polygon","coordinates":[[[33.6327449,14.236126],[33.6331359,14.2362193],[33.6331716,14.2360716],[33.633215,14.2358842],[33.6332571,14.2356975],[33.6332625,14.2356982],[33.633278,14.2356108],[33.6329069,14.2355515],[33.6328392,14.2358513],[33.6328145,14.2358461],[33.6327449,14.236126]]]}},{"type":"Feature","properties":{"id":"way/1103405415","name":null,"name_en":null,"name_ar":null,"amenity":"school","building":null,"operator_type":null,"capacity_persons":null,"addr_full":null,"addr_city":null,"source":null,"adm0_pcode":"SDN","adm0_name":"Sudan","adm1_pcode":"SD15","adm1_name":"Aj Jazirah","adm2_pcode":"SD15030","adm2_name":"Medani Al Kubra","adm3_pcode":null,"adm3_name":null,"adm4_pcode":null,"adm4_name":null,"name_latin":null},"geometry":{"type":"Polygon","coordinates":[[[33.6327886,14.2361317],[33.6329413,14.2361675],[33.6329517,14.236126],[33.632846,14.2361012],[33.6328532,14.2360725],[33.6328061,14.2360614],[33.6327886,14.2361317]]]}},{"type":"Feature","properties":{"id":"way/1103405416","name":null,"name_en":null,"name_ar":null,"amenity":"school","building":null,"operator_type":null,"capacity_persons":null,"addr_full":null,"addr_city":null,"source":null,"adm0_pcode":"SDN","adm0_name":"Sudan","adm1_pcode":"SD15","adm1_name":"Aj Jazirah","adm2_pcode":"SD15030","adm2_name":"Medani Al Kubra","adm3_pcode":null,"adm3_name":null,"adm4_pcode":null,"adm4_name":null,"name_latin":null},"geometry":{"type":"Polygon","coordinates":[[[33.6329716,14.2361742],[33.6329825,14.2361349],[33.6331401,14.2361759],[33.6331292,14.2362151],[33.6329716,14.2361742]]]}},{"type":"Feature","properties":{"id":"node/13463825030","name":"كلية فارس التقنية","name_en":null,"name_ar":null,"amenity":"college","building":null,"operator_type":"university","capacity_persons":null,"addr_full":null,"addr_city":null,"source":null,"adm0_pcode":"SDN","adm0_name":"Sudan","adm1_pcode":"SD15","adm1_name":"Aj Jazirah","adm2_pcode":"SD15031","adm2_name":"Janub Al Jazirah","adm3_pcode":null,"adm3_name":null,"adm4_pcode":null,"adm4_name":null,"name_latin":"kly@ frs ltqny@"},"geometry":{"type":"Point","coordinates":[33.541241,13.84303]}},{"type":"Feature","properties":{"id":"way/1096703799","name":null,"name_en":null,"name_ar":null,"amenity":null,"building":"school","operator_type":null,"capacity_persons":null,"addr_full":null,"addr_city":null,"source":null,"adm0_pcode":"SDN","adm0_name":"Sudan","adm1_pcode":"SD15","adm1_name":"Aj Jazirah","adm2_pcode":"SD15036","adm2_name":"Al Manaqil","adm3_pcode":null,"adm3_name":null,"adm4_pcode":null,"adm4_name":null,"name_latin":null},"geometry":{"type":"Polygon","coordinates":[[[32.9925921,14.2673917],[32.9925915,14.2673401],[32.9926338,14.2673397],[32.9926344,14.2673913],[32.9925921,14.2673917]]]}},{"type":"Feature","properties":{"id":"way/1095459654","name":null,"name_en":null,"name_ar":null,"amenity":null,"building":"school","operator_type":null,"capacity_persons":null,"addr_full":null,"addr_city":null,"source":null,"adm0_pcode":"SDN","adm0_name":"Sudan","adm1_pcode":"SD15","adm1_name":"Aj Jazirah","adm2_pcode":"SD15036","adm2_name":"Al Manaqil","adm3_pcode":null,"adm3_name":null,"adm4_pcode":null,"adm4_name":null,"name_latin":null},"geometry":{"type":"Polygon","coordinates":[[[32.9925587,14.2673749],[32.9925583,14.2673172],[32.9923477,14.2673187],[32.9923481,14.2673765],[32.9925587,14.2673749]]]}},{"type":"Feature","properties":{"id":"way/1095459656","name":null,"name_en":null,"name_ar":null,"amenity":null,"building":"school","operator_type":null,"capacity_persons":null,"addr_full":null,"addr_city":null,"source":null,"adm0_pcode":"SDN","adm0_name":"Sudan","adm1_pcode":"SD15","adm1_name":"Aj Jazirah","adm2_pcode":"SD15036","adm2_name":"Al Manaqil","adm3_pcode":null,"adm3_name":null,"adm4_pcode":null,"adm4_name":null,"name_latin":null},"geometry":{"type":"Polygon","coordinates":[[[32.9928107,14.2673167],[32.9926409,14.267316],[32.9926407,14.2673696],[32.9928104,14.2673703],[32.9928107,14.2673167]]]}},{"type":"Feature","properties":{"id":"way/1095459655","name":null,"name_en":null,"name_ar":null,"amenity":null,"building":"school","operator_type":null,"capacity_persons":null,"addr_full":null,"addr_city":null,"source":null,"adm0_pcode":"SDN","adm0_name":"Sudan","adm1_pcode":"SD15","adm1_name":"Aj Jazirah","adm2_pcode":"SD15036","adm2_name":"Al Manaqil","adm3_pcode":null,"adm3_name":null,"adm4_pcode":null,"adm4_name":null,"name_latin":null},"geometry":{"type":"Polygon","coordinates":[[[32.9922881,14.2673011],[32.992288,14.2673751],[32.9923434,14.2673751],[32.9923435,14.2673012],[32.9922881,14.2673011]]]}},{"type":"Feature","properties":{"id":"way/1095459658","name":null,"name_en":null,"name_ar":null,"amenity":null,"building":"school","operator_type":null,"capacity_persons":null,"addr_full":null,"addr_city":null,"source":null,"adm0_pcode":"SDN","adm0_name":"Sudan","adm1_pcode":"SD15","adm1_name":"Aj Jazirah","adm2_pcode":"SD15036","adm2_name":"Al Manaqil","adm3_pcode":null,"adm3_name":null,"adm4_pcode":null,"adm4_name":null,"name_latin":null},"geometry":{"type":"Polygon","coordinates":[[[32.9928736,14.2673613],[32.9929184,14.2673608],[32.9929178,14.2673122],[32.992873,14.2673127],[32.9928736,14.2673613]]]}},{"type":"Feature","properties":{"id":"way/1095459659","name":null,"name_en":null,"name_ar":null,"amenity":null,"building":"school","operator_type":null,"capacity_persons":null,"addr_full":null,"addr_city":null,"source":null,"adm0_pcode":"SDN","adm0_name":"Sudan","adm1_pcode":"SD15","adm1_name":"Aj Jazirah","adm2_pcode":"SD15036","adm2_name":"Al Manaqil","adm3_pcode":null,"adm3_name":null,"adm4_pcode":null,"adm4_name":null,"name_latin":null},"geometry":{"type":"Polygon","coordinates":[[[32.9928746,14.2672823],[32.9929182,14.2672821],[32.992918,14.2672372],[32.9928744,14.2672374],[32.9928746,14.2672823]]]}},{"type":"Feature","properties":{"id":"way/1095459652","name":null,"name_en":null,"name_ar":null,"amenity":null,"building":"school","operator_type":null,"capacity_persons":null,"addr_full":null,"addr_city":null,"source":null,"adm0_pcode":"SDN","adm0_name":"Sudan","adm1_pcode":"SD15","adm1_name":"Aj Jazirah","adm2_pcode":"SD15036","adm2_name":"Al Manaqil","adm3_pcode":null,"adm3_name":null,"adm4_pcode":null,"adm4_name":null,"name_latin":null},"geometry":{"type":"Polygon","coordinates":[[[32.9922954,14.2672588],[32.9923242,14.2672588],[32.9923242,14.2672321],[32.9922954,14.2672321],[32.9922954,14.2672588]]]}},{"type":"Feature","properties":{"id":"way/1101395155","name":null,"name_en":null,"name_ar":null,"amenity":"school","building":null,"operator_type":null,"capacity_persons":null,"addr_full":null,"addr_city":null,"source":null,"adm0_pcode":"SDN","adm0_name":"Sudan","adm1_pcode":"SD15","adm1_name":"Aj Jazirah","adm2_pcode":"SD15036","adm2_name":"Al Manaqil","adm3_pcode":null,"adm3_name":null,"adm4_pcode":null,"adm4_name":null,"name_latin":null},"geometry":{"type":"Polygon","coordinates":[[[32.992929,14.2674505],[32.9929089,14.2665381],[32.9922786,14.2664965],[32.9922853,14.2674778],[32.992929,14.2674505]]]}},{"type":"Feature","properties":{"id":"way/1094494295","name":null,"name_en":null,"name_ar":null,"amenity":null,"building":"school","operator_type":null,"capacity_persons":null,"addr_full":null,"addr_city":null,"source":null,"adm0_pcode":"SDN","adm0_name":"Sudan","adm1_pcode":"SD15","adm1_name":"Aj Jazirah","adm2_pcode":"SD15036","adm2_name":"Al Manaqil","adm3_pcode":null,"adm3_name":null,"adm4_pcode":null,"adm4_name":null,"name_latin":null},"geometry":{"type":"Polygon","coordinates":[[[32.9923521,14.2669989],[32.9923529,14.266954],[32.992515,14.2669568],[32.9925142,14.2670016],[32.9923521,14.2669989]]]}},{"type":"Feature","properties":{"id":"way/1094346859","name":null,"name_en":null,"name_ar":null,"amenity":null,"building":"school","operator_type":null,"capacity_persons":null,"addr_full":null,"addr_city":null,"source":null,"adm0_pcode":"SDN","adm0_name":"Sudan","adm1_pcode":"SD15","adm1_name":"Aj Jazirah","adm2_pcode":"SD15036","adm2_name":"Al Manaqil","adm3_pcode":null,"adm3_name":null,"adm4_pcode":null,"adm4_name":null,"name_latin":null},"geometry":{"type":"Polygon","coordinates":[[[32.992712,14.2670016],[32.9928223,14.2670036],[32.9928233,14.2669527],[32.9926437,14.2669495],[32.9926427,14.2670004],[32.992712,14.2670016]]]}},{"type":"Feature","properties":{"id":"way/1094503068","name":null,"name_en":null,"name_ar":null,"amenity":null,"building":"school","operator_type":null,"capacity_persons":null,"addr_full":null,"addr_city":null,"source":null,"adm0_pcode":"SDN","adm0_name":"Sudan","adm1_pcode":"SD15","adm1_name":"Aj Jazirah","adm2_pcode":"SD15036","adm2_name":"Al Manaqil","adm3_pcode":null,"adm3_name":null,"adm4_pcode":null,"adm4_name":null,"name_latin":null},"geometry":{"type":"Polygon","coordinates":[[[32.9925945,14.2669819],[32.9926387,14.2669819],[32.9926387,14.2669286],[32.9925945,14.2669286],[32.9925945,14.2669819]]]}},{"type":"Feature","properties":{"id":"way/1102760845","name":null,"name_en":null,"name_ar":null,"amenity":"school","building":null,"operator_type":null,"capacity_persons":null,"addr_full":null,"addr_city":null,"source":null,"adm0_pcode":"SDN","adm0_name":"Sudan","adm1_pcode":"SD15","adm1_name":"Aj Jazirah","adm2_pcode":"SD15036","adm2_name":"Al Manaqil","adm3_pcode":null,"adm3_name":null,"adm4_pcode":null,"adm4_name":null,"name_latin":null},"geometry":{"type":"Polygon","coordinates":[[[32.9870964,14.2666531],[32.9870954,14.2666237],[32.9870535,14.266625],[32.9870545,14.2666544],[32.9870964,14.2666531]]]}},{"type":"Feature","properties":{"id":"way/1099677281","name":null,"name_en":null,"name_ar":null,"amenity":"school","building":null,"operator_type":null,"capacity_persons":null,"addr_full":null,"addr_city":null,"source":null,"adm0_pcode":"SDN","adm0_name":"Sudan","adm1_pcode":"SD15","adm1_name":"Aj Jazirah","adm2_pcode":"SD15036","adm2_name":"Al Manaqil","adm3_pcode":null,"adm3_name":null,"adm4_pcode":null,"adm4_name":null,"name_latin":null},"geometry":{"type":"Polygon","coordinates":[[[32.9872038,14.2666543],[32.9872032,14.2666138],[32.9870974,14.2666155],[32.9870981,14.2666535],[32.9870972,14.2666559],[32.9872038,14.2666543]]]}},{"type":"Feature","properties":{"id":"way/1099677283","name":null,"name_en":null,"name_ar":null,"amenity":"school","building":null,"operator_type":null,"capacity_persons":null,"addr_full":null,"addr_city":null,"source":null,"adm0_pcode":"SDN","adm0_name":"Sudan","adm1_pcode":"SD15","adm1_name":"Aj Jazirah","adm2_pcode":"SD15036","adm2_name":"Al Manaqil","adm3_pcode":null,"adm3_name":null,"adm4_pcode":null,"adm4_name":null,"name_latin":null},"geometry":{"type":"Polygon","coordinates":[[[32.9874599,14.2666534],[32.9874595,14.2666124],[32.9872723,14.2666138],[32.9872726,14.2666548],[32.9874599,14.2666534]]]}},{"type":"Feature","properties":{"id":"way/1099677282","name":null,"name_en":null,"name_ar":null,"amenity":"school","building":null,"operator_type":null,"capacity_persons":null,"addr_full":null,"addr_city":null,"source":null,"adm0_pcode":"SDN","adm0_name":"Sudan","adm1_pcode":"SD15","adm1_name":"Aj Jazirah","adm2_pcode":"SD15036","adm2_name":"Al Manaqil","adm3_pcode":null,"adm3_name":null,"adm4_pcode":null,"adm4_name":null,"name_latin":null},"geometry":{"type":"Polygon","coordinates":[[[32.9872695,14.2666528],[32.9872691,14.2666132],[32.9872061,14.2666139],[32.9872065,14.2666534],[32.9872695,14.2666528]]]}},{"type":"Feature","properties":{"id":"way/1099677289","name":null,"name_en":null,"name_ar":null,"amenity":"school","building":null,"operator_type":null,"capacity_persons":null,"addr_full":null,"addr_city":null,"source":null,"adm0_pcode":"SDN","adm0_name":"Sudan","adm1_pcode":"SD15","adm1_name":"Aj Jazirah","adm2_pcode":"SD15036","adm2_name":"Al Manaqil","adm3_pcode":null,"adm3_name":null,"adm4_pcode":null,"adm4_name":null,"name_latin":null},"geometry":{"type":"Polygon","coordinates":[[[32.9870928,14.2663076],[32.9871777,14.266307],[32.9871773,14.2662603],[32.9870925,14.2662609],[32.9870928,14.2663076]]]}},{"type":"Feature","properties":{"id":"way/1099677288","name":null,"name_en":null,"name_ar":null,"amenity":"school","building":null,"operator_type":null,"capacity_persons":null,"addr_full":null,"addr_city":null,"source":null,"adm0_pcode":"SDN","adm0_name":"Sudan","adm1_pcode":"SD15","adm1_name":"Aj Jazirah","adm2_pcode":"SD15036","adm2_name":"Al Manaqil","adm3_pcode":null,"adm3_name":null,"adm4_pcode":null,"adm4_name":null,"name_latin":null},"geometry":{"type":"Polygon","coordinates":[[[32.9871786,14.2663065],[32.9872738,14.2663059],[32.9872735,14.2662591],[32.9871783,14.2662597],[32.9871786,14.2663065]]]}},{"type":"Feature","properties":{"id":"way/1099677287","name":null,"name_en":null,"name_ar":null,"amenity":"school","building":null,"operator_type":null,"capacity_persons":null,"addr_full":null,"addr_city":null,"source":null,"adm0_pcode":"SDN","adm0_name":"Sudan","adm1_pcode":"SD15","adm1_name":"Aj Jazirah","adm2_pcode":"SD15036","adm2_name":"Al Manaqil","adm3_pcode":null,"adm3_name":null,"adm4_pcode":null,"adm4_name":null,"name_latin":null},"geometry":{"type":"Polygon","coordinates":[[[32.9872751,14.2663001],[32.9873462,14.2662996],[32.9873458,14.2662528],[32.9872748,14.2662533],[32.9872751,14.2663001]]]}},{"type":"Feature","properties":{"id":"way/1099677286","name":null,"name_en":null,"name_ar":null,"amenity":"school","building":null,"operator_type":null,"capacity_persons":null,"addr_full":null,"addr_city":null,"source":null,"adm0_pcode":"SDN","adm0_name":"Sudan","adm1_pcode":"SD15","adm1_name":"Aj Jazirah","adm2_pcode":"SD15036","adm2_name":"Al Manaqil","adm3_pcode":null,"adm3_name":null,"adm4_pcode":null,"adm4_name":null,"name_latin":null},"geometry":{"type":"Polygon","coordinates":[[[32.9873475,14.2662989],[32.9874346,14.2662983],[32.9874343,14.2662515],[32.9873471,14.2662521],[32.9873475,14.2662989]]]}},{"type":"Feature","properties":{"id":"way/1099677285","name":null,"name_en":null,"name_ar":null,"amenity":"school","building":null,"operator_type":null,"capacity_persons":null,"addr_full":null,"addr_city":null,"source":null,"adm0_pcode":"SDN","adm0_name":"Sudan","adm1_pcode":"SD15","adm1_name":"Aj Jazirah","adm2_pcode":"SD15036","adm2_name":"Al Manaqil","adm3_pcode":null,"adm3_name":null,"adm4_pcode":null,"adm4_name":null,"name_latin":null},"geometry":{"type":"Polygon","coordinates":[[[32.9874354,14.2662988],[32.9875468,14.266298],[32.9875464,14.2662512],[32.9874351,14.266252],[32.9874354,14.2662988]]]}},{"type":"Feature","properties":{"id":"way/1099677284","name":null,"name_en":null,"name_ar":null,"amenity":"school","building":null,"operator_type":null,"capacity_persons":null,"addr_full":null,"addr_city":null,"source":null,"adm0_pcode":"SDN","adm0_name":"Sudan","adm1_pcode":"SD15","adm1_name":"Aj Jazirah","adm2_pcode":"SD15036","adm2_name":"Al Manaqil","adm3_pcode":null,"adm3_name":null,"adm4_pcode":null,"adm4_name":null,"name_latin":null},"geometry":{"type":"Polygon","coordinates":[[[32.9875475,14.2662965],[32.9876367,14.2662958],[32.9876363,14.2662491],[32.9875471,14.2662497],[32.9875475,14.2662965]]]}},{"type":"Feature","properties":{"id":"way/1099677280","name":null,"name_en":null,"name_ar":null,"amenity":null,"building":"school","operator_type":null,"capacity_persons":null,"addr_full":null,"addr_city":null,"source":null,"adm0_pcode":"SDN","adm0_name":"Sudan","adm1_pcode":"SD15","adm1_name":"Aj Jazirah","adm2_pcode":"SD15036","adm2_name":"Al Manaqil","adm3_pcode":null,"adm3_name":null,"adm4_pcode":null,"adm4_name":null,"name_latin":null},"geometry":{"type":"Polygon","coordinates":[[[32.9867022,14.2661851],[32.9867027,14.2662101],[32.9867085,14.26621],[32.9867092,14.2662435],[32.9867489,14.2662427],[32.9867477,14.2661842],[32.9867022,14.2661851]]]}},{"type":"Feature","properties":{"id":"way/1102760846","name":null,"name_en":null,"name_ar":null,"amenity":null,"building":"school","operator_type":null,"capacity_persons":null,"addr_full":null,"addr_city":null,"source":null,"adm0_pcode":"SDN","adm0_name":"Sudan","adm1_pcode":"SD15","adm1_name":"Aj Jazirah","adm2_pcode":"SD15036","adm2_name":"Al Manaqil","adm3_pcode":null,"adm3_name":null,"adm4_pcode":null,"adm4_name":null,"name_latin":null},"geometry":{"type":"Polygon","coordinates":[[[32.9867471,14.266183],[32.9867016,14.2661839],[32.9867016,14.2661478],[32.9867467,14.2661474],[32.9867471,14.266183]]]}},{"type":"Feature","properties":{"id":"way/1102760847","name":null,"name_en":null,"name_ar":null,"amenity":null,"building":"school","operator_type":null,"capacity_persons":null,"addr_full":null,"addr_city":null,"source":null,"adm0_pcode":"SDN","adm0_name":"Sudan","adm1_pcode":"SD15","adm1_name":"Aj Jazirah","adm2_pcode":"SD15036","adm2_name":"Al Manaqil","adm3_pcode":null,"adm3_name":null,"adm4_pcode":null,"adm4_name":null,"name_latin":null},"geometry":{"type":"Polygon","coordinates":[[[32.9875987,14.2660477],[32.9875981,14.2660255],[32.9876159,14.266025],[32.9876164,14.2660473],[32.9875987,14.2660477]]]}},{"type":"Feature","properties":{"id":"way/1099677290","name":null,"name_en":null,"name_ar":null,"amenity":"school","building":null,"operator_type":null,"capacity_persons":null,"addr_full":null,"addr_city":null,"source":null,"adm0_pcode":"SDN","adm0_name":"Sudan","adm1_pcode":"SD15","adm1_name":"Aj Jazirah","adm2_pcode":"SD15036","adm2_name":"Al Manaqil","adm3_pcode":null,"adm3_name":null,"adm4_pcode":null,"adm4_name":null,"name_latin":null},"geometry":{"type":"Polygon","coordinates":[[[32.9871315,14.2660375],[32.9871303,14.2659872],[32.987069,14.2659885],[32.9870702,14.2660388],[32.9871315,14.2660375]]]}},{"type":"Feature","properties":{"id":"way/1099677291","name":null,"name_en":null,"name_ar":null,"amenity":"school","building":null,"operator_type":null,"capacity_persons":null,"addr_full":null,"addr_city":null,"source":null,"adm0_pcode":"SDN","adm0_name":"Sudan","adm1_pcode":"SD15","adm1_name":"Aj Jazirah","adm2_pcode":"SD15036","adm2_name":"Al Manaqil","adm3_pcode":null,"adm3_name":null,"adm4_pcode":null,"adm4_name":null,"name_latin":null},"geometry":{"type":"Polygon","coordinates":[[[32.987253,14.2660479],[32.9872971,14.2660473],[32.9872969,14.2660317],[32.9874303,14.2660301],[32.9874296,14.2659788],[32.9872982,14.2659803],[32.987298,14.2659649],[32.9872503,14.2659654],[32.9872506,14.2659862],[32.9871357,14.2659876],[32.9871363,14.2660352],[32.9872529,14.2660338],[32.987253,14.2660479]]]}},{"type":"Feature","properties":{"id":"way/1099677299","name":null,"name_en":null,"name_ar":null,"amenity":null,"building":"school","operator_type":null,"capacity_persons":null,"addr_full":null,"addr_city":null,"source":null,"adm0_pcode":"SDN","adm0_name":"Sudan","adm1_pcode":"SD15","adm1_name":"Aj Jazirah","adm2_pcode":"SD15036","adm2_name":"Al Manaqil","adm3_pcode":null,"adm3_name":null,"adm4_pcode":null,"adm4_name":null,"name_latin":null},"geometry":{"type":"Polygon","coordinates":[[[32.9868745,14.2659707],[32.9869126,14.2659711],[32.9869129,14.2659412],[32.9868749,14.2659408],[32.9868745,14.2659707]]]}},{"type":"Feature","properties":{"id":"way/1102354420","name":null,"name_en":null,"name_ar":null,"amenity":null,"building":"school","operator_type":null,"capacity_persons":null,"addr_full":null,"addr_city":null,"source":null,"adm0_pcode":"SDN","adm0_name":"Sudan","adm1_pcode":"SD15","adm1_name":"Aj Jazirah","adm2_pcode":"SD15037","adm2_name":"Al Qurashi","adm3_pcode":null,"adm3_name":null,"adm4_pcode":null,"adm4_name":null,"name_latin":null},"geometry":{"type":"Polygon","coordinates":[[[32.7088808,14.260531],[32.7090411,14.2606474],[32.7090734,14.260622],[32.7089132,14.2604966],[32.7088808,14.260531]]]}},{"type":"Feature","properties":{"id":"way/1102354421","name":null,"name_en":null,"name_ar":null,"amenity":null,"building":"school","operator_type":null,"capacity_persons":null,"addr_full":null,"addr_city":null,"source":null,"adm0_pcode":"SDN","adm0_name":"Sudan","adm1_pcode":"SD15","adm1_name":"Aj Jazirah","adm2_pcode":"SD15037","adm2_name":"Al Qurashi","adm3_pcode":null,"adm3_name":null,"adm4_pcode":null,"adm4_name":null,"name_latin":null},"geometry":{"type":"Polygon","coordinates":[[[32.7087176,14.2603533],[32.7088747,14.2604683],[32.7089055,14.2604369],[32.7087514,14.2603309],[32.7087176,14.2603533]]]}},{"type":"Feature","properties":{"id":"way/1102354422","name":null,"name_en":null,"name_ar":null,"amenity":null,"building":"school","operator_type":null,"capacity_persons":null,"addr_full":null,"addr_city":null,"source":null,"adm0_pcode":"SDN","adm0_name":"Sudan","adm1_pcode":"SD15","adm1_name":"Aj Jazirah","adm2_pcode":"SD15037","adm2_name":"Al Qurashi","adm3_pcode":null,"adm3_name":null,"adm4_pcode":null,"adm4_name":null,"name_latin":null},"geometry":{"type":"Polygon","coordinates":[[[32.708864,14.2601924],[32.7091418,14.2604061],[32.7091686,14.2603734],[32.7088908,14.2601597],[32.708864,14.2601924]]]}},{"type":"Feature","properties":{"id":"way/1102758381","name":null,"name_en":null,"name_ar":null,"amenity":null,"building":"school","operator_type":null,"capacity_persons":null,"addr_full":null,"addr_city":null,"source":null,"adm0_pcode":"SDN","adm0_name":"Sudan","adm1_pcode":"SD15","adm1_name":"Aj Jazirah","adm2_pcode":"SD15036","adm2_name":"Al Manaqil","adm3_pcode":null,"adm3_name":null,"adm4_pcode":null,"adm4_name":null,"name_latin":null},"geometry":{"type":"Polygon","coordinates":[[[32.9834146,14.2557134],[32.9838734,14.2557644],[32.9838781,14.2557123],[32.9834239,14.2556603],[32.9834146,14.2557134]]]}},{"type":"Feature","properties":{"id":"way/1102758382","name":null,"name_en":null,"name_ar":null,"amenity":null,"building":"school","operator_type":null,"capacity_persons":null,"addr_full":null,"addr_city":null,"source":null,"adm0_pcode":"SDN","adm0_name":"Sudan","adm1_pcode":"SD15","adm1_name":"Aj Jazirah","adm2_pcode":"SD15036","adm2_name":"Al Manaqil","adm3_pcode":null,"adm3_name":null,"adm4_pcode":null,"adm4_name":null,"name_latin":null},"geometry":{"type":"Polygon","coordinates":[[[32.9838453,14.2556674],[32.9839545,14.2556796],[32.9839612,14.255623],[32.983852,14.2556108],[32.9838453,14.2556674]]]}},{"type":"Feature","properties":{"id":"way/1098757912","name":null,"name_en":null,"name_ar":null,"amenity":null,"building":"school","operator_type":null,"capacity_persons":null,"addr_full":null,"addr_city":null,"source":null,"adm0_pcode":"SDN","adm0_name":"Sudan","adm1_pcode":"SD15","adm1_name":"Aj Jazirah","adm2_pcode":"SD15036","adm2_name":"Al Manaqil","adm3_pcode":null,"adm3_name":null,"adm4_pcode":null,"adm4_name":null,"name_latin":null},"geometry":{"type":"Polygon","coordinates":[[[32.9833394,14.2556238],[32.9834263,14.2556284],[32.9834293,14.2555747],[32.9833424,14.2555702],[32.9833394,14.2556238]]]}},{"type":"Feature","properties":{"id":"way/320898713","name":null,"name_en":null,"name_ar":null,"amenity":"school","building":null,"operator_type":null,"capacity_persons":null,"addr_full":null,"addr_city":null,"source":null,"adm0_pcode":"SDN","adm0_name":"Sudan","adm1_pcode":"SD15","adm1_name":"Aj Jazirah","adm2_pcode":"SD15036","adm2_name":"Al Manaqil","adm3_pcode":null,"adm3_name":null,"adm4_pcode":null,"adm4_name":null,"name_latin":null},"geometry":{"type":"Polygon","coordinates":[[[32.9839535,14.2557923],[32.9832883,14.2557195],[32.9833527,14.2551268],[32.9840286,14.2552308],[32.9839535,14.2557923]]]}},{"type":"Feature","properties":{"id":"way/1098757911","name":null,"name_en":null,"name_ar":null,"amenity":null,"building":"school","operator_type":null,"capacity_persons":null,"addr_full":null,"addr_city":null,"source":null,"adm0_pcode":"SDN","adm0_name":"Sudan","adm1_pcode":"SD15","adm1_name":"Aj Jazirah","adm2_pcode":"SD15036","adm2_name":"Al Manaqil","adm3_pcode":null,"adm3_name":null,"adm4_pcode":null,"adm4_name":null,"name_latin":null},"geometry":{"type":"Polygon","coordinates":[[[32.9837006,14.255373],[32.983705,14.2553154],[32.9834663,14.2552981],[32.9834618,14.2553557],[32.9837006,14.255373]]]}},{"type":"Feature","properties":{"id":"way/1102758383","name":null,"name_en":null,"name_ar":null,"amenity":null,"building":"school","operator_type":null,"capacity_persons":null,"addr_full":null,"addr_city":null,"source":null,"adm0_pcode":"SDN","adm0_name":"Sudan","adm1_pcode":"SD15","adm1_name":"Aj Jazirah","adm2_pcode":"SD15036","adm2_name":"Al Manaqil","adm3_pcode":null,"adm3_name":null,"adm4_pcode":null,"adm4_name":null,"name_latin":null},"geometry":{"type":"Polygon","coordinates":[[[32.9837613,14.2553417],[32.9838137,14.2552754],[32.983861,14.2553106],[32.9838085,14.2553768],[32.9837613,14.2553417]]]}},{"type":"Feature","properties":{"id":"way/320606158","name":"مدرسه المناقل الثانويه بنين","name_en":null,"name_ar":null,"amenity":"school","building":null,"operator_type":null,"capacity_persons":null,"addr_full":null,"addr_city":null,"source":null,"adm0_pcode":"SDN","adm0_name":"Sudan","adm1_pcode":"SD15","adm1_name":"Aj Jazirah","adm2_pcode":"SD15036","adm2_name":"Al Manaqil","adm3_pcode":null,"adm3_name":null,"adm4_pcode":null,"adm4_name":null,"name_latin":"mdrsh lmnql lthnwyh bnyn"},"geometry":{"type":"Polygon","coordinates":[[[32.9985635,14.255793],[32.9969076,14.25569],[32.9969971,14.2549821],[32.9971122,14.2540979],[32.9979202,14.2542046],[32.9980544,14.2542208],[32.9986985,14.2543019],[32.9985912,14.255438],[32.9985858,14.255542],[32.9985635,14.255793]]]}},{"type":"Feature","properties":{"id":"way/320606368","name":"كلية الانتاج الحيواني","name_en":null,"name_ar":null,"amenity":"college","building":null,"operator_type":null,"capacity_persons":null,"addr_full":null,"addr_city":null,"source":null,"adm0_pcode":"SDN","adm0_name":"Sudan","adm1_pcode":"SD15","adm1_name":"Aj Jazirah","adm2_pcode":"SD15036","adm2_name":"Al Manaqil","adm3_pcode":null,"adm3_name":null,"adm4_pcode":null,"adm4_name":null,"name_latin":"kly@ lntj lHywny"},"geometry":{"type":"Polygon","coordinates":[[[32.9968313,14.2538508],[32.9953736,14.253683],[32.9956756,14.2505424],[32.9971638,14.2506229],[32.9970329,14.2522716],[32.9968313,14.2538508]]]}},{"type":"Feature","properties":{"id":"way/320605370","name":"school bounds","name_en":null,"name_ar":null,"amenity":"school","building":null,"operator_type":null,"capacity_persons":null,"addr_full":null,"addr_city":null,"source":null,"adm0_pcode":"SDN","adm0_name":"Sudan","adm1_pcode":"SD15","adm1_name":"Aj Jazirah","adm2_pcode":"SD15036","adm2_name":"Al Manaqil","adm3_pcode":null,"adm3_name":null,"adm4_pcode":null,"adm4_name":null,"name_latin":"school bounds"},"geometry":{"type":"Polygon","coordinates":[[[33.000126,14.2518558],[32.9998672,14.2518275],[32.9991939,14.2517761],[32.9992762,14.2508733],[33.0002283,14.2509387],[33.000126,14.2518558]]]}},{"type":"Feature","properties":{"id":"way/320605395","name":"school grounds","name_en":null,"name_ar":null,"amenity":"school","building":null,"operator_type":null,"capacity_persons":null,"addr_full":null,"addr_city":null,"source":null,"adm0_pcode":"SDN","adm0_name":"Sudan","adm1_pcode":"SD15","adm1_name":"Aj Jazirah","adm2_pcode":"SD15036","adm2_name":"Al Manaqil","adm3_pcode":null,"adm3_name":null,"adm4_pcode":null,"adm4_name":null,"name_latin":"school grounds"},"geometry":{"type":"Polygon","coordinates":[[[33.0011833,14.2505036],[32.9992974,14.2503446],[32.9995434,14.2477397],[33.0014384,14.2478898],[33.0011833,14.2505036]]]}},{"type":"Feature","properties":{"id":"way/320605958","name":"كلية القران الكريم","name_en":"College of the Holy Quran","name_ar":"كلية القران الكريم","amenity":"college","building":null,"operator_type":null,"capacity_persons":null,"addr_full":null,"addr_city":null,"source":null,"adm0_pcode":"SDN","adm0_name":"Sudan","adm1_pcode":"SD15","adm1_name":"Aj Jazirah","adm2_pcode":"SD15036","adm2_name":"Al Manaqil","adm3_pcode":null,"adm3_name":null,"adm4_pcode":null,"adm4_name":null,"name_latin":"College of the Holy Quran"},"geometry":{"type":"Polygon","coordinates":[[[33.0015541,14.2470822],[32.9995736,14.2469643],[32.9996623,14.2455654],[33.0016426,14.2456832],[33.0015541,14.2470822]]]}},{"type":"Feature","properties":{"id":"way/1099730758","name":null,"name_en":null,"name_ar":null,"amenity":"school","building":null,"operator_type":null,"capacity_persons":null,"addr_full":null,"addr_city":null,"source":null,"adm0_pcode":"SDN","adm0_name":"Sudan","adm1_pcode":"SD15","adm1_name":"Aj Jazirah","adm2_pcode":"SD15036","adm2_name":"Al Manaqil","adm3_pcode":null,"adm3_name":null,"adm4_pcode":null,"adm4_name":null,"name_latin":null},"geometry":{"type":"Polygon","coordinates":[[[32.9697424,14.2428101],[32.9697331,14.2427521],[32.9699249,14.2427232],[32.9699342,14.2427811],[32.9697424,14.2428101]]]}},{"type":"Feature","properties":{"id":"way/1094317883","name":null,"name_en":null,"name_ar":null,"amenity":"school","building":null,"operator_type":null,"capacity_persons":null,"addr_full":null,"addr_city":null,"source":null,"adm0_pcode":"SDN","adm0_name":"Sudan","adm1_pcode":"SD15","adm1_name":"Aj Jazirah","adm2_pcode":"SD15036","adm2_name":"Al Manaqil","adm3_pcode":null,"adm3_name":null,"adm4_pcode":null,"adm4_name":null,"name_latin":null},"geometry":{"type":"Polygon","coordinates":[[[32.9699734,14.2427639],[32.9699684,14.242725],[32.9701452,14.2427034],[32.9701502,14.2427424],[32.9699734,14.2427639]]]}},{"type":"Feature","properties":{"id":"way/1101189052","name":null,"name_en":null,"name_ar":null,"amenity":"school","building":null,"operator_type":null,"capacity_persons":null,"addr_full":null,"addr_city":null,"source":null,"adm0_pcode":"SDN","adm0_name":"Sudan","adm1_pcode":"SD15","adm1_name":"Aj Jazirah","adm2_pcode":"SD15036","adm2_name":"Al Manaqil","adm3_pcode":null,"adm3_name":null,"adm4_pcode":null,"adm4_name":null,"name_latin":null},"geometry":{"type":"Polygon","coordinates":[[[32.9703267,14.2427886],[32.9697024,14.242866],[32.9696347,14.2423534],[32.9702591,14.2422759],[32.9703267,14.2427886]]]}},{"type":"Feature","properties":{"id":"way/1099730759","name":null,"name_en":null,"name_ar":null,"amenity":"school","building":null,"operator_type":null,"capacity_persons":null,"addr_full":null,"addr_city":null,"source":null,"adm0_pcode":"SDN","adm0_name":"Sudan","adm1_pcode":"SD15","adm1_name":"Aj Jazirah","adm2_pcode":"SD15036","adm2_name":"Al Manaqil","adm3_pcode":null,"adm3_name":null,"adm4_pcode":null,"adm4_name":null,"name_latin":null},"geometry":{"type":"Polygon","coordinates":[[[32.9702389,14.2425076],[32.9702334,14.2424507],[32.9702694,14.2424474],[32.9702749,14.2425043],[32.9702389,14.2425076]]]}},{"type":"Feature","properties":{"id":"way/1101305123","name":null,"name_en":null,"name_ar":null,"amenity":"school","building":null,"operator_type":null,"capacity_persons":null,"addr_full":null,"addr_city":null,"source":null,"adm0_pcode":"SDN","adm0_name":"Sudan","adm1_pcode":"SD15","adm1_name":"Aj Jazirah","adm2_pcode":"SD15037","adm2_name":"Al Qurashi","adm3_pcode":null,"adm3_name":null,"adm4_pcode":null,"adm4_name":null,"name_latin":null},"geometry":{"type":"Polygon","coordinates":[[[32.775631,14.2424931],[32.7756271,14.2425423],[32.7759061,14.2425629],[32.7759096,14.2425186],[32.7759984,14.2425252],[32.7760051,14.24244],[32.775869,14.2424299],[32.7758658,14.2424698],[32.775695,14.2424572],[32.7756994,14.2424015],[32.7754804,14.2423854],[32.7754729,14.2424814],[32.775631,14.2424931]]]}},{"type":"Feature","properties":{"id":"way/1096975171","name":null,"name_en":null,"name_ar":null,"amenity":"school","building":null,"operator_type":null,"capacity_persons":null,"addr_full":null,"addr_city":null,"source":null,"adm0_pcode":"SDN","adm0_name":"Sudan","adm1_pcode":"SD15","adm1_name":"Aj Jazirah","adm2_pcode":"SD15036","adm2_name":"Al Manaqil","adm3_pcode":null,"adm3_name":null,"adm4_pcode":null,"adm4_name":null,"name_latin":null},"geometry":{"type":"Polygon","coordinates":[[[32.9696771,14.2423766],[32.9696834,14.2424317],[32.9698793,14.2424107],[32.969873,14.2423556],[32.9696771,14.2423766]]]}},{"type":"Feature","properties":{"id":"way/1101305127","name":null,"name_en":null,"name_ar":null,"amenity":"school","building":null,"operator_type":null,"capacity_persons":null,"addr_full":null,"addr_city":null,"source":null,"adm0_pcode":"SDN","adm0_name":"Sudan","adm1_pcode":"SD15","adm1_name":"Aj Jazirah","adm2_pcode":"SD15037","adm2_name":"Al Qurashi","adm3_pcode":null,"adm3_name":null,"adm4_pcode":null,"adm4_name":null,"name_latin":null},"geometry":{"type":"Polygon","coordinates":[[[32.775714,14.2423019],[32.7757194,14.2422276],[32.7759076,14.2422406],[32.7759021,14.242315],[32.775714,14.2423019]]]}},{"type":"Feature","properties":{"id":"way/1101305126","name":null,"name_en":null,"name_ar":null,"amenity":"school","building":null,"operator_type":null,"capacity_persons":null,"addr_full":null,"addr_city":null,"source":null,"adm0_pcode":"SDN","adm0_name":"Sudan","adm1_pcode":"SD15","adm1_name":"Aj Jazirah","adm2_pcode":"SD15037","adm2_name":"Al Qurashi","adm3_pcode":null,"adm3_name":null,"adm4_pcode":null,"adm4_name":null,"name_latin":null},"geometry":{"type":"Polygon","coordinates":[[[32.775596,14.2422843],[32.7756011,14.2422086],[32.7756881,14.2422141],[32.7756829,14.2422899],[32.775596,14.2422843]]]}},{"type":"Feature","properties":{"id":"way/1101305129","name":null,"name_en":null,"name_ar":null,"amenity":"school","building":null,"operator_type":null,"capacity_persons":null,"addr_full":null,"addr_city":null,"source":null,"adm0_pcode":"SDN","adm0_name":"Sudan","adm1_pcode":"SD15","adm1_name":"Aj Jazirah","adm2_pcode":"SD15037","adm2_name":"Al Qurashi","adm3_pcode":null,"adm3_name":null,"adm4_pcode":null,"adm4_name":null,"name_latin":null},"geometry":{"type":"Polygon","coordinates":[[[32.7755727,14.2408976],[32.7762636,14.2409652],[32.7762486,14.241193],[32.7761627,14.2419698],[32.7760202,14.242992],[32.775345,14.2429302],[32.7754846,14.2419008],[32.7755727,14.2408976]]]}},{"type":"Feature","properties":{"id":"way/1101305122","name":null,"name_en":null,"name_ar":null,"amenity":"school","building":null,"operator_type":null,"capacity_persons":null,"addr_full":null,"addr_city":null,"source":null,"adm0_pcode":"SDN","adm0_name":"Sudan","adm1_pcode":"SD15","adm1_name":"Aj Jazirah","adm2_pcode":"SD15037","adm2_name":"Al Qurashi","adm3_pcode":null,"adm3_name":null,"adm4_pcode":null,"adm4_name":null,"name_latin":null},"geometry":{"type":"Polygon","coordinates":[[[32.7760794,14.2417749],[32.7761688,14.2417797],[32.776172,14.241723],[32.7760826,14.2417182],[32.7760794,14.2417749]]]}},{"type":"Feature","properties":{"id":"way/1101305124","name":null,"name_en":null,"name_ar":null,"amenity":"school","building":null,"operator_type":null,"capacity_persons":null,"addr_full":null,"addr_city":null,"source":null,"adm0_pcode":"SDN","adm0_name":"Sudan","adm1_pcode":"SD15","adm1_name":"Aj Jazirah","adm2_pcode":"SD15037","adm2_name":"Al Qurashi","adm3_pcode":null,"adm3_name":null,"adm4_pcode":null,"adm4_name":null,"name_latin":null},"geometry":{"type":"Polygon","coordinates":[[[32.775729,14.2416893],[32.7760384,14.2417134],[32.776042,14.2416702],[32.7761437,14.2416781],[32.7761515,14.2415847],[32.77601,14.2415737],[32.7760063,14.2416176],[32.775788,14.2416007],[32.7757921,14.2415514],[32.775626,14.2415385],[32.7756185,14.2416291],[32.7757333,14.241638],[32.775729,14.2416893]]]}},{"type":"Feature","properties":{"id":"way/1101305125","name":null,"name_en":null,"name_ar":null,"amenity":"school","building":null,"operator_type":null,"capacity_persons":null,"addr_full":null,"addr_city":null,"source":null,"adm0_pcode":"SDN","adm0_name":"Sudan","adm1_pcode":"SD15","adm1_name":"Aj Jazirah","adm2_pcode":"SD15037","adm2_name":"Al Qurashi","adm3_pcode":null,"adm3_name":null,"adm4_pcode":null,"adm4_name":null,"name_latin":null},"geometry":{"type":"Polygon","coordinates":[[[32.775625,14.241399],[32.775629,14.2413221],[32.7758955,14.2413352],[32.7758915,14.2414122],[32.775625,14.241399]]]}},{"type":"Feature","properties":{"id":"way/1101305128","name":null,"name_en":null,"name_ar":null,"amenity":"school","building":null,"operator_type":null,"capacity_persons":null,"addr_full":null,"addr_city":null,"source":null,"adm0_pcode":"SDN","adm0_name":"Sudan","adm1_pcode":"SD15","adm1_name":"Aj Jazirah","adm2_pcode":"SD15037","adm2_name":"Al Qurashi","adm3_pcode":null,"adm3_name":null,"adm4_pcode":null,"adm4_name":null,"name_latin":null},"geometry":{"type":"Polygon","coordinates":[[[32.7760659,14.2410895],[32.7760708,14.2410166],[32.7761989,14.2410247],[32.776194,14.2410976],[32.7760659,14.2410895]]]}},{"type":"Feature","properties":{"id":"way/1101305130","name":null,"name_en":null,"name_ar":null,"amenity":"school","building":null,"operator_type":null,"capacity_persons":null,"addr_full":null,"addr_city":null,"source":null,"adm0_pcode":"SDN","adm0_name":"Sudan","adm1_pcode":"SD15","adm1_name":"Aj Jazirah","adm2_pcode":"SD15037","adm2_name":"Al Qurashi","adm3_pcode":null,"adm3_name":null,"adm4_pcode":null,"adm4_name":null,"name_latin":null},"geometry":{"type":"Polygon","coordinates":[[[32.7756007,14.2410402],[32.775724,14.2410484],[32.7757273,14.2410028],[32.775604,14.2409946],[32.7756007,14.2410402]]]}},{"type":"Feature","properties":{"id":"way/1096980875","name":null,"name_en":null,"name_ar":null,"amenity":null,"building":"school","operator_type":null,"capacity_persons":null,"addr_full":null,"addr_city":null,"source":null,"adm0_pcode":"SDN","adm0_name":"Sudan","adm1_pcode":"SD15","adm1_name":"Aj Jazirah","adm2_pcode":"SD15036","adm2_name":"Al Manaqil","adm3_pcode":null,"adm3_name":null,"adm4_pcode":null,"adm4_name":null,"name_latin":null},"geometry":{"type":"Polygon","coordinates":[[[32.9693049,14.2367],[32.9693049,14.2367486],[32.9695037,14.2367485],[32.9695037,14.2367],[32.9693049,14.2367]]]}},{"type":"Feature","properties":{"id":"way/1100964334","name":null,"name_en":null,"name_ar":null,"amenity":null,"building":"school","operator_type":null,"capacity_persons":null,"addr_full":null,"addr_city":null,"source":null,"adm0_pcode":"SDN","adm0_name":"Sudan","adm1_pcode":"SD15","adm1_name":"Aj Jazirah","adm2_pcode":"SD15036","adm2_name":"Al Manaqil","adm3_pcode":null,"adm3_name":null,"adm4_pcode":null,"adm4_name":null,"name_latin":null},"geometry":{"type":"Polygon","coordinates":[[[32.970019,14.2366888],[32.9700197,14.2367356],[32.9700619,14.236735],[32.9700612,14.2366882],[32.970019,14.2366888]]]}},{"type":"Feature","properties":{"id":"way/1099978986","name":null,"name_en":null,"name_ar":null,"amenity":null,"building":"school","operator_type":null,"capacity_persons":null,"addr_full":null,"addr_city":null,"source":null,"adm0_pcode":"SDN","adm0_name":"Sudan","adm1_pcode":"SD15","adm1_name":"Aj Jazirah","adm2_pcode":"SD15036","adm2_name":"Al Manaqil","adm3_pcode":null,"adm3_name":null,"adm4_pcode":null,"adm4_name":null,"name_latin":null},"geometry":{"type":"Polygon","coordinates":[[[32.9695322,14.2367351],[32.9695298,14.2366685],[32.9697312,14.2366617],[32.9697336,14.2367283],[32.9695322,14.2367351]]]}},{"type":"Feature","properties":{"id":"way/1099978987","name":null,"name_en":null,"name_ar":null,"amenity":null,"building":"school","operator_type":null,"capacity_persons":null,"addr_full":null,"addr_city":null,"source":null,"adm0_pcode":"SDN","adm0_name":"Sudan","adm1_pcode":"SD15","adm1_name":"Aj Jazirah","adm2_pcode":"SD15036","adm2_name":"Al Manaqil","adm3_pcode":null,"adm3_name":null,"adm4_pcode":null,"adm4_name":null,"name_latin":null},"geometry":{"type":"Polygon","coordinates":[[[32.9696131,14.2364228],[32.9700471,14.2363961],[32.9700417,14.2363131],[32.9696077,14.2363397],[32.9696131,14.2364228]]]}},{"type":"Feature","properties":{"id":"way/1105237181","name":null,"name_en":null,"name_ar":null,"amenity":"school","building":null,"operator_type":null,"capacity_persons":null,"addr_full":null,"addr_city":null,"source":null,"adm0_pcode":"SDN","adm0_name":"Sudan","adm1_pcode":"SD15","adm1_name":"Aj Jazirah","adm2_pcode":"SD15036","adm2_name":"Al Manaqil","adm3_pcode":null,"adm3_name":null,"adm4_pcode":null,"adm4_name":null,"name_latin":null},"geometry":{"type":"Polygon","coordinates":[[[32.9692999,14.2367567],[32.9700632,14.2367397],[32.9700628,14.2366832],[32.9700548,14.236683],[32.9700518,14.2365577],[32.9700484,14.2364007],[32.9700431,14.2363018],[32.9700207,14.2359503],[32.9692716,14.2359759],[32.969278,14.2363126],[32.9692999,14.2367567]]]}},{"type":"Feature","properties":{"id":"way/1099978988","name":null,"name_en":null,"name_ar":null,"amenity":null,"building":"school","operator_type":null,"capacity_persons":null,"addr_full":null,"addr_city":null,"source":null,"adm0_pcode":"SDN","adm0_name":"Sudan","adm1_pcode":"SD15","adm1_name":"Aj Jazirah","adm2_pcode":"SD15036","adm2_name":"Al Manaqil","adm3_pcode":null,"adm3_name":null,"adm4_pcode":null,"adm4_name":null,"name_latin":null},"geometry":{"type":"Polygon","coordinates":[[[32.9692839,14.2363017],[32.9696132,14.2363029],[32.9696135,14.2362142],[32.9692842,14.236213],[32.9692839,14.2363017]]]}},{"type":"Feature","properties":{"id":"way/1098275065","name":null,"name_en":null,"name_ar":null,"amenity":null,"building":"school","operator_type":null,"capacity_persons":null,"addr_full":null,"addr_city":null,"source":null,"adm0_pcode":"SDN","adm0_name":"Sudan","adm1_pcode":"SD15","adm1_name":"Aj Jazirah","adm2_pcode":"SD15036","adm2_name":"Al Manaqil","adm3_pcode":null,"adm3_name":null,"adm4_pcode":null,"adm4_name":null,"name_latin":null},"geometry":{"type":"Polygon","coordinates":[[[33.132419,14.2361312],[33.1325243,14.2361682],[33.1325425,14.2361196],[33.1324372,14.2360826],[33.132419,14.2361312]]]}},{"type":"Feature","properties":{"id":"way/1098275056","name":null,"name_en":null,"name_ar":null,"amenity":null,"building":"school","operator_type":null,"capacity_persons":null,"addr_full":null,"addr_city":null,"source":null,"adm0_pcode":"SDN","adm0_name":"Sudan","adm1_pcode":"SD15","adm1_name":"Aj Jazirah","adm2_pcode":"SD15036","adm2_name":"Al Manaqil","adm3_pcode":null,"adm3_name":null,"adm4_pcode":null,"adm4_name":null,"name_latin":null},"geometry":{"type":"Polygon","coordinates":[[[33.1302352,14.2361083],[33.1305958,14.2361685],[33.1306101,14.236088],[33.1302495,14.2360277],[33.1302352,14.2361083]]]}},{"type":"Feature","properties":{"id":"way/1098275057","name":null,"name_en":null,"name_ar":null,"amenity":null,"building":"school","operator_type":null,"capacity_persons":null,"addr_full":null,"addr_city":null,"source":null,"adm0_pcode":"SDN","adm0_name":"Sudan","adm1_pcode":"SD15","adm1_name":"Aj Jazirah","adm2_pcode":"SD15036","adm2_name":"Al Manaqil","adm3_pcode":null,"adm3_name":null,"adm4_pcode":null,"adm4_name":null,"name_latin":null},"geometry":{"type":"Polygon","coordinates":[[[33.1306623,14.2361128],[33.1307522,14.2361181],[33.1307575,14.2360337],[33.1306676,14.2360284],[33.1306623,14.2361128]]]}},{"type":"Feature","properties":{"id":"way/1099978989","name":null,"name_en":null,"name_ar":null,"amenity":null,"building":"school","operator_type":null,"capacity_persons":null,"addr_full":null,"addr_city":null,"source":null,"adm0_pcode":"SDN","adm0_name":"Sudan","adm1_pcode":"SD15","adm1_name":"Aj Jazirah","adm2_pcode":"SD15036","adm2_name":"Al Manaqil","adm3_pcode":null,"adm3_name":null,"adm4_pcode":null,"adm4_name":null,"name_latin":null},"geometry":{"type":"Polygon","coordinates":[[[32.9700208,14.2359793],[32.9694989,14.2359902],[32.9695008,14.236075],[32.9697471,14.2360698],[32.9697469,14.2360573],[32.9697821,14.2360566],[32.9697824,14.2360687],[32.9700227,14.2360637],[32.9700208,14.2359793]]]}},{"type":"Feature","properties":{"id":"way/1098275068","name":null,"name_en":null,"name_ar":null,"amenity":null,"building":"school","operator_type":null,"capacity_persons":null,"addr_full":null,"addr_city":null,"source":null,"adm0_pcode":"SDN","adm0_name":"Sudan","adm1_pcode":"SD15","adm1_name":"Aj Jazirah","adm2_pcode":"SD15036","adm2_name":"Al Manaqil","adm3_pcode":null,"adm3_name":null,"adm4_pcode":null,"adm4_name":null,"name_latin":null},"geometry":{"type":"Polygon","coordinates":[[[33.1321858,14.2360411],[33.1321449,14.2360252],[33.1321657,14.2359747],[33.1322066,14.2359906],[33.1321858,14.2360411]]]}},{"type":"Feature","properties":{"id":"way/1098275069","name":null,"name_en":null,"name_ar":null,"amenity":null,"building":"school","operator_type":null,"capacity_persons":null,"addr_full":null,"addr_city":null,"source":null,"adm0_pcode":"SDN","adm0_name":"Sudan","adm1_pcode":"SD15","adm1_name":"Aj Jazirah","adm2_pcode":"SD15036","adm2_name":"Al Manaqil","adm3_pcode":null,"adm3_name":null,"adm4_pcode":null,"adm4_name":null,"name_latin":null},"geometry":{"type":"Polygon","coordinates":[[[33.1321429,14.2360252],[33.1320725,14.2359989],[33.1320932,14.2359469],[33.1321636,14.2359732],[33.1321429,14.2360252]]]}},{"type":"Feature","properties":{"id":"way/1098275070","name":null,"name_en":null,"name_ar":null,"amenity":null,"building":"school","operator_type":null,"capacity_persons":null,"addr_full":null,"addr_city":null,"source":null,"adm0_pcode":"SDN","adm0_name":"Sudan","adm1_pcode":"SD15","adm1_name":"Aj Jazirah","adm2_pcode":"SD15036","adm2_name":"Al Manaqil","adm3_pcode":null,"adm3_name":null,"adm4_pcode":null,"adm4_name":null,"name_latin":null},"geometry":{"type":"Polygon","coordinates":[[[33.1320697,14.2359981],[33.1320094,14.2359762],[33.1320298,14.2359234],[33.1320901,14.2359454],[33.1320697,14.2359981]]]}},{"type":"Feature","properties":{"id":"way/1101992797","name":null,"name_en":null,"name_ar":null,"amenity":"school","building":null,"operator_type":null,"capacity_persons":null,"addr_full":null,"addr_city":null,"source":null,"adm0_pcode":"SDN","adm0_name":"Sudan","adm1_pcode":"SD15","adm1_name":"Aj Jazirah","adm2_pcode":"SD15036","adm2_name":"Al Manaqil","adm3_pcode":null,"adm3_name":null,"adm4_pcode":null,"adm4_name":null,"name_latin":null},"geometry":{"type":"Polygon","coordinates":[[[33.1318393,14.2361558],[33.1326788,14.2364702],[33.1329069,14.2356488],[33.131952,14.2353862],[33.1318393,14.2361558]]]}},{"type":"Feature","properties":{"id":"way/1098275058","name":null,"name_en":null,"name_ar":null,"amenity":null,"building":"school","operator_type":null,"capacity_persons":null,"addr_full":null,"addr_city":null,"source":null,"adm0_pcode":"SDN","adm0_name":"Sudan","adm1_pcode":"SD15","adm1_name":"Aj Jazirah","adm2_pcode":"SD15036","adm2_name":"Al Manaqil","adm3_pcode":null,"adm3_name":null,"adm4_pcode":null,"adm4_name":null,"name_latin":null},"geometry":{"type":"Polygon","coordinates":[[[33.1300977,14.2359532],[33.1301405,14.2359542],[33.1301422,14.2358919],[33.1300993,14.2358908],[33.1300977,14.2359532]]]}},{"type":"Feature","properties":{"id":"way/1098275061","name":null,"name_en":null,"name_ar":null,"amenity":null,"building":"school","operator_type":null,"capacity_persons":null,"addr_full":null,"addr_city":null,"source":null,"adm0_pcode":"SDN","adm0_name":"Sudan","adm1_pcode":"SD15","adm1_name":"Aj Jazirah","adm2_pcode":"SD15036","adm2_name":"Al Manaqil","adm3_pcode":null,"adm3_name":null,"adm4_pcode":null,"adm4_name":null,"name_latin":null},"geometry":{"type":"Polygon","coordinates":[[[33.1306753,14.2359028],[33.1307586,14.2359109],[33.1307664,14.2358357],[33.130683,14.2358276],[33.1306753,14.2359028]]]}},{"type":"Feature","properties":{"id":"way/1101919159","name":null,"name_en":null,"name_ar":null,"amenity":"school","building":null,"operator_type":null,"capacity_persons":null,"addr_full":null,"addr_city":null,"source":null,"adm0_pcode":"SDN","adm0_name":"Sudan","adm1_pcode":"SD15","adm1_name":"Aj Jazirah","adm2_pcode":"SD15036","adm2_name":"Al Manaqil","adm3_pcode":null,"adm3_name":null,"adm4_pcode":null,"adm4_name":null,"name_latin":null},"geometry":{"type":"Polygon","coordinates":[[[33.130053,14.2362494],[33.130812,14.2363222],[33.1308576,14.2353888],[33.1301308,14.2354746],[33.130053,14.2362494]]]}},{"type":"Feature","properties":{"id":"way/1098275059","name":null,"name_en":null,"name_ar":null,"amenity":null,"building":"school","operator_type":null,"capacity_persons":null,"addr_full":null,"addr_city":null,"source":null,"adm0_pcode":"SDN","adm0_name":"Sudan","adm1_pcode":"SD15","adm1_name":"Aj Jazirah","adm2_pcode":"SD15036","adm2_name":"Al Manaqil","adm3_pcode":null,"adm3_name":null,"adm4_pcode":null,"adm4_name":null,"name_latin":null},"geometry":{"type":"Polygon","coordinates":[[[33.1302528,14.235855],[33.1303332,14.2358706],[33.130348,14.2357967],[33.1302608,14.2357874],[33.1302528,14.235855]]]}},{"type":"Feature","properties":{"id":"way/1098275060","name":null,"name_en":null,"name_ar":null,"amenity":null,"building":"school","operator_type":null,"capacity_persons":null,"addr_full":null,"addr_city":null,"source":null,"adm0_pcode":"SDN","adm0_name":"Sudan","adm1_pcode":"SD15","adm1_name":"Aj Jazirah","adm2_pcode":"SD15036","adm2_name":"Al Manaqil","adm3_pcode":null,"adm3_name":null,"adm4_pcode":null,"adm4_name":null,"name_latin":null},"geometry":{"type":"Polygon","coordinates":[[[33.130348,14.2357967],[33.1306416,14.2358295],[33.1306507,14.2357529],[33.1303571,14.2357201],[33.130348,14.2357967]]]}},{"type":"Feature","properties":{"id":"way/1096796316","name":null,"name_en":null,"name_ar":null,"amenity":null,"building":"school","operator_type":null,"capacity_persons":null,"addr_full":null,"addr_city":null,"source":null,"adm0_pcode":"SDN","adm0_name":"Sudan","adm1_pcode":"SD15","adm1_name":"Aj Jazirah","adm2_pcode":"SD15036","adm2_name":"Al Manaqil","adm3_pcode":null,"adm3_name":null,"adm4_pcode":null,"adm4_name":null,"name_latin":null},"geometry":{"type":"Polygon","coordinates":[[[33.1325854,14.2357247],[33.1324745,14.2356857],[33.1324939,14.2356338],[33.1326048,14.2356728],[33.1325854,14.2357247]]]}},{"type":"Feature","properties":{"id":"way/1100555808","name":null,"name_en":null,"name_ar":null,"amenity":null,"building":"school","operator_type":null,"capacity_persons":null,"addr_full":null,"addr_city":null,"source":null,"adm0_pcode":"SDN","adm0_name":"Sudan","adm1_pcode":"SD15","adm1_name":"Aj Jazirah","adm2_pcode":"SD15036","adm2_name":"Al Manaqil","adm3_pcode":null,"adm3_name":null,"adm4_pcode":null,"adm4_name":null,"name_latin":null},"geometry":{"type":"Polygon","coordinates":[[[33.1324693,14.2356839],[33.1324055,14.2356615],[33.1324249,14.2356096],[33.1324887,14.235632],[33.1324693,14.2356839]]]}},{"type":"Feature","properties":{"id":"way/1100555806","name":null,"name_en":null,"name_ar":null,"amenity":null,"building":"school","operator_type":null,"capacity_persons":null,"addr_full":null,"addr_city":null,"source":null,"adm0_pcode":"SDN","adm0_name":"Sudan","adm1_pcode":"SD15","adm1_name":"Aj Jazirah","adm2_pcode":"SD15036","adm2_name":"Al Manaqil","adm3_pcode":null,"adm3_name":null,"adm4_pcode":null,"adm4_name":null,"name_latin":null},"geometry":{"type":"Polygon","coordinates":[[[33.1324046,14.2356611],[33.1323403,14.2356386],[33.1323597,14.2355867],[33.1324239,14.2356093],[33.1324046,14.2356611]]]}},{"type":"Feature","properties":{"id":"way/1100555807","name":null,"name_en":null,"name_ar":null,"amenity":null,"building":"school","operator_type":null,"capacity_persons":null,"addr_full":null,"addr_city":null,"source":null,"adm0_pcode":"SDN","adm0_name":"Sudan","adm1_pcode":"SD15","adm1_name":"Aj Jazirah","adm2_pcode":"SD15036","adm2_name":"Al Manaqil","adm3_pcode":null,"adm3_name":null,"adm4_pcode":null,"adm4_name":null,"name_latin":null},"geometry":{"type":"Polygon","coordinates":[[[33.1322225,14.2355972],[33.1322419,14.2355453],[33.1323564,14.2355855],[33.132337,14.2356374],[33.1322225,14.2355972]]]}},{"type":"Feature","properties":{"id":"way/1101195524","name":null,"name_en":null,"name_ar":null,"amenity":null,"building":"school","operator_type":null,"capacity_persons":null,"addr_full":null,"addr_city":null,"source":null,"adm0_pcode":"SDN","adm0_name":"Sudan","adm1_pcode":"SD15","adm1_name":"Aj Jazirah","adm2_pcode":"SD15037","adm2_name":"Al Qurashi","adm3_pcode":null,"adm3_name":null,"adm4_pcode":null,"adm4_name":null,"name_latin":null},"geometry":{"type":"Polygon","coordinates":[[[32.7696072,14.2350602],[32.7698319,14.2350834],[32.7698311,14.235116],[32.7698806,14.2351202],[32.7698833,14.2350911],[32.7700938,14.2351091],[32.7701054,14.2350293],[32.7699187,14.2350053],[32.7699364,14.2348441],[32.7701448,14.2348639],[32.77016,14.2347921],[32.7696189,14.2347299],[32.7696171,14.2348105],[32.7698259,14.2348302],[32.7698057,14.2349868],[32.7696119,14.2349739],[32.7696072,14.2350602]]]}},{"type":"Feature","properties":{"id":"way/1101195525","name":null,"name_en":null,"name_ar":null,"amenity":"school","building":null,"operator_type":null,"capacity_persons":null,"addr_full":null,"addr_city":null,"source":null,"adm0_pcode":"SDN","adm0_name":"Sudan","adm1_pcode":"SD15","adm1_name":"Aj Jazirah","adm2_pcode":"SD15037","adm2_name":"Al Qurashi","adm3_pcode":null,"adm3_name":null,"adm4_pcode":null,"adm4_name":null,"name_latin":null},"geometry":{"type":"Polygon","coordinates":[[[32.7691992,14.2354023],[32.7693533,14.2339295],[32.770398,14.2340797],[32.7702535,14.2354871],[32.7691992,14.2354023]]]}},{"type":"Feature","properties":{"id":"way/1094357831","name":null,"name_en":null,"name_ar":null,"amenity":"school","building":null,"operator_type":null,"capacity_persons":null,"addr_full":null,"addr_city":null,"source":null,"adm0_pcode":"SDN","adm0_name":"Sudan","adm1_pcode":"SD15","adm1_name":"Aj Jazirah","adm2_pcode":"SD15036","adm2_name":"Al Manaqil","adm3_pcode":null,"adm3_name":null,"adm4_pcode":null,"adm4_name":null,"name_latin":null},"geometry":{"type":"Polygon","coordinates":[[[32.9774877,14.2289007],[32.9779269,14.228947],[32.9779341,14.2288827],[32.9774949,14.2288364],[32.9774877,14.2289007]]]}},{"type":"Feature","properties":{"id":"way/1101395546","name":null,"name_en":null,"name_ar":null,"amenity":null,"building":"school","operator_type":null,"capacity_persons":null,"addr_full":null,"addr_city":null,"source":null,"adm0_pcode":"SDN","adm0_name":"Sudan","adm1_pcode":"SD15","adm1_name":"Aj Jazirah","adm2_pcode":"SD15036","adm2_name":"Al Manaqil","adm3_pcode":null,"adm3_name":null,"adm4_pcode":null,"adm4_name":null,"name_latin":null},"geometry":{"type":"Polygon","coordinates":[[[32.9775149,14.2287359],[32.9779573,14.2287875],[32.9779675,14.2287056],[32.9775252,14.2286538],[32.9775149,14.2287359]]]}},{"type":"Feature","properties":{"id":"way/1094611946","name":null,"name_en":null,"name_ar":null,"amenity":"school","building":null,"operator_type":null,"capacity_persons":null,"addr_full":null,"addr_city":null,"source":null,"adm0_pcode":"SDN","adm0_name":"Sudan","adm1_pcode":"SD15","adm1_name":"Aj Jazirah","adm2_pcode":"SD15036","adm2_name":"Al Manaqil","adm3_pcode":null,"adm3_name":null,"adm4_pcode":null,"adm4_name":null,"name_latin":null},"geometry":{"type":"Polygon","coordinates":[[[32.9785383,14.2286965],[32.9789739,14.2287554],[32.9789857,14.2286732],[32.9786121,14.2286226],[32.9786088,14.2286451],[32.9785469,14.2286368],[32.9785383,14.2286965]]]}},{"type":"Feature","properties":{"id":"way/1094611947","name":null,"name_en":null,"name_ar":null,"amenity":"school","building":null,"operator_type":null,"capacity_persons":null,"addr_full":null,"addr_city":null,"source":null,"adm0_pcode":"SDN","adm0_name":"Sudan","adm1_pcode":"SD15","adm1_name":"Aj Jazirah","adm2_pcode":"SD15036","adm2_name":"Al Manaqil","adm3_pcode":null,"adm3_name":null,"adm4_pcode":null,"adm4_name":null,"name_latin":null},"geometry":{"type":"Polygon","coordinates":[[[32.9784337,14.2286745],[32.9785191,14.2286838],[32.9785247,14.2286355],[32.9784392,14.2286263],[32.9784337,14.2286745]]]}},{"type":"Feature","properties":{"id":"way/1101395547","name":null,"name_en":null,"name_ar":null,"amenity":"school","building":null,"operator_type":null,"capacity_persons":null,"addr_full":null,"addr_city":null,"source":null,"adm0_pcode":"SDN","adm0_name":"Sudan","adm1_pcode":"SD15","adm1_name":"Aj Jazirah","adm2_pcode":"SD15036","adm2_name":"Al Manaqil","adm3_pcode":null,"adm3_name":null,"adm4_pcode":null,"adm4_name":null,"name_latin":null},"geometry":{"type":"Polygon","coordinates":[[[32.9772825,14.2289621],[32.9780142,14.2290428],[32.9781098,14.228168],[32.9772865,14.2280911],[32.9772825,14.2289621]]]}},{"type":"Feature","properties":{"id":"way/1094608981","name":null,"name_en":null,"name_ar":null,"amenity":null,"building":"school","operator_type":null,"capacity_persons":null,"addr_full":null,"addr_city":null,"source":null,"adm0_pcode":"SDN","adm0_name":"Sudan","adm1_pcode":"SD15","adm1_name":"Aj Jazirah","adm2_pcode":"SD15036","adm2_name":"Al Manaqil","adm3_pcode":null,"adm3_name":null,"adm4_pcode":null,"adm4_name":null,"name_latin":null},"geometry":{"type":"Polygon","coordinates":[[[32.9776126,14.2285779],[32.9779803,14.2286224],[32.9779905,14.2285436],[32.9776228,14.2284991],[32.9776126,14.2285779]]]}},{"type":"Feature","properties":{"id":"way/1094611320","name":null,"name_en":null,"name_ar":null,"amenity":"school","building":null,"operator_type":null,"capacity_persons":null,"addr_full":null,"addr_city":null,"source":null,"adm0_pcode":"SDN","adm0_name":"Sudan","adm1_pcode":"SD15","adm1_name":"Aj Jazirah","adm2_pcode":"SD15036","adm2_name":"Al Manaqil","adm3_pcode":null,"adm3_name":null,"adm4_pcode":null,"adm4_name":null,"name_latin":null},"geometry":{"type":"Polygon","coordinates":[[[32.9784363,14.228356],[32.9785218,14.228363],[32.9785257,14.2283182],[32.9784402,14.2283112],[32.9784363,14.228356]]]}},{"type":"Feature","properties":{"id":"way/1094611319","name":null,"name_en":null,"name_ar":null,"amenity":"school","building":null,"operator_type":null,"capacity_persons":null,"addr_full":null,"addr_city":null,"source":null,"adm0_pcode":"SDN","adm0_name":"Sudan","adm1_pcode":"SD15","adm1_name":"Aj Jazirah","adm2_pcode":"SD15036","adm2_name":"Al Manaqil","adm3_pcode":null,"adm3_name":null,"adm4_pcode":null,"adm4_name":null,"name_latin":null},"geometry":{"type":"Polygon","coordinates":[[[32.9785808,14.2282961],[32.9788774,14.2283317],[32.9788739,14.2283587],[32.9790166,14.2283758],[32.9790267,14.2282963],[32.9785875,14.2282436],[32.9785808,14.2282961]]]}},{"type":"Feature","properties":{"id":"way/1094612097","name":null,"name_en":null,"name_ar":null,"amenity":"school","building":null,"operator_type":null,"capacity_persons":null,"addr_full":null,"addr_city":null,"source":null,"adm0_pcode":"SDN","adm0_name":"Sudan","adm1_pcode":"SD15","adm1_name":"Aj Jazirah","adm2_pcode":"SD15036","adm2_name":"Al Manaqil","adm3_pcode":null,"adm3_name":null,"adm4_pcode":null,"adm4_name":null,"name_latin":null},"geometry":{"type":"Polygon","coordinates":[[[32.9776288,14.228231],[32.9780063,14.228261],[32.9780128,14.2281843],[32.9776353,14.2281543],[32.9776288,14.228231]]]}},{"type":"Feature","properties":{"id":"way/1094612098","name":null,"name_en":null,"name_ar":null,"amenity":null,"building":"school","operator_type":null,"capacity_persons":null,"addr_full":null,"addr_city":null,"source":null,"adm0_pcode":"SDN","adm0_name":"Sudan","adm1_pcode":"SD15","adm1_name":"Aj Jazirah","adm2_pcode":"SD15036","adm2_name":"Al Manaqil","adm3_pcode":null,"adm3_name":null,"adm4_pcode":null,"adm4_name":null,"name_latin":null},"geometry":{"type":"Polygon","coordinates":[[[32.9773771,14.228219],[32.9774514,14.2282219],[32.977454,14.2281574],[32.9773798,14.2281545],[32.9773771,14.228219]]]}},{"type":"Feature","properties":{"id":"way/1101807988","name":null,"name_en":null,"name_ar":null,"amenity":null,"building":"school","operator_type":null,"capacity_persons":null,"addr_full":null,"addr_city":null,"source":null,"adm0_pcode":"SDN","adm0_name":"Sudan","adm1_pcode":"SD15","adm1_name":"Aj Jazirah","adm2_pcode":"SD15037","adm2_name":"Al Qurashi","adm3_pcode":null,"adm3_name":null,"adm4_pcode":null,"adm4_name":null,"name_latin":null},"geometry":{"type":"Polygon","coordinates":[[[32.6699008,14.2225065],[32.6701122,14.2225105],[32.6701101,14.2224671],[32.6699048,14.2224652],[32.6699008,14.2225065]]]}},{"type":"Feature","properties":{"id":"way/1101807990","name":null,"name_en":null,"name_ar":null,"amenity":null,"building":"school","operator_type":null,"capacity_persons":null,"addr_full":null,"addr_city":null,"source":null,"adm0_pcode":"SDN","adm0_name":"Sudan","adm1_pcode":"SD15","adm1_name":"Aj Jazirah","adm2_pcode":"SD15037","adm2_name":"Al Qurashi","adm3_pcode":null,"adm3_name":null,"adm4_pcode":null,"adm4_name":null,"name_latin":null},"geometry":{"type":"Polygon","coordinates":[[[32.6701284,14.2223676],[32.6702609,14.2223661],[32.6702624,14.2223317],[32.6701261,14.2223272],[32.6701284,14.2223676]]]}},{"type":"Feature","properties":{"id":"way/1101807989","name":null,"name_en":null,"name_ar":null,"amenity":null,"building":"school","operator_type":null,"capacity_persons":null,"addr_full":null,"addr_city":null,"source":null,"adm0_pcode":"SDN","adm0_name":"Sudan","adm1_pcode":"SD15","adm1_name":"Aj Jazirah","adm2_pcode":"SD15037","adm2_name":"Al Qurashi","adm3_pcode":null,"adm3_name":null,"adm4_pcode":null,"adm4_name":null,"name_latin":null},"geometry":{"type":"Polygon","coordinates":[[[32.6697407,14.2223642],[32.6698662,14.2223686],[32.6698682,14.2223287],[32.6697402,14.2223228],[32.6697407,14.2223642]]]}},{"type":"Feature","properties":{"id":"way/1101807991","name":null,"name_en":null,"name_ar":null,"amenity":null,"building":"school","operator_type":null,"capacity_persons":null,"addr_full":null,"addr_city":null,"source":null,"adm0_pcode":"SDN","adm0_name":"Sudan","adm1_pcode":"SD15","adm1_name":"Aj Jazirah","adm2_pcode":"SD15037","adm2_name":"Al Qurashi","adm3_pcode":null,"adm3_name":null,"adm4_pcode":null,"adm4_name":null,"name_latin":null},"geometry":{"type":"Polygon","coordinates":[[[32.6698811,14.2221996],[32.6701145,14.2222011],[32.6701176,14.2221585],[32.6698858,14.222157],[32.6698811,14.2221996]]]}},{"type":"Feature","properties":{"id":"way/1102386865","name":null,"name_en":null,"name_ar":null,"amenity":null,"building":"school","operator_type":null,"capacity_persons":null,"addr_full":null,"addr_city":null,"source":null,"adm0_pcode":"SDN","adm0_name":"Sudan","adm1_pcode":"SD15","adm1_name":"Aj Jazirah","adm2_pcode":"SD15034","adm2_name":"Al Hasahisa","adm3_pcode":null,"adm3_name":null,"adm4_pcode":null,"adm4_name":null,"name_latin":null},"geometry":{"type":"Polygon","coordinates":[[[33.162094,14.7384111],[33.1623327,14.7384954],[33.1623408,14.7384526],[33.1621087,14.7383644],[33.162094,14.7384111]]]}},{"type":"Feature","properties":{"id":"way/1102386864","name":null,"name_en":null,"name_ar":null,"amenity":null,"building":"school","operator_type":null,"capacity_persons":null,"addr_full":null,"addr_city":null,"source":null,"adm0_pcode":"SDN","adm0_name":"Sudan","adm1_pcode":"SD15","adm1_name":"Aj Jazirah","adm2_pcode":"SD15034","adm2_name":"Al Hasahisa","adm3_pcode":null,"adm3_name":null,"adm4_pcode":null,"adm4_name":null,"name_latin":null},"geometry":{"type":"Polygon","coordinates":[[[33.1618472,14.7383968],[33.1620631,14.7384707],[33.1620806,14.7384189],[33.1618673,14.7383475],[33.1618472,14.7383968]]]}},{"type":"Feature","properties":{"id":"way/1101301215","name":null,"name_en":null,"name_ar":null,"amenity":"school","building":null,"operator_type":null,"capacity_persons":null,"addr_full":null,"addr_city":null,"source":null,"adm0_pcode":"SDN","adm0_name":"Sudan","adm1_pcode":"SD15","adm1_name":"Aj Jazirah","adm2_pcode":"SD15036","adm2_name":"Al Manaqil","adm3_pcode":null,"adm3_name":null,"adm4_pcode":null,"adm4_name":null,"name_latin":null},"geometry":{"type":"Polygon","coordinates":[[[32.8533676,14.7375522],[32.8541254,14.7377336],[32.8540476,14.7380569],[32.8538562,14.7386072],[32.8536891,14.7391674],[32.853675,14.7391822],[32.8536559,14.7391809],[32.8532553,14.7390341],[32.8532119,14.7390255],[32.853129,14.7390057],[32.8530103,14.7389675],[32.8529299,14.738944],[32.8525599,14.7387849],[32.8528776,14.7382765],[32.852958,14.738163],[32.8531239,14.7379433],[32.8532081,14.7378323],[32.8533676,14.7375522]]]}},{"type":"Feature","properties":{"id":"way/1101301212","name":null,"name_en":null,"name_ar":null,"amenity":"school","building":null,"operator_type":null,"capacity_persons":null,"addr_full":null,"addr_city":null,"source":null,"adm0_pcode":"SDN","adm0_name":"Sudan","adm1_pcode":"SD15","adm1_name":"Aj Jazirah","adm2_pcode":"SD15036","adm2_name":"Al Manaqil","adm3_pcode":null,"adm3_name":null,"adm4_pcode":null,"adm4_name":null,"name_latin":null},"geometry":{"type":"Polygon","coordinates":[[[32.8535896,14.7383268],[32.8537669,14.7384003],[32.8537842,14.7383612],[32.8536069,14.7382877],[32.8535896,14.7383268]]]}},{"type":"Feature","properties":{"id":"way/1102386863","name":null,"name_en":null,"name_ar":null,"amenity":null,"building":"school","operator_type":null,"capacity_persons":null,"addr_full":null,"addr_city":null,"source":null,"adm0_pcode":"SDN","adm0_name":"Sudan","adm1_pcode":"SD15","adm1_name":"Aj Jazirah","adm2_pcode":"SD15034","adm2_name":"Al Hasahisa","adm3_pcode":null,"adm3_name":null,"adm4_pcode":null,"adm4_name":null,"name_latin":null},"geometry":{"type":"Polygon","coordinates":[[[33.1616089,14.7382414],[33.1618683,14.7383356],[33.1618857,14.7382907],[33.1616263,14.7381966],[33.1616089,14.7382414]]]}},{"type":"Feature","properties":{"id":"way/1101301211","name":null,"name_en":null,"name_ar":null,"amenity":"school","building":null,"operator_type":null,"capacity_persons":null,"addr_full":null,"addr_city":null,"source":null,"adm0_pcode":"SDN","adm0_name":"Sudan","adm1_pcode":"SD15","adm1_name":"Aj Jazirah","adm2_pcode":"SD15036","adm2_name":"Al Manaqil","adm3_pcode":null,"adm3_name":null,"adm4_pcode":null,"adm4_name":null,"name_latin":null},"geometry":{"type":"Polygon","coordinates":[[[32.8533629,14.73825],[32.8535048,14.738305],[32.853521,14.738266],[32.8533791,14.738211],[32.8533629,14.73825]]]}},{"type":"Feature","properties":{"id":"way/1102386866","name":null,"name_en":null,"name_ar":null,"amenity":null,"building":"school","operator_type":null,"capacity_persons":null,"addr_full":null,"addr_city":null,"source":null,"adm0_pcode":"SDN","adm0_name":"Sudan","adm1_pcode":"SD15","adm1_name":"Aj Jazirah","adm2_pcode":"SD15034","adm2_name":"Al Hasahisa","adm3_pcode":null,"adm3_name":null,"adm4_pcode":null,"adm4_name":null,"name_latin":null},"geometry":{"type":"Polygon","coordinates":[[[33.162171,14.7381899],[33.1624256,14.7382793],[33.1624417,14.7382364],[33.1621871,14.738147],[33.162171,14.7381899]]]}},{"type":"Feature","properties":{"id":"way/1102386868","name":null,"name_en":null,"name_ar":null,"amenity":"school","building":null,"operator_type":null,"capacity_persons":null,"addr_full":null,"addr_city":null,"source":null,"adm0_pcode":"SDN","adm0_name":"Sudan","adm1_pcode":"SD15","adm1_name":"Aj Jazirah","adm2_pcode":"SD15034","adm2_name":"Al Hasahisa","adm3_pcode":null,"adm3_name":null,"adm4_pcode":null,"adm4_name":null,"name_latin":null},"geometry":{"type":"Polygon","coordinates":[[[33.1615676,14.7383287],[33.162205,14.7385951],[33.1623264,14.7385951],[33.1624992,14.7380712],[33.1624735,14.7380351],[33.161745,14.737798],[33.1615676,14.7383287]]]}},{"type":"Feature","properties":{"id":"way/1101301214","name":null,"name_en":null,"name_ar":null,"amenity":"school","building":null,"operator_type":null,"capacity_persons":null,"addr_full":null,"addr_city":null,"source":null,"adm0_pcode":"SDN","adm0_name":"Sudan","adm1_pcode":"SD15","adm1_name":"Aj Jazirah","adm2_pcode":"SD15036","adm2_name":"Al Manaqil","adm3_pcode":null,"adm3_name":null,"adm4_pcode":null,"adm4_name":null,"name_latin":null},"geometry":{"type":"Polygon","coordinates":[[[32.8535804,14.738167],[32.8538416,14.7382604],[32.8538582,14.7382167],[32.8535971,14.7381234],[32.8535804,14.738167]]]}},{"type":"Feature","properties":{"id":"way/1101301213","name":null,"name_en":null,"name_ar":null,"amenity":"school","building":null,"operator_type":null,"capacity_persons":null,"addr_full":null,"addr_city":null,"source":null,"adm0_pcode":"SDN","adm0_name":"Sudan","adm1_pcode":"SD15","adm1_name":"Aj Jazirah","adm2_pcode":"SD15036","adm2_name":"Al Manaqil","adm3_pcode":null,"adm3_name":null,"adm4_pcode":null,"adm4_name":null,"name_latin":null},"geometry":{"type":"Polygon","coordinates":[[[32.8534654,14.738132],[32.8535298,14.7381596],[32.8535478,14.7381202],[32.8534834,14.7380927],[32.8534654,14.738132]]]}},{"type":"Feature","properties":{"id":"way/1102386867","name":null,"name_en":null,"name_ar":null,"amenity":null,"building":"school","operator_type":null,"capacity_persons":null,"addr_full":null,"addr_city":null,"source":null,"adm0_pcode":"SDN","adm0_name":"Sudan","adm1_pcode":"SD15","adm1_name":"Aj Jazirah","adm2_pcode":"SD15034","adm2_name":"Al Hasahisa","adm3_pcode":null,"adm3_name":null,"adm4_pcode":null,"adm4_name":null,"name_latin":null},"geometry":{"type":"Polygon","coordinates":[[[33.1618781,14.7379066],[33.1623233,14.7380427],[33.1623421,14.7379986],[33.1618888,14.7378676],[33.1618781,14.7379066]]]}},{"type":"Feature","properties":{"id":"way/1101301210","name":null,"name_en":null,"name_ar":null,"amenity":"school","building":null,"operator_type":null,"capacity_persons":null,"addr_full":null,"addr_city":null,"source":null,"adm0_pcode":"SDN","adm0_name":"Sudan","adm1_pcode":"SD15","adm1_name":"Aj Jazirah","adm2_pcode":"SD15036","adm2_name":"Al Manaqil","adm3_pcode":null,"adm3_name":null,"adm4_pcode":null,"adm4_name":null,"name_latin":null},"geometry":{"type":"Polygon","coordinates":[[[32.8536262,14.7377408],[32.853947,14.7378621],[32.8539682,14.7378097],[32.8536475,14.7376883],[32.8536262,14.7377408]]]}},{"type":"Feature","properties":{"id":"way/1101416322","name":null,"name_en":null,"name_ar":null,"amenity":"school","building":null,"operator_type":null,"capacity_persons":null,"addr_full":null,"addr_city":null,"source":null,"adm0_pcode":"SDN","adm0_name":"Sudan","adm1_pcode":"SD15","adm1_name":"Aj Jazirah","adm2_pcode":"SD15034","adm2_name":"Al Hasahisa","adm3_pcode":null,"adm3_name":null,"adm4_pcode":null,"adm4_name":null,"name_latin":null},"geometry":{"type":"Polygon","coordinates":[[[33.1173026,14.7320543],[33.117695,14.7322183],[33.1177197,14.7321632],[33.1173272,14.7319993],[33.1173026,14.7320543]]]}},{"type":"Feature","properties":{"id":"way/1101416324","name":null,"name_en":null,"name_ar":null,"amenity":"school","building":null,"operator_type":null,"capacity_persons":null,"addr_full":null,"addr_city":null,"source":null,"adm0_pcode":"SDN","adm0_name":"Sudan","adm1_pcode":"SD15","adm1_name":"Aj Jazirah","adm2_pcode":"SD15034","adm2_name":"Al Hasahisa","adm3_pcode":null,"adm3_name":null,"adm4_pcode":null,"adm4_name":null,"name_latin":null},"geometry":{"type":"Polygon","coordinates":[[[33.1178349,14.7319036],[33.1176555,14.7318269],[33.1176774,14.7317791],[33.1178567,14.7318558],[33.1178349,14.7319036]]]}},{"type":"Feature","properties":{"id":"way/1101416323","name":null,"name_en":null,"name_ar":null,"amenity":"school","building":null,"operator_type":null,"capacity_persons":null,"addr_full":null,"addr_city":null,"source":null,"adm0_pcode":"SDN","adm0_name":"Sudan","adm1_pcode":"SD15","adm1_name":"Aj Jazirah","adm2_pcode":"SD15034","adm2_name":"Al Hasahisa","adm3_pcode":null,"adm3_name":null,"adm4_pcode":null,"adm4_name":null,"name_latin":null},"geometry":{"type":"Polygon","coordinates":[[[33.117609,14.7318099],[33.1174296,14.7317332],[33.1174514,14.7316854],[33.1176308,14.7317622],[33.117609,14.7318099]]]}},{"type":"Feature","properties":{"id":"way/1101684667","name":null,"name_en":null,"name_ar":null,"amenity":null,"building":"school","operator_type":null,"capacity_persons":null,"addr_full":null,"addr_city":null,"source":null,"adm0_pcode":"SDN","adm0_name":"Sudan","adm1_pcode":"SD15","adm1_name":"Aj Jazirah","adm2_pcode":"SD15034","adm2_name":"Al Hasahisa","adm3_pcode":null,"adm3_name":null,"adm4_pcode":null,"adm4_name":null,"name_latin":null},"geometry":{"type":"Polygon","coordinates":[[[33.1210709,14.7044629],[33.1213494,14.7045553],[33.1213636,14.7045061],[33.1210923,14.7044127],[33.1210709,14.7044629]]]}},{"type":"Feature","properties":{"id":"way/1101684664","name":null,"name_en":null,"name_ar":null,"amenity":null,"building":"school","operator_type":null,"capacity_persons":null,"addr_full":null,"addr_city":null,"source":null,"adm0_pcode":"SDN","adm0_name":"Sudan","adm1_pcode":"SD15","adm1_name":"Aj Jazirah","adm2_pcode":"SD15034","adm2_name":"Al Hasahisa","adm3_pcode":null,"adm3_name":null,"adm4_pcode":null,"adm4_name":null,"name_latin":null},"geometry":{"type":"Polygon","coordinates":[[[33.1206349,14.704339],[33.1209652,14.7044324],[33.1209774,14.704396],[33.1206502,14.7043016],[33.1206349,14.704339]]]}},{"type":"Feature","properties":{"id":"way/1101684666","name":null,"name_en":null,"name_ar":null,"amenity":null,"building":"school","operator_type":null,"capacity_persons":null,"addr_full":null,"addr_city":null,"source":null,"adm0_pcode":"SDN","adm0_name":"Sudan","adm1_pcode":"SD15","adm1_name":"Aj Jazirah","adm2_pcode":"SD15034","adm2_name":"Al Hasahisa","adm3_pcode":null,"adm3_name":null,"adm4_pcode":null,"adm4_name":null,"name_latin":null},"geometry":{"type":"Polygon","coordinates":[[[33.1212102,14.7040785],[33.1213291,14.7041266],[33.1213515,14.7040785],[33.1212336,14.7040362],[33.1212102,14.7040785]]]}},{"type":"Feature","properties":{"id":"way/1101684665","name":null,"name_en":null,"name_ar":null,"amenity":null,"building":"school","operator_type":null,"capacity_persons":null,"addr_full":null,"addr_city":null,"source":null,"adm0_pcode":"SDN","adm0_name":"Sudan","adm1_pcode":"SD15","adm1_name":"Aj Jazirah","adm2_pcode":"SD15034","adm2_name":"Al Hasahisa","adm3_pcode":null,"adm3_name":null,"adm4_pcode":null,"adm4_name":null,"name_latin":null},"geometry":{"type":"Polygon","coordinates":[[[33.1207345,14.7040293],[33.1210425,14.7041424],[33.1210537,14.7041021],[33.1207477,14.70399],[33.1207345,14.7040293]]]}},{"type":"Feature","properties":{"id":"way/1101368549","name":null,"name_en":null,"name_ar":null,"amenity":null,"building":"school","operator_type":null,"capacity_persons":null,"addr_full":null,"addr_city":null,"source":null,"adm0_pcode":"SDN","adm0_name":"Sudan","adm1_pcode":"SD15","adm1_name":"Aj Jazirah","adm2_pcode":"SD15034","adm2_name":"Al Hasahisa","adm3_pcode":null,"adm3_name":null,"adm4_pcode":null,"adm4_name":null,"name_latin":null},"geometry":{"type":"Polygon","coordinates":[[[33.1680978,14.6605453],[33.1681226,14.6604884],[33.1685372,14.6606576],[33.1685123,14.6607146],[33.1680978,14.6605453]]]}},{"type":"Feature","properties":{"id":"way/1101368552","name":null,"name_en":null,"name_ar":null,"amenity":"school","building":null,"operator_type":null,"capacity_persons":null,"addr_full":null,"addr_city":null,"source":null,"adm0_pcode":"SDN","adm0_name":"Sudan","adm1_pcode":"SD15","adm1_name":"Aj Jazirah","adm2_pcode":"SD15034","adm2_name":"Al Hasahisa","adm3_pcode":null,"adm3_name":null,"adm4_pcode":null,"adm4_name":null,"name_latin":null},"geometry":{"type":"Polygon","coordinates":[[[33.1679131,14.6606076],[33.1681135,14.660094],[33.1689045,14.660383],[33.1687041,14.6608965],[33.1679131,14.6606076]]]}},{"type":"Feature","properties":{"id":"way/1101368551","name":null,"name_en":null,"name_ar":null,"amenity":null,"building":"school","operator_type":null,"capacity_persons":null,"addr_full":null,"addr_city":null,"source":null,"adm0_pcode":"SDN","adm0_name":"Sudan","adm1_pcode":"SD15","adm1_name":"Aj Jazirah","adm2_pcode":"SD15034","adm2_name":"Al Hasahisa","adm3_pcode":null,"adm3_name":null,"adm4_pcode":null,"adm4_name":null,"name_latin":null},"geometry":{"type":"Polygon","coordinates":[[[33.1683984,14.6602813],[33.1684205,14.6602294],[33.1686702,14.6603288],[33.1686481,14.6603808],[33.1683984,14.6602813]]]}},{"type":"Feature","properties":{"id":"way/1101368550","name":null,"name_en":null,"name_ar":null,"amenity":null,"building":"school","operator_type":null,"capacity_persons":null,"addr_full":null,"addr_city":null,"source":null,"adm0_pcode":"SDN","adm0_name":"Sudan","adm1_pcode":"SD15","adm1_name":"Aj Jazirah","adm2_pcode":"SD15034","adm2_name":"Al Hasahisa","adm3_pcode":null,"adm3_name":null,"adm4_pcode":null,"adm4_name":null,"name_latin":null},"geometry":{"type":"Polygon","coordinates":[[[33.1682803,14.6602377],[33.1683045,14.6601866],[33.1683828,14.6602212],[33.1683586,14.6602724],[33.1682803,14.6602377]]]}},{"type":"Feature","properties":{"id":"node/4225147389","name":"وادي شعير","name_en":null,"name_ar":null,"amenity":"school","building":null,"operator_type":null,"capacity_persons":null,"addr_full":null,"addr_city":null,"source":null,"adm0_pcode":"SDN","adm0_name":"Sudan","adm1_pcode":"SD15","adm1_name":"Aj Jazirah","adm2_pcode":"SD15034","adm2_name":"Al Hasahisa","adm3_pcode":null,"adm3_name":null,"adm4_pcode":null,"adm4_name":null,"name_latin":"wdy sh`yr"},"geometry":{"type":"Point","coordinates":[33.0596784,14.6336781]}},{"type":"Feature","properties":{"id":"way/1101419545","name":null,"name_en":null,"name_ar":null,"amenity":null,"building":"school","operator_type":null,"capacity_persons":null,"addr_full":null,"addr_city":null,"source":null,"adm0_pcode":"SDN","adm0_name":"Sudan","adm1_pcode":"SD15","adm1_name":"Aj Jazirah","adm2_pcode":"SD15034","adm2_name":"Al Hasahisa","adm3_pcode":null,"adm3_name":null,"adm4_pcode":null,"adm4_name":null,"name_latin":null},"geometry":{"type":"Polygon","coordinates":[[[33.159323,14.6304827],[33.1593423,14.6304293],[33.1596779,14.6305429],[33.1596586,14.6305963],[33.159323,14.6304827]]]}},{"type":"Feature","properties":{"id":"way/1101419547","name":null,"name_en":null,"name_ar":null,"amenity":"school","building":null,"operator_type":null,"capacity_persons":null,"addr_full":null,"addr_city":null,"source":null,"adm0_pcode":"SDN","adm0_name":"Sudan","adm1_pcode":"SD15","adm1_name":"Aj Jazirah","adm2_pcode":"SD15034","adm2_name":"Al Hasahisa","adm3_pcode":null,"adm3_name":null,"adm4_pcode":null,"adm4_name":null,"name_latin":null},"geometry":{"type":"Polygon","coordinates":[[[33.1592812,14.6305024],[33.1594159,14.6301145],[33.1598134,14.6302437],[33.1598824,14.6303431],[33.1597717,14.6306619],[33.1592812,14.6305024]]]}},{"type":"Feature","properties":{"id":"way/1101419546","name":null,"name_en":null,"name_ar":null,"amenity":null,"building":"school","operator_type":null,"capacity_persons":null,"addr_full":null,"addr_city":null,"source":null,"adm0_pcode":"SDN","adm0_name":"Sudan","adm1_pcode":"SD15","adm1_name":"Aj Jazirah","adm2_pcode":"SD15034","adm2_name":"Al Hasahisa","adm3_pcode":null,"adm3_name":null,"adm4_pcode":null,"adm4_name":null,"name_latin":null},"geometry":{"type":"Polygon","coordinates":[[[33.1594274,14.6301917],[33.1594446,14.6301431],[33.1597776,14.630254],[33.1597603,14.6303025],[33.1594274,14.6301917]]]}},{"type":"Feature","properties":{"id":"way/1103066889","name":null,"name_en":null,"name_ar":null,"amenity":"school","building":null,"operator_type":null,"capacity_persons":null,"addr_full":null,"addr_city":null,"source":null,"adm0_pcode":"SDN","adm0_name":"Sudan","adm1_pcode":"SD15","adm1_name":"Aj Jazirah","adm2_pcode":"SD15036","adm2_name":"Al Manaqil","adm3_pcode":null,"adm3_name":null,"adm4_pcode":null,"adm4_name":null,"name_latin":null},"geometry":{"type":"Polygon","coordinates":[[[32.8792067,14.6043569],[32.8792211,14.6044017],[32.8795904,14.6042902],[32.879576,14.6042455],[32.8792067,14.6043569]]]}},{"type":"Feature","properties":{"id":"way/1103066892","name":null,"name_en":null,"name_ar":null,"amenity":"school","building":null,"operator_type":null,"capacity_persons":null,"addr_full":null,"addr_city":null,"source":null,"adm0_pcode":"SDN","adm0_name":"Sudan","adm1_pcode":"SD15","adm1_name":"Aj Jazirah","adm2_pcode":"SD15036","adm2_name":"Al Manaqil","adm3_pcode":null,"adm3_name":null,"adm4_pcode":null,"adm4_name":null,"name_latin":null},"geometry":{"type":"Polygon","coordinates":[[[32.8791049,14.6044911],[32.8797449,14.6042991],[32.8796387,14.603912],[32.8789815,14.6040976],[32.8791049,14.6044911]]]}},{"type":"Feature","properties":{"id":"way/1103066890","name":null,"name_en":null,"name_ar":null,"amenity":"school","building":null,"operator_type":null,"capacity_persons":null,"addr_full":null,"addr_city":null,"source":null,"adm0_pcode":"SDN","adm0_name":"Sudan","adm1_pcode":"SD15","adm1_name":"Aj Jazirah","adm2_pcode":"SD15036","adm2_name":"Al Manaqil","adm3_pcode":null,"adm3_name":null,"adm4_pcode":null,"adm4_name":null,"name_latin":null},"geometry":{"type":"Polygon","coordinates":[[[32.8791038,14.6041619],[32.8793224,14.604096],[32.8793051,14.6040421],[32.8790865,14.604108],[32.8791038,14.6041619]]]}},{"type":"Feature","properties":{"id":"way/1103066891","name":null,"name_en":null,"name_ar":null,"amenity":"school","building":null,"operator_type":null,"capacity_persons":null,"addr_full":null,"addr_city":null,"source":null,"adm0_pcode":"SDN","adm0_name":"Sudan","adm1_pcode":"SD15","adm1_name":"Aj Jazirah","adm2_pcode":"SD15036","adm2_name":"Al Manaqil","adm3_pcode":null,"adm3_name":null,"adm4_pcode":null,"adm4_name":null,"name_latin":null},"geometry":{"type":"Polygon","coordinates":[[[32.8793574,14.6040257],[32.8793725,14.604072],[32.8794442,14.6040501],[32.8794292,14.6040038],[32.8793574,14.6040257]]]}},{"type":"Feature","properties":{"id":"way/1101215233","name":null,"name_en":null,"name_ar":null,"amenity":"school","building":null,"operator_type":null,"capacity_persons":null,"addr_full":null,"addr_city":null,"source":null,"adm0_pcode":"SDN","adm0_name":"Sudan","adm1_pcode":"SD15","adm1_name":"Aj Jazirah","adm2_pcode":"SD15034","adm2_name":"Al Hasahisa","adm3_pcode":null,"adm3_name":null,"adm4_pcode":null,"adm4_name":null,"name_latin":null},"geometry":{"type":"Polygon","coordinates":[[[33.1902024,14.5740018],[33.1907267,14.5741941],[33.1908875,14.5737833],[33.1909188,14.5737035],[33.190878,14.5736886],[33.1908667,14.5737173],[33.1905904,14.573616],[33.1905742,14.5736574],[33.1905362,14.5736435],[33.1904539,14.5738539],[33.1902847,14.5737918],[33.1902024,14.5740018]]]}},{"type":"Feature","properties":{"id":"way/1101783083","name":null,"name_en":null,"name_ar":null,"amenity":"school","building":null,"operator_type":null,"capacity_persons":null,"addr_full":null,"addr_city":null,"source":null,"adm0_pcode":"SDN","adm0_name":"Sudan","adm1_pcode":"SD15","adm1_name":"Aj Jazirah","adm2_pcode":"SD15034","adm2_name":"Al Hasahisa","adm3_pcode":null,"adm3_name":null,"adm4_pcode":null,"adm4_name":null,"name_latin":null},"geometry":{"type":"Polygon","coordinates":[[[33.0185773,14.5717677],[33.0185839,14.5717153],[33.0186487,14.571723],[33.018642,14.5717754],[33.0185773,14.5717677]]]}},{"type":"Feature","properties":{"id":"way/1101783081","name":null,"name_en":null,"name_ar":null,"amenity":"school","building":null,"operator_type":null,"capacity_persons":null,"addr_full":null,"addr_city":null,"source":null,"adm0_pcode":"SDN","adm0_name":"Sudan","adm1_pcode":"SD15","adm1_name":"Aj Jazirah","adm2_pcode":"SD15034","adm2_name":"Al Hasahisa","adm3_pcode":null,"adm3_name":null,"adm4_pcode":null,"adm4_name":null,"name_latin":null},"geometry":{"type":"Polygon","coordinates":[[[33.0183529,14.5717342],[33.0185705,14.5717614],[33.0185775,14.571709],[33.0183599,14.5716817],[33.0183529,14.5717342]]]}},{"type":"Feature","properties":{"id":"way/1101783082","name":null,"name_en":null,"name_ar":null,"amenity":null,"building":"school","operator_type":null,"capacity_persons":null,"addr_full":null,"addr_city":null,"source":null,"adm0_pcode":"SDN","adm0_name":"Sudan","adm1_pcode":"SD15","adm1_name":"Aj Jazirah","adm2_pcode":"SD15034","adm2_name":"Al Hasahisa","adm3_pcode":null,"adm3_name":null,"adm4_pcode":null,"adm4_name":null,"name_latin":null},"geometry":{"type":"Polygon","coordinates":[[[33.0182772,14.5716557],[33.0182827,14.5716015],[33.0183755,14.5716103],[33.01837,14.5716646],[33.0182772,14.5716557]]]}},{"type":"Feature","properties":{"id":"way/1101783078","name":null,"name_en":null,"name_ar":null,"amenity":"school","building":null,"operator_type":null,"capacity_persons":null,"addr_full":null,"addr_city":null,"source":null,"adm0_pcode":"SDN","adm0_name":"Sudan","adm1_pcode":"SD15","adm1_name":"Aj Jazirah","adm2_pcode":"SD15034","adm2_name":"Al Hasahisa","adm3_pcode":null,"adm3_name":null,"adm4_pcode":null,"adm4_name":null,"name_latin":null},"geometry":{"type":"Polygon","coordinates":[[[33.0180587,14.5715763],[33.0176986,14.5715269],[33.0176906,14.5715812],[33.0180508,14.5716305],[33.0180587,14.5715763]]]}},{"type":"Feature","properties":{"id":"way/1101783084","name":null,"name_en":null,"name_ar":null,"amenity":null,"building":"school","operator_type":null,"capacity_persons":null,"addr_full":null,"addr_city":null,"source":null,"adm0_pcode":"SDN","adm0_name":"Sudan","adm1_pcode":"SD15","adm1_name":"Aj Jazirah","adm2_pcode":"SD15034","adm2_name":"Al Hasahisa","adm3_pcode":null,"adm3_name":null,"adm4_pcode":null,"adm4_name":null,"name_latin":null},"geometry":{"type":"Polygon","coordinates":[[[33.0182237,14.5715696],[33.0182287,14.5714949],[33.0182588,14.5714968],[33.0182538,14.5715715],[33.0182237,14.5715696]]]}},{"type":"Feature","properties":{"id":"way/1101783079","name":null,"name_en":null,"name_ar":null,"amenity":null,"building":"school","operator_type":null,"capacity_persons":null,"addr_full":null,"addr_city":null,"source":null,"adm0_pcode":"SDN","adm0_name":"Sudan","adm1_pcode":"SD15","adm1_name":"Aj Jazirah","adm2_pcode":"SD15034","adm2_name":"Al Hasahisa","adm3_pcode":null,"adm3_name":null,"adm4_pcode":null,"adm4_name":null,"name_latin":null},"geometry":{"type":"Polygon","coordinates":[[[33.0181368,14.5715575],[33.0181445,14.5714908],[33.0181805,14.5714947],[33.0181728,14.5715614],[33.0181368,14.5715575]]]}},{"type":"Feature","properties":{"id":"way/1101783085","name":null,"name_en":null,"name_ar":null,"amenity":"school","building":null,"operator_type":null,"capacity_persons":null,"addr_full":null,"addr_city":null,"source":null,"adm0_pcode":"SDN","adm0_name":"Sudan","adm1_pcode":"SD15","adm1_name":"Aj Jazirah","adm2_pcode":"SD15034","adm2_name":"Al Hasahisa","adm3_pcode":null,"adm3_name":null,"adm4_pcode":null,"adm4_name":null,"name_latin":null},"geometry":{"type":"Polygon","coordinates":[[[33.0187019,14.571427],[33.0187105,14.5713675],[33.0188033,14.5713801],[33.0187971,14.5714227],[33.0187819,14.5714206],[33.0187795,14.5714376],[33.0187019,14.571427]]]}},{"type":"Feature","properties":{"id":"way/1101783080","name":null,"name_en":null,"name_ar":null,"amenity":"school","building":null,"operator_type":null,"capacity_persons":null,"addr_full":null,"addr_city":null,"source":null,"adm0_pcode":"SDN","adm0_name":"Sudan","adm1_pcode":"SD15","adm1_name":"Aj Jazirah","adm2_pcode":"SD15034","adm2_name":"Al Hasahisa","adm3_pcode":null,"adm3_name":null,"adm4_pcode":null,"adm4_name":null,"name_latin":null},"geometry":{"type":"Polygon","coordinates":[[[33.018372,14.5713144],[33.0186725,14.5713528],[33.0186651,14.5714067],[33.0183647,14.5713682],[33.018372,14.5713144]]]}},{"type":"Feature","properties":{"id":"way/1101783077","name":null,"name_en":null,"name_ar":null,"amenity":"school","building":null,"operator_type":null,"capacity_persons":null,"addr_full":null,"addr_city":null,"source":null,"adm0_pcode":"SDN","adm0_name":"Sudan","adm1_pcode":"SD15","adm1_name":"Aj Jazirah","adm2_pcode":"SD15034","adm2_name":"Al Hasahisa","adm3_pcode":null,"adm3_name":null,"adm4_pcode":null,"adm4_name":null,"name_latin":null},"geometry":{"type":"Polygon","coordinates":[[[33.0181294,14.5712454],[33.017779,14.57117],[33.0177666,14.5712243],[33.0181169,14.5712996],[33.0181294,14.5712454]]]}},{"type":"Feature","properties":{"id":"way/1101354771","name":null,"name_en":null,"name_ar":null,"amenity":"school","building":null,"operator_type":null,"capacity_persons":null,"addr_full":null,"addr_city":null,"source":null,"adm0_pcode":"SDN","adm0_name":"Sudan","adm1_pcode":"SD15","adm1_name":"Aj Jazirah","adm2_pcode":"SD15034","adm2_name":"Al Hasahisa","adm3_pcode":null,"adm3_name":null,"adm4_pcode":null,"adm4_name":null,"name_latin":null},"geometry":{"type":"Polygon","coordinates":[[[33.1572473,14.5256096],[33.1572622,14.5255479],[33.157175,14.5255281],[33.157191,14.5254623],[33.1572762,14.5254817],[33.1572635,14.5255338],[33.1574859,14.5255844],[33.1574676,14.5256598],[33.1572473,14.5256096]]]}},{"type":"Feature","properties":{"id":"way/1101354769","name":null,"name_en":null,"name_ar":null,"amenity":"school","building":null,"operator_type":null,"capacity_persons":null,"addr_full":null,"addr_city":null,"source":null,"adm0_pcode":"SDN","adm0_name":"Sudan","adm1_pcode":"SD15","adm1_name":"Aj Jazirah","adm2_pcode":"SD15034","adm2_name":"Al Hasahisa","adm3_pcode":null,"adm3_name":null,"adm4_pcode":null,"adm4_name":null,"name_latin":null},"geometry":{"type":"Polygon","coordinates":[[[33.1576261,14.5253885],[33.1576449,14.525321],[33.157905,14.5253989],[33.1578916,14.5254586],[33.1576261,14.5253885]]]}},{"type":"Feature","properties":{"id":"way/1101354770","name":null,"name_en":null,"name_ar":null,"amenity":"school","building":null,"operator_type":null,"capacity_persons":null,"addr_full":null,"addr_city":null,"source":null,"adm0_pcode":"SDN","adm0_name":"Sudan","adm1_pcode":"SD15","adm1_name":"Aj Jazirah","adm2_pcode":"SD15034","adm2_name":"Al Hasahisa","adm3_pcode":null,"adm3_name":null,"adm4_pcode":null,"adm4_name":null,"name_latin":null},"geometry":{"type":"Polygon","coordinates":[[[33.1579492,14.5253387],[33.1579376,14.5253676],[33.1579818,14.5253842],[33.1579936,14.5253549],[33.1580201,14.5253649],[33.1580424,14.5253093],[33.1579345,14.5252685],[33.1579119,14.5253247],[33.1579492,14.5253387]]]}},{"type":"Feature","properties":{"id":"way/1101354768","name":null,"name_en":null,"name_ar":null,"amenity":"school","building":null,"operator_type":null,"capacity_persons":null,"addr_full":null,"addr_city":null,"source":null,"adm0_pcode":"SDN","adm0_name":"Sudan","adm1_pcode":"SD15","adm1_name":"Aj Jazirah","adm2_pcode":"SD15034","adm2_name":"Al Hasahisa","adm3_pcode":null,"adm3_name":null,"adm4_pcode":null,"adm4_name":null,"name_latin":null},"geometry":{"type":"Polygon","coordinates":[[[33.1572323,14.5252585],[33.1572539,14.525195],[33.1575998,14.5253051],[33.1575782,14.5253687],[33.1572323,14.5252585]]]}},{"type":"Feature","properties":{"id":"way/1101416786","name":null,"name_en":null,"name_ar":null,"amenity":"school","building":null,"operator_type":null,"capacity_persons":null,"addr_full":null,"addr_city":null,"source":null,"adm0_pcode":"SDN","adm0_name":"Sudan","adm1_pcode":"SD15","adm1_name":"Aj Jazirah","adm2_pcode":"SD15037","adm2_name":"Al Qurashi","adm3_pcode":null,"adm3_name":null,"adm4_pcode":null,"adm4_name":null,"name_latin":null},"geometry":{"type":"Polygon","coordinates":[[[32.8072582,14.510818],[32.8069237,14.5106271],[32.8068974,14.5106702],[32.8072319,14.5108611],[32.8072582,14.510818]]]}},{"type":"Feature","properties":{"id":"way/1101416787","name":null,"name_en":null,"name_ar":null,"amenity":"school","building":null,"operator_type":null,"capacity_persons":null,"addr_full":null,"addr_city":null,"source":null,"adm0_pcode":"SDN","adm0_name":"Sudan","adm1_pcode":"SD15","adm1_name":"Aj Jazirah","adm2_pcode":"SD15037","adm2_name":"Al Qurashi","adm3_pcode":null,"adm3_name":null,"adm4_pcode":null,"adm4_name":null,"name_latin":null},"geometry":{"type":"Polygon","coordinates":[[[32.8068916,14.5106668],[32.8070647,14.5103833],[32.8071395,14.5104244],[32.8074039,14.5105783],[32.8073794,14.5106177],[32.8072582,14.510818],[32.8072319,14.5108611],[32.8068974,14.5106702],[32.8068916,14.5106668]]]}},{"type":"Feature","properties":{"id":"way/1101416785","name":null,"name_en":null,"name_ar":null,"amenity":"school","building":null,"operator_type":null,"capacity_persons":null,"addr_full":null,"addr_city":null,"source":null,"adm0_pcode":"SDN","adm0_name":"Sudan","adm1_pcode":"SD15","adm1_name":"Aj Jazirah","adm2_pcode":"SD15037","adm2_name":"Al Qurashi","adm3_pcode":null,"adm3_name":null,"adm4_pcode":null,"adm4_name":null,"name_latin":null},"geometry":{"type":"Polygon","coordinates":[[[32.8074039,14.5105783],[32.8071395,14.5104244],[32.807115,14.5104638],[32.8073794,14.5106177],[32.8074039,14.5105783]]]}},{"type":"Feature","properties":{"id":"node/10297811709","name":"ديم المشايخة","name_en":null,"name_ar":null,"amenity":"school","building":null,"operator_type":null,"capacity_persons":null,"addr_full":null,"addr_city":null,"source":null,"adm0_pcode":"SDN","adm0_name":"Sudan","adm1_pcode":"SD15","adm1_name":"Aj Jazirah","adm2_pcode":"SD15031","adm2_name":"Janub Al Jazirah","adm3_pcode":null,"adm3_name":null,"adm4_pcode":null,"adm4_name":null,"name_latin":"dym lmshykh@"},"geometry":{"type":"Point","coordinates":[33.5993911,13.6513299]}},{"type":"Feature","properties":{"id":"way/1101441822","name":null,"name_en":null,"name_ar":null,"amenity":"school","building":null,"operator_type":null,"capacity_persons":null,"addr_full":null,"addr_city":null,"source":null,"adm0_pcode":"SDN","adm0_name":"Sudan","adm1_pcode":"SD15","adm1_name":"Aj Jazirah","adm2_pcode":"SD15031","adm2_name":"Janub Al Jazirah","adm3_pcode":null,"adm3_name":null,"adm4_pcode":null,"adm4_name":null,"name_latin":null},"geometry":{"type":"Polygon","coordinates":[[[33.5179121,13.6687623],[33.5179257,13.6687062],[33.5180903,13.6687437],[33.5180768,13.6687999],[33.5179121,13.6687623]]]}},{"type":"Feature","properties":{"id":"way/1101441821","name":null,"name_en":null,"name_ar":null,"amenity":"school","building":null,"operator_type":null,"capacity_persons":null,"addr_full":null,"addr_city":null,"source":null,"adm0_pcode":"SDN","adm0_name":"Sudan","adm1_pcode":"SD15","adm1_name":"Aj Jazirah","adm2_pcode":"SD15031","adm2_name":"Janub Al Jazirah","adm3_pcode":null,"adm3_name":null,"adm4_pcode":null,"adm4_name":null,"name_latin":null},"geometry":{"type":"Polygon","coordinates":[[[33.5181767,13.6688596],[33.51819,13.6688111],[33.5184893,13.6688886],[33.5184759,13.6689371],[33.5181767,13.6688596]]]}},{"type":"Feature","properties":{"id":"way/1101441823","name":null,"name_en":null,"name_ar":null,"amenity":"school","building":null,"operator_type":null,"capacity_persons":null,"addr_full":null,"addr_city":null,"source":null,"adm0_pcode":"SDN","adm0_name":"Sudan","adm1_pcode":"SD15","adm1_name":"Aj Jazirah","adm2_pcode":"SD15031","adm2_name":"Janub Al Jazirah","adm3_pcode":null,"adm3_name":null,"adm4_pcode":null,"adm4_name":null,"name_latin":null},"geometry":{"type":"Polygon","coordinates":[[[33.5184336,13.6690716],[33.5184893,13.6690838],[33.5185125,13.6689845],[33.5184568,13.6689722],[33.5184336,13.6690716]]]}},{"type":"Feature","properties":{"id":"way/1101441820","name":null,"name_en":null,"name_ar":null,"amenity":"school","building":null,"operator_type":null,"capacity_persons":null,"addr_full":null,"addr_city":null,"source":null,"adm0_pcode":"SDN","adm0_name":"Sudan","adm1_pcode":"SD15","adm1_name":"Aj Jazirah","adm2_pcode":"SD15031","adm2_name":"Janub Al Jazirah","adm3_pcode":null,"adm3_name":null,"adm4_pcode":null,"adm4_name":null,"name_latin":null},"geometry":{"type":"Polygon","coordinates":[[[33.5181667,13.669086],[33.5181798,13.6690371],[33.5184254,13.6690989],[33.5184124,13.6691479],[33.5181667,13.669086]]]}},{"type":"Feature","properties":{"id":"way/1101441819","name":null,"name_en":null,"name_ar":null,"amenity":"school","building":null,"operator_type":null,"capacity_persons":null,"addr_full":null,"addr_city":null,"source":null,"adm0_pcode":"SDN","adm0_name":"Sudan","adm1_pcode":"SD15","adm1_name":"Aj Jazirah","adm2_pcode":"SD15031","adm2_name":"Janub Al Jazirah","adm3_pcode":null,"adm3_name":null,"adm4_pcode":null,"adm4_name":null,"name_latin":null},"geometry":{"type":"Polygon","coordinates":[[[33.5179457,13.6692356],[33.5179675,13.669179],[33.5182749,13.6692907],[33.5182531,13.6693474],[33.5179457,13.6692356]]]}},{"type":"Feature","properties":{"id":"node/13447373738","name":"جامعة السودان التقانية - كلية النوبة التقنية","name_en":"Sudan Technological University - ElNuba Technical College","name_ar":"جامعة السودان التقانية - كلية النوبة التقنية","amenity":"college","building":null,"operator_type":"university","capacity_persons":null,"addr_full":null,"addr_city":null,"source":null,"adm0_pcode":"SDN","adm0_name":"Sudan","adm1_pcode":"SD15","adm1_name":"Aj Jazirah","adm2_pcode":"SD15035","adm2_name":"Al Kamlin","adm3_pcode":null,"adm3_name":null,"adm4_pcode":null,"adm4_name":null,"name_latin":"Sudan Technological University - ElNuba Technical College"},"geometry":{"type":"Point","coordinates":[32.9080477,15.2819498]}},{"type":"Feature","properties":{"id":"way/1102013093","name":null,"name_en":null,"name_ar":null,"amenity":null,"building":"school","operator_type":null,"capacity_persons":null,"addr_full":null,"addr_city":null,"source":null,"adm0_pcode":"SDN","adm0_name":"Sudan","adm1_pcode":"SD15","adm1_name":"Aj Jazirah","adm2_pcode":"SD15035","adm2_name":"Al Kamlin","adm3_pcode":null,"adm3_name":null,"adm4_pcode":null,"adm4_name":null,"name_latin":null},"geometry":{"type":"Polygon","coordinates":[[[32.8748997,15.2251797],[32.8749697,15.2252236],[32.8749616,15.2252383],[32.8749756,15.2252473],[32.8749919,15.2252315],[32.8750304,15.2252585],[32.8750596,15.2252146],[32.8749184,15.2251391],[32.8748997,15.2251797]]]}},{"type":"Feature","properties":{"id":"way/1102013092","name":null,"name_en":null,"name_ar":null,"amenity":null,"building":"school","operator_type":null,"capacity_persons":null,"addr_full":null,"addr_city":null,"source":null,"adm0_pcode":"SDN","adm0_name":"Sudan","adm1_pcode":"SD15","adm1_name":"Aj Jazirah","adm2_pcode":"SD15035","adm2_name":"Al Kamlin","adm3_pcode":null,"adm3_name":null,"adm4_pcode":null,"adm4_name":null,"name_latin":null},"geometry":{"type":"Polygon","coordinates":[[[32.8746576,15.2250312],[32.8748467,15.225141],[32.8748812,15.2251096],[32.8746881,15.22499],[32.8746576,15.2250312]]]}},{"type":"Feature","properties":{"id":"way/1102013094","name":null,"name_en":null,"name_ar":null,"amenity":null,"building":"school","operator_type":null,"capacity_persons":null,"addr_full":null,"addr_city":null,"source":null,"adm0_pcode":"SDN","adm0_name":"Sudan","adm1_pcode":"SD15","adm1_name":"Aj Jazirah","adm2_pcode":"SD15035","adm2_name":"Al Kamlin","adm3_pcode":null,"adm3_name":null,"adm4_pcode":null,"adm4_name":null,"name_latin":null},"geometry":{"type":"Polygon","coordinates":[[[32.8748506,15.2247583],[32.8750601,15.2248638],[32.8750878,15.2248222],[32.8748706,15.2247122],[32.8748506,15.2247583]]]}},{"type":"Feature","properties":{"id":"way/748900862","name":"مدرسة التكينة الثانوية","name_en":null,"name_ar":null,"amenity":"school","building":null,"operator_type":null,"capacity_persons":null,"addr_full":null,"addr_city":null,"source":null,"adm0_pcode":"SDN","adm0_name":"Sudan","adm1_pcode":"SD15","adm1_name":"Aj Jazirah","adm2_pcode":"SD15033","adm2_name":"Sharg Al Jazirah","adm3_pcode":null,"adm3_name":null,"adm4_pcode":null,"adm4_name":null,"name_latin":"mdrs@ ltkyn@ lthnwy@"},"geometry":{"type":"Polygon","coordinates":[[[33.0508048,15.2230085],[33.0506197,15.2225815],[33.0500645,15.2228196],[33.0502066,15.2232337],[33.0508048,15.2230085]]]}},{"type":"Feature","properties":{"id":"node/13176422894","name":"مدرسة ابو جعفر المنصور","name_en":null,"name_ar":null,"amenity":"school","building":null,"operator_type":null,"capacity_persons":null,"addr_full":null,"addr_city":"التكينة","source":null,"adm0_pcode":"SDN","adm0_name":"Sudan","adm1_pcode":"SD15","adm1_name":"Aj Jazirah","adm2_pcode":"SD15033","adm2_name":"Sharg Al Jazirah","adm3_pcode":null,"adm3_name":null,"adm4_pcode":null,"adm4_name":null,"name_latin":"mdrs@ bw j`fr lmnSwr"},"geometry":{"type":"Point","coordinates":[33.0494454,15.2223765]}},{"type":"Feature","properties":{"id":"way/1433713907","name":"مدرسة ابو جعفر المنصور","name_en":null,"name_ar":null,"amenity":"school","building":null,"operator_type":null,"capacity_persons":null,"addr_full":null,"addr_city":"التكينة","source":null,"adm0_pcode":"SDN","adm0_name":"Sudan","adm1_pcode":"SD15","adm1_name":"Aj Jazirah","adm2_pcode":"SD15033","adm2_name":"Sharg Al Jazirah","adm3_pcode":null,"adm3_name":null,"adm4_pcode":null,"adm4_name":null,"name_latin":"mdrs@ bw j`fr lmnSwr"},"geometry":{"type":"Polygon","coordinates":[[[33.0492766,15.2226302],[33.0491333,15.2223062],[33.0496309,15.2220966],[33.0498096,15.2224459],[33.0492766,15.2226302]]]}},{"type":"Feature","properties":{"id":"way/1433713908","name":"مدرسة رابحة الكنانية","name_en":null,"name_ar":null,"amenity":"school","building":null,"operator_type":null,"capacity_persons":null,"addr_full":null,"addr_city":"التكينة","source":null,"adm0_pcode":"SDN","adm0_name":"Sudan","adm1_pcode":"SD15","adm1_name":"Aj Jazirah","adm2_pcode":"SD15033","adm2_name":"Sharg Al Jazirah","adm3_pcode":null,"adm3_name":null,"adm4_pcode":null,"adm4_name":null,"name_latin":"mdrs@ rbH@ lknny@"},"geometry":{"type":"Polygon","coordinates":[[[33.0491287,15.2222928],[33.0490085,15.222052],[33.0494969,15.2218038],[33.0496186,15.2220758],[33.0491287,15.2222928]]]}},{"type":"Feature","properties":{"id":"way/1101188556","name":null,"name_en":null,"name_ar":null,"amenity":"school","building":null,"operator_type":null,"capacity_persons":null,"addr_full":null,"addr_city":null,"source":null,"adm0_pcode":"SDN","adm0_name":"Sudan","adm1_pcode":"SD15","adm1_name":"Aj Jazirah","adm2_pcode":"SD15037","adm2_name":"Al Qurashi","adm3_pcode":null,"adm3_name":null,"adm4_pcode":null,"adm4_name":null,"name_latin":null},"geometry":{"type":"Polygon","coordinates":[[[32.7188517,13.9796031],[32.7184679,13.9795508],[32.718476,13.9794944],[32.7188599,13.9795467],[32.7188517,13.9796031]]]}},{"type":"Feature","properties":{"id":"way/1101188560","name":null,"name_en":null,"name_ar":null,"amenity":"school","building":null,"operator_type":null,"capacity_persons":null,"addr_full":null,"addr_city":null,"source":null,"adm0_pcode":"SDN","adm0_name":"Sudan","adm1_pcode":"SD15","adm1_name":"Aj Jazirah","adm2_pcode":"SD15037","adm2_name":"Al Qurashi","adm3_pcode":null,"adm3_name":null,"adm4_pcode":null,"adm4_name":null,"name_latin":null},"geometry":{"type":"Polygon","coordinates":[[[32.7190462,13.9797605],[32.718229,13.9796456],[32.7183527,13.9788166],[32.7191701,13.9789316],[32.7190462,13.9797605]]]}},{"type":"Feature","properties":{"id":"way/1101188557","name":null,"name_en":null,"name_ar":null,"amenity":"school","building":null,"operator_type":null,"capacity_persons":null,"addr_full":null,"addr_city":null,"source":null,"adm0_pcode":"SDN","adm0_name":"Sudan","adm1_pcode":"SD15","adm1_name":"Aj Jazirah","adm2_pcode":"SD15037","adm2_name":"Al Qurashi","adm3_pcode":null,"adm3_name":null,"adm4_pcode":null,"adm4_name":null,"name_latin":null},"geometry":{"type":"Polygon","coordinates":[[[32.7186436,13.9792832],[32.7184955,13.979269],[32.7185009,13.9792158],[32.718649,13.9792299],[32.7186436,13.9792832]]]}},{"type":"Feature","properties":{"id":"way/1101188558","name":null,"name_en":null,"name_ar":null,"amenity":"school","building":null,"operator_type":null,"capacity_persons":null,"addr_full":null,"addr_city":null,"source":null,"adm0_pcode":"SDN","adm0_name":"Sudan","adm1_pcode":"SD15","adm1_name":"Aj Jazirah","adm2_pcode":"SD15037","adm2_name":"Al Qurashi","adm3_pcode":null,"adm3_name":null,"adm4_pcode":null,"adm4_name":null,"name_latin":null},"geometry":{"type":"Polygon","coordinates":[[[32.7190581,13.9792602],[32.7188875,13.979224],[32.718901,13.9791638],[32.7190716,13.9792],[32.7190581,13.9792602]]]}},{"type":"Feature","properties":{"id":"way/1101188559","name":null,"name_en":null,"name_ar":null,"amenity":"school","building":null,"operator_type":null,"capacity_persons":null,"addr_full":null,"addr_city":null,"source":null,"adm0_pcode":"SDN","adm0_name":"Sudan","adm1_pcode":"SD15","adm1_name":"Aj Jazirah","adm2_pcode":"SD15037","adm2_name":"Al Qurashi","adm3_pcode":null,"adm3_name":null,"adm4_pcode":null,"adm4_name":null,"name_latin":null},"geometry":{"type":"Polygon","coordinates":[[[32.718468,13.9790047],[32.7183826,13.9790042],[32.7183828,13.9789593],[32.7184682,13.9789598],[32.718468,13.9790047]]]}},{"type":"Feature","properties":{"id":"way/1101198566","name":null,"name_en":null,"name_ar":null,"amenity":"school","building":null,"operator_type":null,"capacity_persons":null,"addr_full":null,"addr_city":null,"source":null,"adm0_pcode":"SDN","adm0_name":"Sudan","adm1_pcode":"SD15","adm1_name":"Aj Jazirah","adm2_pcode":"SD15036","adm2_name":"Al Manaqil","adm3_pcode":null,"adm3_name":null,"adm4_pcode":null,"adm4_name":null,"name_latin":null},"geometry":{"type":"Polygon","coordinates":[[[32.8154693,13.9224969],[32.8158859,13.9225331],[32.8158906,13.9224822],[32.815474,13.922446],[32.8154693,13.9224969]]]}},{"type":"Feature","properties":{"id":"way/1101198568","name":null,"name_en":null,"name_ar":null,"amenity":"school","building":null,"operator_type":null,"capacity_persons":null,"addr_full":null,"addr_city":null,"source":null,"adm0_pcode":"SDN","adm0_name":"Sudan","adm1_pcode":"SD15","adm1_name":"Aj Jazirah","adm2_pcode":"SD15036","adm2_name":"Al Manaqil","adm3_pcode":null,"adm3_name":null,"adm4_pcode":null,"adm4_name":null,"name_latin":null},"geometry":{"type":"Polygon","coordinates":[[[32.815873,13.9224646],[32.8158735,13.9224109],[32.815954,13.9224116],[32.8159535,13.9224652],[32.815873,13.9224646]]]}},{"type":"Feature","properties":{"id":"way/1101198569","name":null,"name_en":null,"name_ar":null,"amenity":"school","building":null,"operator_type":null,"capacity_persons":null,"addr_full":null,"addr_city":null,"source":null,"adm0_pcode":"SDN","adm0_name":"Sudan","adm1_pcode":"SD15","adm1_name":"Aj Jazirah","adm2_pcode":"SD15036","adm2_name":"Al Manaqil","adm3_pcode":null,"adm3_name":null,"adm4_pcode":null,"adm4_name":null,"name_latin":null},"geometry":{"type":"Polygon","coordinates":[[[32.8154109,13.9224274],[32.8154114,13.9223738],[32.8154919,13.9223744],[32.8154914,13.9224281],[32.8154109,13.9224274]]]}},{"type":"Feature","properties":{"id":"way/1101198570","name":null,"name_en":null,"name_ar":null,"amenity":null,"building":"school","operator_type":null,"capacity_persons":null,"addr_full":null,"addr_city":null,"source":null,"adm0_pcode":"SDN","adm0_name":"Sudan","adm1_pcode":"SD15","adm1_name":"Aj Jazirah","adm2_pcode":"SD15036","adm2_name":"Al Manaqil","adm3_pcode":null,"adm3_name":null,"adm4_pcode":null,"adm4_name":null,"name_latin":null},"geometry":{"type":"Polygon","coordinates":[[[32.8158305,13.9222726],[32.8158743,13.9221682],[32.8159573,13.9222011],[32.8159134,13.9223054],[32.8158305,13.9222726]]]}},{"type":"Feature","properties":{"id":"way/1101198567","name":null,"name_en":null,"name_ar":null,"amenity":"school","building":null,"operator_type":null,"capacity_persons":null,"addr_full":null,"addr_city":null,"source":null,"adm0_pcode":"SDN","adm0_name":"Sudan","adm1_pcode":"SD15","adm1_name":"Aj Jazirah","adm2_pcode":"SD15036","adm2_name":"Al Manaqil","adm3_pcode":null,"adm3_name":null,"adm4_pcode":null,"adm4_name":null,"name_latin":null},"geometry":{"type":"Polygon","coordinates":[[[32.8155636,13.922101],[32.8158263,13.9221136],[32.8158288,13.9220643],[32.8155662,13.9220516],[32.8155636,13.922101]]]}},{"type":"Feature","properties":{"id":"way/1101477642","name":null,"name_en":null,"name_ar":null,"amenity":null,"building":"school","operator_type":null,"capacity_persons":null,"addr_full":null,"addr_city":null,"source":null,"adm0_pcode":"SDN","adm0_name":"Sudan","adm1_pcode":"SD15","adm1_name":"Aj Jazirah","adm2_pcode":"SD15036","adm2_name":"Al Manaqil","adm3_pcode":null,"adm3_name":null,"adm4_pcode":null,"adm4_name":null,"name_latin":null},"geometry":{"type":"Polygon","coordinates":[[[32.7757868,13.9103103],[32.7761896,13.9104679],[32.7761579,13.9105454],[32.7757563,13.9103785],[32.7757868,13.9103103]]]}},{"type":"Feature","properties":{"id":"way/1101477641","name":null,"name_en":null,"name_ar":null,"amenity":null,"building":"school","operator_type":null,"capacity_persons":null,"addr_full":null,"addr_city":null,"source":null,"adm0_pcode":"SDN","adm0_name":"Sudan","adm1_pcode":"SD15","adm1_name":"Aj Jazirah","adm2_pcode":"SD15036","adm2_name":"Al Manaqil","adm3_pcode":null,"adm3_name":null,"adm4_pcode":null,"adm4_name":null,"name_latin":null},"geometry":{"type":"Polygon","coordinates":[[[32.7751672,13.910204],[32.7752492,13.9102384],[32.7752161,13.9103128],[32.7754426,13.910408],[32.7754756,13.9103341],[32.7755523,13.9103663],[32.7755793,13.9103057],[32.7754641,13.9102573],[32.7754382,13.9103155],[32.7752828,13.9102503],[32.7753084,13.9101929],[32.7751936,13.9101447],[32.7751672,13.910204]]]}},{"type":"Feature","properties":{"id":"way/1103121419","name":null,"name_en":null,"name_ar":null,"amenity":null,"building":"school","operator_type":null,"capacity_persons":null,"addr_full":null,"addr_city":null,"source":null,"adm0_pcode":"SDN","adm0_name":"Sudan","adm1_pcode":"SD15","adm1_name":"Aj Jazirah","adm2_pcode":"SD15036","adm2_name":"Al Manaqil","adm3_pcode":null,"adm3_name":null,"adm4_pcode":null,"adm4_name":null,"name_latin":null},"geometry":{"type":"Polygon","coordinates":[[[32.7760741,13.9102164],[32.7763354,13.9103145],[32.7763642,13.9102423],[32.7761029,13.9101442],[32.7760741,13.9102164]]]}},{"type":"Feature","properties":{"id":"way/1103121422","name":null,"name_en":null,"name_ar":null,"amenity":null,"building":"school","operator_type":null,"capacity_persons":null,"addr_full":null,"addr_city":null,"source":null,"adm0_pcode":"SDN","adm0_name":"Sudan","adm1_pcode":"SD15","adm1_name":"Aj Jazirah","adm2_pcode":"SD15036","adm2_name":"Al Manaqil","adm3_pcode":null,"adm3_name":null,"adm4_pcode":null,"adm4_name":null,"name_latin":null},"geometry":{"type":"Polygon","coordinates":[[[32.7760223,13.9101574],[32.7760785,13.9101804],[32.7760979,13.9101359],[32.7760417,13.9101128],[32.7760223,13.9101574]]]}},{"type":"Feature","properties":{"id":"way/1101477635","name":null,"name_en":null,"name_ar":null,"amenity":"school","building":null,"operator_type":null,"capacity_persons":null,"addr_full":null,"addr_city":null,"source":null,"adm0_pcode":"SDN","adm0_name":"Sudan","adm1_pcode":"SD15","adm1_name":"Aj Jazirah","adm2_pcode":"SD15036","adm2_name":"Al Manaqil","adm3_pcode":null,"adm3_name":null,"adm4_pcode":null,"adm4_name":null,"name_latin":null},"geometry":{"type":"Polygon","coordinates":[[[32.7744752,13.9101041],[32.7748936,13.9102551],[32.7748935,13.9102941],[32.7755889,13.9105685],[32.7756882,13.9103638],[32.7765575,13.9107121],[32.7767278,13.9103424],[32.7746877,13.9095765],[32.7744752,13.9101041]]]}},{"type":"Feature","properties":{"id":"way/1103121420","name":null,"name_en":null,"name_ar":null,"amenity":null,"building":"school","operator_type":null,"capacity_persons":null,"addr_full":null,"addr_city":null,"source":null,"adm0_pcode":"SDN","adm0_name":"Sudan","adm1_pcode":"SD15","adm1_name":"Aj Jazirah","adm2_pcode":"SD15036","adm2_name":"Al Manaqil","adm3_pcode":null,"adm3_name":null,"adm4_pcode":null,"adm4_name":null,"name_latin":null},"geometry":{"type":"Polygon","coordinates":[[[32.7758492,13.9101149],[32.7760037,13.9101763],[32.7760311,13.9101112],[32.7758766,13.9100498],[32.7758492,13.9101149]]]}},{"type":"Feature","properties":{"id":"way/1101477637","name":null,"name_en":null,"name_ar":null,"amenity":null,"building":"school","operator_type":null,"capacity_persons":null,"addr_full":null,"addr_city":null,"source":null,"adm0_pcode":"SDN","adm0_name":"Sudan","adm1_pcode":"SD15","adm1_name":"Aj Jazirah","adm2_pcode":"SD15036","adm2_name":"Al Manaqil","adm3_pcode":null,"adm3_name":null,"adm4_pcode":null,"adm4_name":null,"name_latin":null},"geometry":{"type":"Polygon","coordinates":[[[32.7747704,13.9101581],[32.7748836,13.9101941],[32.774908,13.9101218],[32.7749322,13.9101295],[32.7749601,13.9100466],[32.7748817,13.9100217],[32.7748522,13.9101092],[32.7747932,13.9100905],[32.7747704,13.9101581]]]}},{"type":"Feature","properties":{"id":"way/1101477640","name":null,"name_en":null,"name_ar":null,"amenity":null,"building":"school","operator_type":null,"capacity_persons":null,"addr_full":null,"addr_city":null,"source":null,"adm0_pcode":"SDN","adm0_name":"Sudan","adm1_pcode":"SD15","adm1_name":"Aj Jazirah","adm2_pcode":"SD15036","adm2_name":"Al Manaqil","adm3_pcode":null,"adm3_name":null,"adm4_pcode":null,"adm4_name":null,"name_latin":null},"geometry":{"type":"Polygon","coordinates":[[[32.775561,13.9101164],[32.7755867,13.9100495],[32.7756735,13.910081],[32.7756478,13.9101478],[32.775561,13.9101164]]]}},{"type":"Feature","properties":{"id":"way/1101477636","name":null,"name_en":null,"name_ar":null,"amenity":null,"building":"school","operator_type":null,"capacity_persons":null,"addr_full":null,"addr_city":null,"source":null,"adm0_pcode":"SDN","adm0_name":"Sudan","adm1_pcode":"SD15","adm1_name":"Aj Jazirah","adm2_pcode":"SD15036","adm2_name":"Al Manaqil","adm3_pcode":null,"adm3_name":null,"adm4_pcode":null,"adm4_name":null,"name_latin":null},"geometry":{"type":"Polygon","coordinates":[[[32.7745593,13.9100084],[32.7747621,13.9100698],[32.7747355,13.9101609],[32.77453,13.9100995],[32.7745593,13.9100084]]]}},{"type":"Feature","properties":{"id":"way/1103121421","name":null,"name_en":null,"name_ar":null,"amenity":null,"building":"school","operator_type":null,"capacity_persons":null,"addr_full":null,"addr_city":null,"source":null,"adm0_pcode":"SDN","adm0_name":"Sudan","adm1_pcode":"SD15","adm1_name":"Aj Jazirah","adm2_pcode":"SD15036","adm2_name":"Al Manaqil","adm3_pcode":null,"adm3_name":null,"adm4_pcode":null,"adm4_name":null,"name_latin":null},"geometry":{"type":"Polygon","coordinates":[[[32.7745411,13.9099804],[32.7745828,13.9099954],[32.7746142,13.9099134],[32.7745724,13.9098983],[32.7745411,13.9099804]]]}},{"type":"Feature","properties":{"id":"way/1101477639","name":null,"name_en":null,"name_ar":null,"amenity":null,"building":"school","operator_type":null,"capacity_persons":null,"addr_full":null,"addr_city":null,"source":null,"adm0_pcode":"SDN","adm0_name":"Sudan","adm1_pcode":"SD15","adm1_name":"Aj Jazirah","adm2_pcode":"SD15036","adm2_name":"Al Manaqil","adm3_pcode":null,"adm3_name":null,"adm4_pcode":null,"adm4_name":null,"name_latin":null},"geometry":{"type":"Polygon","coordinates":[[[32.7751181,13.9098888],[32.7755526,13.910058],[32.7755888,13.909976],[32.775153,13.9097976],[32.7751181,13.9098888]]]}},{"type":"Feature","properties":{"id":"way/1101477638","name":null,"name_en":null,"name_ar":null,"amenity":null,"building":"school","operator_type":null,"capacity_persons":null,"addr_full":null,"addr_city":null,"source":null,"adm0_pcode":"SDN","adm0_name":"Sudan","adm1_pcode":"SD15","adm1_name":"Aj Jazirah","adm2_pcode":"SD15036","adm2_name":"Al Manaqil","adm3_pcode":null,"adm3_name":null,"adm4_pcode":null,"adm4_name":null,"name_latin":null},"geometry":{"type":"Polygon","coordinates":[[[32.7746341,13.909762],[32.7749444,13.9098764],[32.7749137,13.9099551],[32.7749888,13.9099828],[32.7750521,13.909821],[32.7746667,13.9096788],[32.7746341,13.909762]]]}},{"type":"Feature","properties":{"id":"way/1104914595","name":null,"name_en":null,"name_ar":null,"amenity":"school","building":null,"operator_type":null,"capacity_persons":null,"addr_full":null,"addr_city":null,"source":null,"adm0_pcode":"SDN","adm0_name":"Sudan","adm1_pcode":"SD15","adm1_name":"Aj Jazirah","adm2_pcode":"SD15036","adm2_name":"Al Manaqil","adm3_pcode":null,"adm3_name":null,"adm4_pcode":null,"adm4_name":null,"name_latin":null},"geometry":{"type":"Polygon","coordinates":[[[32.7758037,13.9096804],[32.7756221,13.9096134],[32.7756481,13.9095471],[32.7758297,13.9096141],[32.7758037,13.9096804]]]}},{"type":"Feature","properties":{"id":"way/1104914594","name":null,"name_en":null,"name_ar":null,"amenity":"school","building":null,"operator_type":null,"capacity_persons":null,"addr_full":null,"addr_city":null,"source":null,"adm0_pcode":"SDN","adm0_name":"Sudan","adm1_pcode":"SD15","adm1_name":"Aj Jazirah","adm2_pcode":"SD15036","adm2_name":"Al Manaqil","adm3_pcode":null,"adm3_name":null,"adm4_pcode":null,"adm4_name":null,"name_latin":null},"geometry":{"type":"Polygon","coordinates":[[[32.7756142,13.9096087],[32.7754023,13.9095317],[32.7754286,13.9094637],[32.7756404,13.9095407],[32.7756142,13.9096087]]]}},{"type":"Feature","properties":{"id":"way/1104914598","name":null,"name_en":null,"name_ar":null,"amenity":"school","building":null,"operator_type":null,"capacity_persons":null,"addr_full":null,"addr_city":null,"source":null,"adm0_pcode":"SDN","adm0_name":"Sudan","adm1_pcode":"SD15","adm1_name":"Aj Jazirah","adm2_pcode":"SD15036","adm2_name":"Al Manaqil","adm3_pcode":null,"adm3_name":null,"adm4_pcode":null,"adm4_name":null,"name_latin":null},"geometry":{"type":"Polygon","coordinates":[[[32.7758871,13.9092077],[32.7758212,13.9091871],[32.7758396,13.9091317],[32.7759055,13.9091524],[32.7758871,13.9092077]]]}},{"type":"Feature","properties":{"id":"way/1104914597","name":null,"name_en":null,"name_ar":null,"amenity":"school","building":null,"operator_type":null,"capacity_persons":null,"addr_full":null,"addr_city":null,"source":null,"adm0_pcode":"SDN","adm0_name":"Sudan","adm1_pcode":"SD15","adm1_name":"Aj Jazirah","adm2_pcode":"SD15036","adm2_name":"Al Manaqil","adm3_pcode":null,"adm3_name":null,"adm4_pcode":null,"adm4_name":null,"name_latin":null},"geometry":{"type":"Polygon","coordinates":[[[32.7758146,13.9091837],[32.775711,13.9091484],[32.7757312,13.9090925],[32.7758348,13.9091278],[32.7758146,13.9091837]]]}},{"type":"Feature","properties":{"id":"way/1104914596","name":null,"name_en":null,"name_ar":null,"amenity":"school","building":null,"operator_type":null,"capacity_persons":null,"addr_full":null,"addr_city":null,"source":null,"adm0_pcode":"SDN","adm0_name":"Sudan","adm1_pcode":"SD15","adm1_name":"Aj Jazirah","adm2_pcode":"SD15036","adm2_name":"Al Manaqil","adm3_pcode":null,"adm3_name":null,"adm4_pcode":null,"adm4_name":null,"name_latin":null},"geometry":{"type":"Polygon","coordinates":[[[32.7757058,13.9091453],[32.7756399,13.9091247],[32.7756583,13.9090693],[32.7757242,13.9090899],[32.7757058,13.9091453]]]}},{"type":"Feature","properties":{"id":"way/1101697179","name":null,"name_en":null,"name_ar":null,"amenity":null,"building":"school","operator_type":null,"capacity_persons":null,"addr_full":null,"addr_city":null,"source":null,"adm0_pcode":"SDN","adm0_name":"Sudan","adm1_pcode":"SD15","adm1_name":"Aj Jazirah","adm2_pcode":"SD15036","adm2_name":"Al Manaqil","adm3_pcode":null,"adm3_name":null,"adm4_pcode":null,"adm4_name":null,"name_latin":null},"geometry":{"type":"Polygon","coordinates":[[[32.6989799,13.8976641],[32.6993701,13.8974944],[32.6993885,13.8975345],[32.6989984,13.8977041],[32.6989799,13.8976641]]]}},{"type":"Feature","properties":{"id":"way/1101697180","name":null,"name_en":null,"name_ar":null,"amenity":null,"building":"school","operator_type":null,"capacity_persons":null,"addr_full":null,"addr_city":null,"source":null,"adm0_pcode":"SDN","adm0_name":"Sudan","adm1_pcode":"SD15","adm1_name":"Aj Jazirah","adm2_pcode":"SD15036","adm2_name":"Al Manaqil","adm3_pcode":null,"adm3_name":null,"adm4_pcode":null,"adm4_name":null,"name_latin":null},"geometry":{"type":"Polygon","coordinates":[[[32.698849,13.8972978],[32.6989201,13.897277],[32.6989389,13.8973213],[32.6988664,13.8973434],[32.698849,13.8972978]]]}},{"type":"Feature","properties":{"id":"way/1101697181","name":null,"name_en":null,"name_ar":null,"amenity":null,"building":"school","operator_type":null,"capacity_persons":null,"addr_full":null,"addr_city":null,"source":null,"adm0_pcode":"SDN","adm0_name":"Sudan","adm1_pcode":"SD15","adm1_name":"Aj Jazirah","adm2_pcode":"SD15036","adm2_name":"Al Manaqil","adm3_pcode":null,"adm3_name":null,"adm4_pcode":null,"adm4_name":null,"name_latin":null},"geometry":{"type":"Polygon","coordinates":[[[32.6989853,13.8972659],[32.6992688,13.8971949],[32.6992814,13.8972424],[32.6989979,13.8973135],[32.6989853,13.8972659]]]}},{"type":"Feature","properties":{"id":"way/1101206045","name":null,"name_en":null,"name_ar":null,"amenity":null,"building":"school","operator_type":null,"capacity_persons":null,"addr_full":null,"addr_city":null,"source":null,"adm0_pcode":"SDN","adm0_name":"Sudan","adm1_pcode":"SD15","adm1_name":"Aj Jazirah","adm2_pcode":"SD15036","adm2_name":"Al Manaqil","adm3_pcode":null,"adm3_name":null,"adm4_pcode":null,"adm4_name":null,"name_latin":null},"geometry":{"type":"Polygon","coordinates":[[[32.8098053,13.8327948],[32.8097982,13.8327504],[32.8102601,13.8326811],[32.8102671,13.8327254],[32.8098053,13.8327948]]]}},{"type":"Feature","properties":{"id":"way/1101206048","name":null,"name_en":null,"name_ar":null,"amenity":"school","building":null,"operator_type":null,"capacity_persons":null,"addr_full":null,"addr_city":null,"source":null,"adm0_pcode":"SDN","adm0_name":"Sudan","adm1_pcode":"SD15","adm1_name":"Aj Jazirah","adm2_pcode":"SD15036","adm2_name":"Al Manaqil","adm3_pcode":null,"adm3_name":null,"adm4_pcode":null,"adm4_name":null,"name_latin":null},"geometry":{"type":"Polygon","coordinates":[[[32.8097933,13.8328001],[32.8097857,13.8327526],[32.809707,13.8327644],[32.809655,13.832439],[32.8102651,13.8323472],[32.8103245,13.8327203],[32.8097933,13.8328001]]]}},{"type":"Feature","properties":{"id":"way/1101206046","name":null,"name_en":null,"name_ar":null,"amenity":null,"building":"school","operator_type":null,"capacity_persons":null,"addr_full":null,"addr_city":null,"source":null,"adm0_pcode":"SDN","adm0_name":"Sudan","adm1_pcode":"SD15","adm1_name":"Aj Jazirah","adm2_pcode":"SD15036","adm2_name":"Al Manaqil","adm3_pcode":null,"adm3_name":null,"adm4_pcode":null,"adm4_name":null,"name_latin":null},"geometry":{"type":"Polygon","coordinates":[[[32.8097603,13.8324856],[32.8097522,13.8324391],[32.8099155,13.8324124],[32.8099236,13.8324589],[32.8097603,13.8324856]]]}},{"type":"Feature","properties":{"id":"way/1101206047","name":null,"name_en":null,"name_ar":null,"amenity":null,"building":"school","operator_type":null,"capacity_persons":null,"addr_full":null,"addr_city":null,"source":null,"adm0_pcode":"SDN","adm0_name":"Sudan","adm1_pcode":"SD15","adm1_name":"Aj Jazirah","adm2_pcode":"SD15036","adm2_name":"Al Manaqil","adm3_pcode":null,"adm3_name":null,"adm4_pcode":null,"adm4_name":null,"name_latin":null},"geometry":{"type":"Polygon","coordinates":[[[32.8099974,13.8324439],[32.8099899,13.8323997],[32.810201,13.832366],[32.8102084,13.8324102],[32.8099974,13.8324439]]]}},{"type":"Feature","properties":{"id":"way/1101202551","name":null,"name_en":null,"name_ar":null,"amenity":"school","building":null,"operator_type":null,"capacity_persons":null,"addr_full":null,"addr_city":null,"source":null,"adm0_pcode":"SDN","adm0_name":"Sudan","adm1_pcode":"SD15","adm1_name":"Aj Jazirah","adm2_pcode":"SD15036","adm2_name":"Al Manaqil","adm3_pcode":null,"adm3_name":null,"adm4_pcode":null,"adm4_name":null,"name_latin":null},"geometry":{"type":"Polygon","coordinates":[[[32.809829,13.8314199],[32.8102378,13.831411],[32.8102365,13.8313545],[32.8098277,13.8313633],[32.809829,13.8314199]]]}},{"type":"Feature","properties":{"id":"way/1101202552","name":null,"name_en":null,"name_ar":null,"amenity":"school","building":null,"operator_type":null,"capacity_persons":null,"addr_full":null,"addr_city":null,"source":null,"adm0_pcode":"SDN","adm0_name":"Sudan","adm1_pcode":"SD15","adm1_name":"Aj Jazirah","adm2_pcode":"SD15036","adm2_name":"Al Manaqil","adm3_pcode":null,"adm3_name":null,"adm4_pcode":null,"adm4_name":null,"name_latin":null},"geometry":{"type":"Polygon","coordinates":[[[32.8097178,13.8313553],[32.8098315,13.8313496],[32.809828,13.8312827],[32.8097142,13.8312884],[32.8097178,13.8313553]]]}},{"type":"Feature","properties":{"id":"way/1101202553","name":null,"name_en":null,"name_ar":null,"amenity":"school","building":null,"operator_type":null,"capacity_persons":null,"addr_full":null,"addr_city":null,"source":null,"adm0_pcode":"SDN","adm0_name":"Sudan","adm1_pcode":"SD15","adm1_name":"Aj Jazirah","adm2_pcode":"SD15036","adm2_name":"Al Manaqil","adm3_pcode":null,"adm3_name":null,"adm4_pcode":null,"adm4_name":null,"name_latin":null},"geometry":{"type":"Polygon","coordinates":[[[32.8099522,13.8310736],[32.8100739,13.8310687],[32.8100717,13.8310171],[32.80995,13.8310219],[32.8099522,13.8310736]]]}},{"type":"Feature","properties":{"id":"way/1101202554","name":null,"name_en":null,"name_ar":null,"amenity":"school","building":null,"operator_type":null,"capacity_persons":null,"addr_full":null,"addr_city":null,"source":null,"adm0_pcode":"SDN","adm0_name":"Sudan","adm1_pcode":"SD15","adm1_name":"Aj Jazirah","adm2_pcode":"SD15036","adm2_name":"Al Manaqil","adm3_pcode":null,"adm3_name":null,"adm4_pcode":null,"adm4_name":null,"name_latin":null},"geometry":{"type":"Polygon","coordinates":[[[32.8101063,13.8310509],[32.8102128,13.8310496],[32.8102123,13.8310102],[32.8101058,13.8310115],[32.8101063,13.8310509]]]}},{"type":"Feature","properties":{"id":"way/1102479294","name":null,"name_en":null,"name_ar":null,"amenity":null,"building":"school","operator_type":null,"capacity_persons":null,"addr_full":null,"addr_city":null,"source":null,"adm0_pcode":"SDN","adm0_name":"Sudan","adm1_pcode":"SD15","adm1_name":"Aj Jazirah","adm2_pcode":"SD15036","adm2_name":"Al Manaqil","adm3_pcode":null,"adm3_name":null,"adm4_pcode":null,"adm4_name":null,"name_latin":null},"geometry":{"type":"Polygon","coordinates":[[[32.7656748,13.8104862],[32.7657595,13.8105759],[32.7658088,13.81054],[32.7657256,13.8104473],[32.7656748,13.8104862]]]}},{"type":"Feature","properties":{"id":"way/1102479295","name":null,"name_en":null,"name_ar":null,"amenity":null,"building":"school","operator_type":null,"capacity_persons":null,"addr_full":null,"addr_city":null,"source":null,"adm0_pcode":"SDN","adm0_name":"Sudan","adm1_pcode":"SD15","adm1_name":"Aj Jazirah","adm2_pcode":"SD15036","adm2_name":"Al Manaqil","adm3_pcode":null,"adm3_name":null,"adm4_pcode":null,"adm4_name":null,"name_latin":null},"geometry":{"type":"Polygon","coordinates":[[[32.7654745,13.8103815],[32.7656378,13.810564],[32.7656809,13.8105326],[32.7656378,13.8104742],[32.7656994,13.8104129],[32.7656166,13.8103336],[32.7655816,13.8103635],[32.7655731,13.8103471],[32.7655993,13.8103186],[32.76555,13.8102648],[32.7655099,13.8102902],[32.76553,13.8103231],[32.7654745,13.8103815]]]}},{"type":"Feature","properties":{"id":"way/1102479293","name":null,"name_en":null,"name_ar":null,"amenity":null,"building":"school","operator_type":null,"capacity_persons":null,"addr_full":null,"addr_city":null,"source":null,"adm0_pcode":"SDN","adm0_name":"Sudan","adm1_pcode":"SD15","adm1_name":"Aj Jazirah","adm2_pcode":"SD15036","adm2_name":"Al Manaqil","adm3_pcode":null,"adm3_name":null,"adm4_pcode":null,"adm4_name":null,"name_latin":null},"geometry":{"type":"Polygon","coordinates":[[[32.7658581,13.8104862],[32.7660245,13.81035],[32.7659906,13.8103067],[32.7658288,13.8104518],[32.7658581,13.8104862]]]}},{"type":"Feature","properties":{"id":"way/1102479292","name":null,"name_en":null,"name_ar":null,"amenity":null,"building":"school","operator_type":null,"capacity_persons":null,"addr_full":null,"addr_city":null,"source":null,"adm0_pcode":"SDN","adm0_name":"Sudan","adm1_pcode":"SD15","adm1_name":"Aj Jazirah","adm2_pcode":"SD15036","adm2_name":"Al Manaqil","adm3_pcode":null,"adm3_name":null,"adm4_pcode":null,"adm4_name":null,"name_latin":null},"geometry":{"type":"Polygon","coordinates":[[[32.7657364,13.8100987],[32.7658966,13.8102483],[32.7659582,13.81019],[32.7657965,13.8100299],[32.7657364,13.8100987]]]}},{"type":"Feature","properties":{"id":"way/1101959895","name":null,"name_en":null,"name_ar":null,"amenity":null,"building":"school","operator_type":null,"capacity_persons":null,"addr_full":null,"addr_city":null,"source":null,"adm0_pcode":"SDN","adm0_name":"Sudan","adm1_pcode":"SD15","adm1_name":"Aj Jazirah","adm2_pcode":"SD15036","adm2_name":"Al Manaqil","adm3_pcode":null,"adm3_name":null,"adm4_pcode":null,"adm4_name":null,"name_latin":null},"geometry":{"type":"Polygon","coordinates":[[[32.740367,13.6369931],[32.7406997,13.6368985],[32.7406926,13.6368589],[32.7403476,13.6369501],[32.740367,13.6369931]]]}},{"type":"Feature","properties":{"id":"way/1101959896","name":null,"name_en":null,"name_ar":null,"amenity":null,"building":"school","operator_type":null,"capacity_persons":null,"addr_full":null,"addr_city":null,"source":null,"adm0_pcode":"SDN","adm0_name":"Sudan","adm1_pcode":"SD15","adm1_name":"Aj Jazirah","adm2_pcode":"SD15036","adm2_name":"Al Manaqil","adm3_pcode":null,"adm3_name":null,"adm4_pcode":null,"adm4_name":null,"name_latin":null},"geometry":{"type":"Polygon","coordinates":[[[32.7401617,13.6364411],[32.7405422,13.6363138],[32.7405245,13.6362656],[32.7401494,13.6363877],[32.7401617,13.6364411]]]}},{"type":"Feature","properties":{"id":"way/1101470670","name":null,"name_en":null,"name_ar":null,"amenity":null,"building":"school","operator_type":null,"capacity_persons":null,"addr_full":null,"addr_city":null,"source":null,"adm0_pcode":"SDN","adm0_name":"Sudan","adm1_pcode":"SD15","adm1_name":"Aj Jazirah","adm2_pcode":"SD15032","adm2_name":"Um Algura","adm3_pcode":null,"adm3_name":null,"adm4_pcode":null,"adm4_name":null,"name_latin":null},"geometry":{"type":"Polygon","coordinates":[[[33.6918585,14.4580338],[33.6920019,14.4581079],[33.6920268,14.4580626],[33.6919252,14.4580101],[33.6919365,14.4579895],[33.6918947,14.457968],[33.6918585,14.4580338]]]}},{"type":"Feature","properties":{"id":"way/1101470671","name":null,"name_en":null,"name_ar":null,"amenity":null,"building":"school","operator_type":null,"capacity_persons":null,"addr_full":null,"addr_city":null,"source":null,"adm0_pcode":"SDN","adm0_name":"Sudan","adm1_pcode":"SD15","adm1_name":"Aj Jazirah","adm2_pcode":"SD15032","adm2_name":"Um Algura","adm3_pcode":null,"adm3_name":null,"adm4_pcode":null,"adm4_name":null,"name_latin":null},"geometry":{"type":"Polygon","coordinates":[[[33.6920535,14.4581384],[33.6921306,14.4581824],[33.692166,14.4581355],[33.692089,14.4580915],[33.6920535,14.4581384]]]}},{"type":"Feature","properties":{"id":"way/1101470668","name":null,"name_en":null,"name_ar":null,"amenity":null,"building":"school","operator_type":null,"capacity_persons":null,"addr_full":null,"addr_city":null,"source":null,"adm0_pcode":"SDN","adm0_name":"Sudan","adm1_pcode":"SD15","adm1_name":"Aj Jazirah","adm2_pcode":"SD15032","adm2_name":"Um Algura","adm3_pcode":null,"adm3_name":null,"adm4_pcode":null,"adm4_name":null,"name_latin":null},"geometry":{"type":"Polygon","coordinates":[[[33.6915656,14.45848],[33.6917159,14.4585681],[33.6917416,14.458527],[33.6916404,14.4584677],[33.6916562,14.4584425],[33.691607,14.4584137],[33.6915656,14.45848]]]}},{"type":"Feature","properties":{"id":"way/1101470669","name":null,"name_en":null,"name_ar":null,"amenity":null,"building":"school","operator_type":null,"capacity_persons":null,"addr_full":null,"addr_city":null,"source":null,"adm0_pcode":"SDN","adm0_name":"Sudan","adm1_pcode":"SD15","adm1_name":"Aj Jazirah","adm2_pcode":"SD15032","adm2_name":"Um Algura","adm3_pcode":null,"adm3_name":null,"adm4_pcode":null,"adm4_name":null,"name_latin":null},"geometry":{"type":"Polygon","coordinates":[[[33.6917385,14.4585782],[33.691842,14.4586424],[33.6918702,14.4585998],[33.6917667,14.4585356],[33.6917385,14.4585782]]]}},{"type":"Feature","properties":{"id":"way/1103037519","name":null,"name_en":null,"name_ar":null,"amenity":"school","building":null,"operator_type":null,"capacity_persons":null,"addr_full":null,"addr_city":null,"source":null,"adm0_pcode":"SDN","adm0_name":"Sudan","adm1_pcode":"SD15","adm1_name":"Aj Jazirah","adm2_pcode":"SD15032","adm2_name":"Um Algura","adm3_pcode":null,"adm3_name":null,"adm4_pcode":null,"adm4_name":null,"name_latin":null},"geometry":{"type":"Polygon","coordinates":[[[33.7062536,14.4604169],[33.7062609,14.4603751],[33.7066501,14.4604384],[33.7066428,14.4604803],[33.7062536,14.4604169]]]}},{"type":"Feature","properties":{"id":"way/1103037520","name":null,"name_en":null,"name_ar":null,"amenity":"school","building":null,"operator_type":null,"capacity_persons":null,"addr_full":null,"addr_city":null,"source":null,"adm0_pcode":"SDN","adm0_name":"Sudan","adm1_pcode":"SD15","adm1_name":"Aj Jazirah","adm2_pcode":"SD15032","adm2_name":"Um Algura","adm3_pcode":null,"adm3_name":null,"adm4_pcode":null,"adm4_name":null,"name_latin":null},"geometry":{"type":"Polygon","coordinates":[[[33.7060489,14.4607161],[33.7070001,14.4612739],[33.7074108,14.4604118],[33.7063254,14.4600362],[33.7060489,14.4607161]]]}},{"type":"Feature","properties":{"id":"way/1103037517","name":null,"name_en":null,"name_ar":null,"amenity":"school","building":null,"operator_type":null,"capacity_persons":null,"addr_full":null,"addr_city":null,"source":null,"adm0_pcode":"SDN","adm0_name":"Sudan","adm1_pcode":"SD15","adm1_name":"Aj Jazirah","adm2_pcode":"SD15032","adm2_name":"Um Algura","adm3_pcode":null,"adm3_name":null,"adm4_pcode":null,"adm4_name":null,"name_latin":null},"geometry":{"type":"Polygon","coordinates":[[[33.7061479,14.4607086],[33.7061544,14.4606698],[33.7065692,14.4607351],[33.7065627,14.4607739],[33.7061479,14.4607086]]]}},{"type":"Feature","properties":{"id":"way/1103037518","name":null,"name_en":null,"name_ar":null,"amenity":"school","building":null,"operator_type":null,"capacity_persons":null,"addr_full":null,"addr_city":null,"source":null,"adm0_pcode":"SDN","adm0_name":"Sudan","adm1_pcode":"SD15","adm1_name":"Aj Jazirah","adm2_pcode":"SD15032","adm2_name":"Um Algura","adm3_pcode":null,"adm3_name":null,"adm4_pcode":null,"adm4_name":null,"name_latin":null},"geometry":{"type":"Polygon","coordinates":[[[33.7065712,14.4607754],[33.7065768,14.4607402],[33.7066255,14.4607474],[33.7066199,14.4607826],[33.7065712,14.4607754]]]}},{"type":"Feature","properties":{"id":"way/1101198324","name":null,"name_en":null,"name_ar":null,"amenity":null,"building":"school","operator_type":null,"capacity_persons":null,"addr_full":null,"addr_city":null,"source":null,"adm0_pcode":"SDN","adm0_name":"Sudan","adm1_pcode":"SD15","adm1_name":"Aj Jazirah","adm2_pcode":"SD15032","adm2_name":"Um Algura","adm3_pcode":null,"adm3_name":null,"adm4_pcode":null,"adm4_name":null,"name_latin":null},"geometry":{"type":"Polygon","coordinates":[[[33.6526021,14.4809134],[33.6527324,14.4809471],[33.6527478,14.4808912],[33.6526175,14.4808575],[33.6526021,14.4809134]]]}},{"type":"Feature","properties":{"id":"way/1101198325","name":null,"name_en":null,"name_ar":null,"amenity":null,"building":"school","operator_type":null,"capacity_persons":null,"addr_full":null,"addr_city":null,"source":null,"adm0_pcode":"SDN","adm0_name":"Sudan","adm1_pcode":"SD15","adm1_name":"Aj Jazirah","adm2_pcode":"SD15032","adm2_name":"Um Algura","adm3_pcode":null,"adm3_name":null,"adm4_pcode":null,"adm4_name":null,"name_latin":null},"geometry":{"type":"Polygon","coordinates":[[[33.6527729,14.4809501],[33.6529415,14.4809973],[33.6529592,14.4809379],[33.6527905,14.4808908],[33.6527729,14.4809501]]]}},{"type":"Feature","properties":{"id":"way/1101198319","name":null,"name_en":null,"name_ar":null,"amenity":"school","building":null,"operator_type":null,"capacity_persons":null,"addr_full":null,"addr_city":null,"source":null,"adm0_pcode":"SDN","adm0_name":"Sudan","adm1_pcode":"SD15","adm1_name":"Aj Jazirah","adm2_pcode":"SD15032","adm2_name":"Um Algura","adm3_pcode":null,"adm3_name":null,"adm4_pcode":null,"adm4_name":null,"name_latin":null},"geometry":{"type":"Polygon","coordinates":[[[33.652373,14.4812713],[33.6524776,14.4807882],[33.6530676,14.4809259],[33.6529523,14.4814037],[33.652373,14.4812713]]]}},{"type":"Feature","properties":{"id":"way/1101198323","name":null,"name_en":null,"name_ar":null,"amenity":null,"building":"school","operator_type":null,"capacity_persons":null,"addr_full":null,"addr_city":null,"source":null,"adm0_pcode":"SDN","adm0_name":"Sudan","adm1_pcode":"SD15","adm1_name":"Aj Jazirah","adm2_pcode":"SD15032","adm2_name":"Um Algura","adm3_pcode":null,"adm3_name":null,"adm4_pcode":null,"adm4_name":null,"name_latin":null},"geometry":{"type":"Polygon","coordinates":[[[33.6529054,14.4811451],[33.6529291,14.4810517],[33.6529963,14.4810677],[33.6529726,14.4811611],[33.6529054,14.4811451]]]}},{"type":"Feature","properties":{"id":"way/1101198320","name":null,"name_en":null,"name_ar":null,"amenity":null,"building":"school","operator_type":null,"capacity_persons":null,"addr_full":null,"addr_city":null,"source":null,"adm0_pcode":"SDN","adm0_name":"Sudan","adm1_pcode":"SD15","adm1_name":"Aj Jazirah","adm2_pcode":"SD15032","adm2_name":"Um Algura","adm3_pcode":null,"adm3_name":null,"adm4_pcode":null,"adm4_name":null,"name_latin":null},"geometry":{"type":"Polygon","coordinates":[[[33.6524715,14.4811703],[33.6524815,14.4811135],[33.6526355,14.4811389],[33.6526255,14.4811957],[33.6524715,14.4811703]]]}},{"type":"Feature","properties":{"id":"way/1101198322","name":null,"name_en":null,"name_ar":null,"amenity":null,"building":"school","operator_type":null,"capacity_persons":null,"addr_full":null,"addr_city":null,"source":null,"adm0_pcode":"SDN","adm0_name":"Sudan","adm1_pcode":"SD15","adm1_name":"Aj Jazirah","adm2_pcode":"SD15032","adm2_name":"Um Algura","adm3_pcode":null,"adm3_name":null,"adm4_pcode":null,"adm4_name":null,"name_latin":null},"geometry":{"type":"Polygon","coordinates":[[[33.6528111,14.4811673],[33.6529604,14.4811995],[33.6529415,14.4812819],[33.6527922,14.4812497],[33.6528111,14.4811673]]]}},{"type":"Feature","properties":{"id":"way/1101198321","name":null,"name_en":null,"name_ar":null,"amenity":null,"building":"school","operator_type":null,"capacity_persons":null,"addr_full":null,"addr_city":null,"source":null,"adm0_pcode":"SDN","adm0_name":"Sudan","adm1_pcode":"SD15","adm1_name":"Aj Jazirah","adm2_pcode":"SD15032","adm2_name":"Um Algura","adm3_pcode":null,"adm3_name":null,"adm4_pcode":null,"adm4_name":null,"name_latin":null},"geometry":{"type":"Polygon","coordinates":[[[33.6525848,14.4812725],[33.6527723,14.4813019],[33.6527842,14.4812309],[33.6525967,14.4812015],[33.6525848,14.4812725]]]}},{"type":"Feature","properties":{"id":"way/1101197672","name":null,"name_en":null,"name_ar":null,"amenity":null,"building":"school","operator_type":null,"capacity_persons":null,"addr_full":null,"addr_city":null,"source":null,"adm0_pcode":"SDN","adm0_name":"Sudan","adm1_pcode":"SD15","adm1_name":"Aj Jazirah","adm2_pcode":"SD15032","adm2_name":"Um Algura","adm3_pcode":null,"adm3_name":null,"adm4_pcode":null,"adm4_name":null,"name_latin":null},"geometry":{"type":"Polygon","coordinates":[[[33.6065239,14.485154],[33.6067877,14.4852738],[33.6068321,14.4852128],[33.6065682,14.4850817],[33.6065239,14.485154]]]}},{"type":"Feature","properties":{"id":"way/1101197671","name":null,"name_en":null,"name_ar":null,"amenity":null,"building":"school","operator_type":null,"capacity_persons":null,"addr_full":null,"addr_city":null,"source":null,"adm0_pcode":"SDN","adm0_name":"Sudan","adm1_pcode":"SD15","adm1_name":"Aj Jazirah","adm2_pcode":"SD15032","adm2_name":"Um Algura","adm3_pcode":null,"adm3_name":null,"adm4_pcode":null,"adm4_name":null,"name_latin":null},"geometry":{"type":"Polygon","coordinates":[[[33.6064982,14.4852738],[33.6065192,14.4852151],[33.6064328,14.4851766],[33.6063978,14.4852331],[33.6064982,14.4852738]]]}},{"type":"Feature","properties":{"id":"way/1101197668","name":null,"name_en":null,"name_ar":null,"amenity":"school","building":null,"operator_type":null,"capacity_persons":null,"addr_full":null,"addr_city":null,"source":null,"adm0_pcode":"SDN","adm0_name":"Sudan","adm1_pcode":"SD15","adm1_name":"Aj Jazirah","adm2_pcode":"SD15032","adm2_name":"Um Algura","adm3_pcode":null,"adm3_name":null,"adm4_pcode":null,"adm4_name":null,"name_latin":null},"geometry":{"type":"Polygon","coordinates":[[[33.606011,14.4857329],[33.6064804,14.4850161],[33.6070919,14.4852992],[33.6066225,14.4860471],[33.606011,14.4857329]]]}},{"type":"Feature","properties":{"id":"way/1101197670","name":null,"name_en":null,"name_ar":null,"amenity":null,"building":"school","operator_type":null,"capacity_persons":null,"addr_full":null,"addr_city":null,"source":null,"adm0_pcode":"SDN","adm0_name":"Sudan","adm1_pcode":"SD15","adm1_name":"Aj Jazirah","adm2_pcode":"SD15032","adm2_name":"Um Algura","adm3_pcode":null,"adm3_name":null,"adm4_pcode":null,"adm4_name":null,"name_latin":null},"geometry":{"type":"Polygon","coordinates":[[[33.6062313,14.4855507],[33.6063224,14.4855911],[33.606291,14.4856574],[33.6062,14.485617],[33.6062313,14.4855507]]]}},{"type":"Feature","properties":{"id":"way/1101197669","name":null,"name_en":null,"name_ar":null,"amenity":null,"building":"school","operator_type":null,"capacity_persons":null,"addr_full":null,"addr_city":null,"source":null,"adm0_pcode":"SDN","adm0_name":"Sudan","adm1_pcode":"SD15","adm1_name":"Aj Jazirah","adm2_pcode":"SD15032","adm2_name":"Um Algura","adm3_pcode":null,"adm3_name":null,"adm4_pcode":null,"adm4_name":null,"name_latin":null},"geometry":{"type":"Polygon","coordinates":[[[33.6062665,14.4856755],[33.6065368,14.4857992],[33.6065012,14.4858723],[33.6062308,14.4857485],[33.6062665,14.4856755]]]}},{"type":"Feature","properties":{"id":"node/13615906158","name":"مدرسة التبوب","name_en":null,"name_ar":null,"amenity":"school","building":null,"operator_type":null,"capacity_persons":null,"addr_full":null,"addr_city":null,"source":null,"adm0_pcode":"SDN","adm0_name":"Sudan","adm1_pcode":"SD15","adm1_name":"Aj Jazirah","adm2_pcode":"SD15034","adm2_name":"Al Hasahisa","adm3_pcode":null,"adm3_name":null,"adm4_pcode":null,"adm4_name":null,"name_latin":"mdrs@ ltbwb"},"geometry":{"type":"Point","coordinates":[33.2746309,14.4933867]}},{"type":"Feature","properties":{"id":"node/13616018201","name":"قرية التبوب","name_en":null,"name_ar":null,"amenity":"school","building":null,"operator_type":null,"capacity_persons":null,"addr_full":null,"addr_city":null,"source":null,"adm0_pcode":"SDN","adm0_name":"Sudan","adm1_pcode":"SD15","adm1_name":"Aj Jazirah","adm2_pcode":"SD15034","adm2_name":"Al Hasahisa","adm3_pcode":null,"adm3_name":null,"adm4_pcode":null,"adm4_name":null,"name_latin":"qry@ ltbwb"},"geometry":{"type":"Point","coordinates":[33.27634,14.4957614]}},{"type":"Feature","properties":{"id":"way/1101358468","name":null,"name_en":null,"name_ar":null,"amenity":"school","building":null,"operator_type":null,"capacity_persons":null,"addr_full":null,"addr_city":null,"source":null,"adm0_pcode":"SDN","adm0_name":"Sudan","adm1_pcode":"SD15","adm1_name":"Aj Jazirah","adm2_pcode":"SD15032","adm2_name":"Um Algura","adm3_pcode":null,"adm3_name":null,"adm4_pcode":null,"adm4_name":null,"name_latin":null},"geometry":{"type":"Polygon","coordinates":[[[33.8172893,14.4971279],[33.8173108,14.4970846],[33.8173732,14.4971137],[33.8173516,14.497157],[33.8172893,14.4971279]]]}},{"type":"Feature","properties":{"id":"way/1101358469","name":null,"name_en":null,"name_ar":null,"amenity":"school","building":null,"operator_type":null,"capacity_persons":null,"addr_full":null,"addr_city":null,"source":null,"adm0_pcode":"SDN","adm0_name":"Sudan","adm1_pcode":"SD15","adm1_name":"Aj Jazirah","adm2_pcode":"SD15032","adm2_name":"Um Algura","adm3_pcode":null,"adm3_name":null,"adm4_pcode":null,"adm4_name":null,"name_latin":null},"geometry":{"type":"Polygon","coordinates":[[[33.8173928,14.4971789],[33.8174104,14.4971412],[33.8174839,14.4971734],[33.8174663,14.497211],[33.8173928,14.4971789]]]}},{"type":"Feature","properties":{"id":"way/1101358470","name":null,"name_en":null,"name_ar":null,"amenity":"school","building":null,"operator_type":null,"capacity_persons":null,"addr_full":null,"addr_city":null,"source":null,"adm0_pcode":"SDN","adm0_name":"Sudan","adm1_pcode":"SD15","adm1_name":"Aj Jazirah","adm2_pcode":"SD15032","adm2_name":"Um Algura","adm3_pcode":null,"adm3_name":null,"adm4_pcode":null,"adm4_name":null,"name_latin":null},"geometry":{"type":"Polygon","coordinates":[[[33.8174954,14.4972303],[33.8175215,14.4971792],[33.8177067,14.497268],[33.8176806,14.4973191],[33.8174954,14.4972303]]]}},{"type":"Feature","properties":{"id":"way/1101358466","name":null,"name_en":null,"name_ar":null,"amenity":"school","building":null,"operator_type":null,"capacity_persons":null,"addr_full":null,"addr_city":null,"source":null,"adm0_pcode":"SDN","adm0_name":"Sudan","adm1_pcode":"SD15","adm1_name":"Aj Jazirah","adm2_pcode":"SD15032","adm2_name":"Um Algura","adm3_pcode":null,"adm3_name":null,"adm4_pcode":null,"adm4_name":null,"name_latin":null},"geometry":{"type":"Polygon","coordinates":[[[33.8170003,14.4974145],[33.8170256,14.4973628],[33.8172114,14.4974479],[33.8171861,14.4974996],[33.8170003,14.4974145]]]}},{"type":"Feature","properties":{"id":"way/1101358467","name":null,"name_en":null,"name_ar":null,"amenity":"school","building":null,"operator_type":null,"capacity_persons":null,"addr_full":null,"addr_city":null,"source":null,"adm0_pcode":"SDN","adm0_name":"Sudan","adm1_pcode":"SD15","adm1_name":"Aj Jazirah","adm2_pcode":"SD15032","adm2_name":"Um Algura","adm3_pcode":null,"adm3_name":null,"adm4_pcode":null,"adm4_name":null,"name_latin":null},"geometry":{"type":"Polygon","coordinates":[[[33.8172229,14.4975131],[33.8172488,14.4974616],[33.8174169,14.4975408],[33.817391,14.4975923],[33.8172229,14.4975131]]]}},{"type":"Feature","properties":{"id":"way/1101562002","name":null,"name_en":null,"name_ar":null,"amenity":"school","building":null,"operator_type":null,"capacity_persons":null,"addr_full":null,"addr_city":null,"source":null,"adm0_pcode":"SDN","adm0_name":"Sudan","adm1_pcode":"SD15","adm1_name":"Aj Jazirah","adm2_pcode":"SD15034","adm2_name":"Al Hasahisa","adm3_pcode":null,"adm3_name":null,"adm4_pcode":null,"adm4_name":null,"name_latin":null},"geometry":{"type":"Polygon","coordinates":[[[33.2983311,14.4999409],[33.2985857,14.500167],[33.2985491,14.5002056],[33.2982945,14.4999796],[33.2983311,14.4999409]]]}},{"type":"Feature","properties":{"id":"way/1101562004","name":null,"name_en":null,"name_ar":null,"amenity":"school","building":null,"operator_type":null,"capacity_persons":null,"addr_full":null,"addr_city":null,"source":null,"adm0_pcode":"SDN","adm0_name":"Sudan","adm1_pcode":"SD15","adm1_name":"Aj Jazirah","adm2_pcode":"SD15034","adm2_name":"Al Hasahisa","adm3_pcode":null,"adm3_name":null,"adm4_pcode":null,"adm4_name":null,"name_latin":null},"geometry":{"type":"Polygon","coordinates":[[[33.2983616,14.5003516],[33.2981416,14.5001923],[33.2981144,14.5002276],[33.2983344,14.5003868],[33.2983616,14.5003516]]]}},{"type":"Feature","properties":{"id":"way/1101562003","name":null,"name_en":null,"name_ar":null,"amenity":"school","building":null,"operator_type":null,"capacity_persons":null,"addr_full":null,"addr_city":null,"source":null,"adm0_pcode":"SDN","adm0_name":"Sudan","adm1_pcode":"SD15","adm1_name":"Aj Jazirah","adm2_pcode":"SD15034","adm2_name":"Al Hasahisa","adm3_pcode":null,"adm3_name":null,"adm4_pcode":null,"adm4_name":null,"name_latin":null},"geometry":{"type":"Polygon","coordinates":[[[33.2983733,14.5003602],[33.298483,14.5004347],[33.2984545,14.500474],[33.2983448,14.5003995],[33.2983733,14.5003602]]]}},{"type":"Feature","properties":{"id":"way/1101776337","name":null,"name_en":null,"name_ar":null,"amenity":"school","building":null,"operator_type":null,"capacity_persons":null,"addr_full":null,"addr_city":null,"source":null,"adm0_pcode":"SDN","adm0_name":"Sudan","adm1_pcode":"SD15","adm1_name":"Aj Jazirah","adm2_pcode":"SD15034","adm2_name":"Al Hasahisa","adm3_pcode":null,"adm3_name":null,"adm4_pcode":null,"adm4_name":null,"name_latin":null},"geometry":{"type":"Polygon","coordinates":[[[33.3428058,14.5012456],[33.3426731,14.5011463],[33.3426298,14.5012006],[33.3427624,14.5012999],[33.3428058,14.5012456]]]}},{"type":"Feature","properties":{"id":"way/1101776336","name":null,"name_en":null,"name_ar":null,"amenity":"school","building":null,"operator_type":null,"capacity_persons":null,"addr_full":null,"addr_city":null,"source":null,"adm0_pcode":"SDN","adm0_name":"Sudan","adm1_pcode":"SD15","adm1_name":"Aj Jazirah","adm2_pcode":"SD15034","adm2_name":"Al Hasahisa","adm3_pcode":null,"adm3_name":null,"adm4_pcode":null,"adm4_name":null,"name_latin":null},"geometry":{"type":"Polygon","coordinates":[[[33.3426704,14.5015637],[33.342461,14.5014466],[33.3425045,14.5013736],[33.3424545,14.5013456],[33.3424871,14.5012908],[33.342557,14.5013299],[33.3425266,14.5013809],[33.3426843,14.5014692],[33.3427169,14.5014146],[33.3427995,14.5014628],[33.3427625,14.5015245],[33.3427101,14.5014971],[33.3426704,14.5015637]]]}},{"type":"Feature","properties":{"id":"way/1101776338","name":null,"name_en":null,"name_ar":null,"amenity":"school","building":null,"operator_type":null,"capacity_persons":null,"addr_full":null,"addr_city":null,"source":null,"adm0_pcode":"SDN","adm0_name":"Sudan","adm1_pcode":"SD15","adm1_name":"Aj Jazirah","adm2_pcode":"SD15034","adm2_name":"Al Hasahisa","adm3_pcode":null,"adm3_name":null,"adm4_pcode":null,"adm4_name":null,"name_latin":null},"geometry":{"type":"Polygon","coordinates":[[[33.3428963,14.5015995],[33.3429332,14.5015378],[33.3427995,14.5014628],[33.3427625,14.5015245],[33.3428963,14.5015995]]]}},{"type":"Feature","properties":{"id":"way/1101922160","name":null,"name_en":null,"name_ar":null,"amenity":null,"building":"school","operator_type":null,"capacity_persons":null,"addr_full":null,"addr_city":null,"source":null,"adm0_pcode":"SDN","adm0_name":"Sudan","adm1_pcode":"SD15","adm1_name":"Aj Jazirah","adm2_pcode":"SD15032","adm2_name":"Um Algura","adm3_pcode":null,"adm3_name":null,"adm4_pcode":null,"adm4_name":null,"name_latin":null},"geometry":{"type":"Polygon","coordinates":[[[33.7198365,14.5069395],[33.7201933,14.5070536],[33.7202105,14.5070054],[33.7198528,14.5068834],[33.7198365,14.5069395]]]}},{"type":"Feature","properties":{"id":"way/1101922158","name":null,"name_en":null,"name_ar":null,"amenity":"school","building":null,"operator_type":null,"capacity_persons":null,"addr_full":null,"addr_city":null,"source":null,"adm0_pcode":"SDN","adm0_name":"Sudan","adm1_pcode":"SD15","adm1_name":"Aj Jazirah","adm2_pcode":"SD15032","adm2_name":"Um Algura","adm3_pcode":null,"adm3_name":null,"adm4_pcode":null,"adm4_name":null,"name_latin":null},"geometry":{"type":"Polygon","coordinates":[[[33.719514,14.5074487],[33.7202194,14.5077058],[33.720434,14.5070696],[33.7197638,14.5068469],[33.719514,14.5074487]]]}},{"type":"Feature","properties":{"id":"way/1101196526","name":null,"name_en":null,"name_ar":null,"amenity":"school","building":null,"operator_type":null,"capacity_persons":null,"addr_full":null,"addr_city":null,"source":null,"adm0_pcode":"SDN","adm0_name":"Sudan","adm1_pcode":"SD15","adm1_name":"Aj Jazirah","adm2_pcode":"SD15032","adm2_name":"Um Algura","adm3_pcode":null,"adm3_name":null,"adm4_pcode":null,"adm4_name":null,"name_latin":null},"geometry":{"type":"Polygon","coordinates":[[[33.5914956,14.5072736],[33.5918078,14.5073633],[33.5918247,14.507308],[33.5915125,14.5072183],[33.5914956,14.5072736]]]}},{"type":"Feature","properties":{"id":"way/1101922159","name":null,"name_en":null,"name_ar":null,"amenity":null,"building":"school","operator_type":null,"capacity_persons":null,"addr_full":null,"addr_city":null,"source":null,"adm0_pcode":"SDN","adm0_name":"Sudan","adm1_pcode":"SD15","adm1_name":"Aj Jazirah","adm2_pcode":"SD15032","adm2_name":"Um Algura","adm3_pcode":null,"adm3_name":null,"adm4_pcode":null,"adm4_name":null,"name_latin":null},"geometry":{"type":"Polygon","coordinates":[[[33.7197115,14.5073822],[33.7200531,14.5074763],[33.7200691,14.5074218],[33.7197275,14.5073278],[33.7197115,14.5073822]]]}},{"type":"Feature","properties":{"id":"way/1101196525","name":null,"name_en":null,"name_ar":null,"amenity":"school","building":null,"operator_type":null,"capacity_persons":null,"addr_full":null,"addr_city":null,"source":null,"adm0_pcode":"SDN","adm0_name":"Sudan","adm1_pcode":"SD15","adm1_name":"Aj Jazirah","adm2_pcode":"SD15032","adm2_name":"Um Algura","adm3_pcode":null,"adm3_name":null,"adm4_pcode":null,"adm4_name":null,"name_latin":null},"geometry":{"type":"Polygon","coordinates":[[[33.5914266,14.5075142],[33.591731,14.5076478],[33.5917717,14.507593],[33.591462,14.5074576],[33.5914266,14.5075142]]]}},{"type":"Feature","properties":{"id":"way/1101418595","name":null,"name_en":null,"name_ar":null,"amenity":null,"building":"school","operator_type":null,"capacity_persons":null,"addr_full":null,"addr_city":null,"source":null,"adm0_pcode":"SDN","adm0_name":"Sudan","adm1_pcode":"SD15","adm1_name":"Aj Jazirah","adm2_pcode":"SD15030","adm2_name":"Medani Al Kubra","adm3_pcode":null,"adm3_name":null,"adm4_pcode":null,"adm4_name":null,"name_latin":null},"geometry":{"type":"Polygon","coordinates":[[[33.4494602,14.5077419],[33.4494835,14.5076948],[33.4497675,14.5078265],[33.4497443,14.5078735],[33.4494602,14.5077419]]]}},{"type":"Feature","properties":{"id":"way/1101418596","name":null,"name_en":null,"name_ar":null,"amenity":null,"building":"school","operator_type":null,"capacity_persons":null,"addr_full":null,"addr_city":null,"source":null,"adm0_pcode":"SDN","adm0_name":"Sudan","adm1_pcode":"SD15","adm1_name":"Aj Jazirah","adm2_pcode":"SD15030","adm2_name":"Medani Al Kubra","adm3_pcode":null,"adm3_name":null,"adm4_pcode":null,"adm4_name":null,"name_latin":null},"geometry":{"type":"Polygon","coordinates":[[[33.4497855,14.5078954],[33.4498071,14.5078477],[33.4498857,14.5078909],[33.4498663,14.5079315],[33.4497855,14.5078954]]]}},{"type":"Feature","properties":{"id":"way/1101418598","name":null,"name_en":null,"name_ar":null,"amenity":"school","building":null,"operator_type":null,"capacity_persons":null,"addr_full":null,"addr_city":null,"source":null,"adm0_pcode":"SDN","adm0_name":"Sudan","adm1_pcode":"SD15","adm1_name":"Aj Jazirah","adm2_pcode":"SD15030","adm2_name":"Medani Al Kubra","adm3_pcode":null,"adm3_name":null,"adm4_pcode":null,"adm4_name":null,"name_latin":null},"geometry":{"type":"Polygon","coordinates":[[[33.4492784,14.5080835],[33.4494775,14.5076836],[33.4499002,14.5078808],[33.4497011,14.5082807],[33.4492784,14.5080835]]]}},{"type":"Feature","properties":{"id":"way/1101418597","name":null,"name_en":null,"name_ar":null,"amenity":null,"building":"school","operator_type":null,"capacity_persons":null,"addr_full":null,"addr_city":null,"source":null,"adm0_pcode":"SDN","adm0_name":"Sudan","adm1_pcode":"SD15","adm1_name":"Aj Jazirah","adm2_pcode":"SD15030","adm2_name":"Medani Al Kubra","adm3_pcode":null,"adm3_name":null,"adm4_pcode":null,"adm4_name":null,"name_latin":null},"geometry":{"type":"Polygon","coordinates":[[[33.4493887,14.5080638],[33.449419,14.5079999],[33.4493592,14.5079733],[33.4493025,14.5080926],[33.4494392,14.5081534],[33.4494655,14.508098],[33.4493887,14.5080638]]]}},{"type":"Feature","properties":{"id":"way/1101775019","name":null,"name_en":null,"name_ar":null,"amenity":"school","building":null,"operator_type":null,"capacity_persons":null,"addr_full":null,"addr_city":null,"source":null,"adm0_pcode":"SDN","adm0_name":"Sudan","adm1_pcode":"SD15","adm1_name":"Aj Jazirah","adm2_pcode":"SD15031","adm2_name":"Janub Al Jazirah","adm3_pcode":null,"adm3_name":null,"adm4_pcode":null,"adm4_name":null,"name_latin":null},"geometry":{"type":"Polygon","coordinates":[[[33.4136085,14.5124709],[33.413761,14.5125467],[33.4137544,14.5125591],[33.4138073,14.5125855],[33.4138141,14.5125728],[33.4139656,14.5126483],[33.4139851,14.5126116],[33.4136281,14.512434],[33.4136085,14.5124709]]]}},{"type":"Feature","properties":{"id":"way/1101775018","name":null,"name_en":null,"name_ar":null,"amenity":"school","building":null,"operator_type":null,"capacity_persons":null,"addr_full":null,"addr_city":null,"source":null,"adm0_pcode":"SDN","adm0_name":"Sudan","adm1_pcode":"SD15","adm1_name":"Aj Jazirah","adm2_pcode":"SD15031","adm2_name":"Janub Al Jazirah","adm3_pcode":null,"adm3_name":null,"adm4_pcode":null,"adm4_name":null,"name_latin":null},"geometry":{"type":"Polygon","coordinates":[[[33.4135291,14.5127884],[33.4138739,14.5129247],[33.4138917,14.5128827],[33.4135468,14.5127463],[33.4135291,14.5127884]]]}},{"type":"Feature","properties":{"id":"way/1101195526","name":null,"name_en":null,"name_ar":null,"amenity":"school","building":null,"operator_type":null,"capacity_persons":null,"addr_full":null,"addr_city":null,"source":null,"adm0_pcode":"SDN","adm0_name":"Sudan","adm1_pcode":"SD15","adm1_name":"Aj Jazirah","adm2_pcode":"SD15032","adm2_name":"Um Algura","adm3_pcode":null,"adm3_name":null,"adm4_pcode":null,"adm4_name":null,"name_latin":null},"geometry":{"type":"Polygon","coordinates":[[[33.5903868,14.5137316],[33.5905701,14.5137924],[33.5905897,14.513737],[33.5904064,14.5136762],[33.5903868,14.5137316]]]}},{"type":"Feature","properties":{"id":"way/1101195663","name":null,"name_en":null,"name_ar":null,"amenity":"school","building":null,"operator_type":null,"capacity_persons":null,"addr_full":null,"addr_city":null,"source":null,"adm0_pcode":"SDN","adm0_name":"Sudan","adm1_pcode":"SD15","adm1_name":"Aj Jazirah","adm2_pcode":"SD15032","adm2_name":"Um Algura","adm3_pcode":null,"adm3_name":null,"adm4_pcode":null,"adm4_name":null,"name_latin":null},"geometry":{"type":"Polygon","coordinates":[[[33.5903354,14.5141791],[33.5903482,14.5141203],[33.59066,14.5141904],[33.5906483,14.5142492],[33.5903354,14.5141791]]]}},{"type":"Feature","properties":{"id":"way/1102387190","name":null,"name_en":null,"name_ar":null,"amenity":null,"building":"school","operator_type":null,"capacity_persons":null,"addr_full":null,"addr_city":null,"source":null,"adm0_pcode":"SDN","adm0_name":"Sudan","adm1_pcode":"SD15","adm1_name":"Aj Jazirah","adm2_pcode":"SD15031","adm2_name":"Janub Al Jazirah","adm3_pcode":null,"adm3_name":null,"adm4_pcode":null,"adm4_name":null,"name_latin":null},"geometry":{"type":"Polygon","coordinates":[[[33.4368426,14.5511997],[33.437144,14.5513159],[33.4371582,14.5512815],[33.4368568,14.5511652],[33.4368426,14.5511997]]]}},{"type":"Feature","properties":{"id":"way/1102387189","name":null,"name_en":null,"name_ar":null,"amenity":null,"building":"school","operator_type":null,"capacity_persons":null,"addr_full":null,"addr_city":null,"source":null,"adm0_pcode":"SDN","adm0_name":"Sudan","adm1_pcode":"SD15","adm1_name":"Aj Jazirah","adm2_pcode":"SD15031","adm2_name":"Janub Al Jazirah","adm3_pcode":null,"adm3_name":null,"adm4_pcode":null,"adm4_name":null,"name_latin":null},"geometry":{"type":"Polygon","coordinates":[[[33.4366221,14.5515553],[33.4368891,14.5517363],[33.4369144,14.5517014],[33.4366474,14.5515203],[33.4366221,14.5515553]]]}},{"type":"Feature","properties":{"id":"way/1101415114","name":null,"name_en":null,"name_ar":null,"amenity":"school","building":null,"operator_type":null,"capacity_persons":null,"addr_full":null,"addr_city":null,"source":null,"adm0_pcode":"SDN","adm0_name":"Sudan","adm1_pcode":"SD15","adm1_name":"Aj Jazirah","adm2_pcode":"SD15032","adm2_name":"Um Algura","adm3_pcode":null,"adm3_name":null,"adm4_pcode":null,"adm4_name":null,"name_latin":null},"geometry":{"type":"Polygon","coordinates":[[[33.7030099,14.5596306],[33.7030266,14.5595686],[33.7034157,14.5596669],[33.7033999,14.5597253],[33.7032505,14.5596875],[33.7032592,14.5596555],[33.7031708,14.5596331],[33.7031611,14.5596689],[33.7030099,14.5596306]]]}},{"type":"Feature","properties":{"id":"way/1101415113","name":null,"name_en":null,"name_ar":null,"amenity":"school","building":null,"operator_type":null,"capacity_persons":null,"addr_full":null,"addr_city":null,"source":null,"adm0_pcode":"SDN","adm0_name":"Sudan","adm1_pcode":"SD15","adm1_name":"Aj Jazirah","adm2_pcode":"SD15032","adm2_name":"Um Algura","adm3_pcode":null,"adm3_name":null,"adm4_pcode":null,"adm4_name":null,"name_latin":null},"geometry":{"type":"Polygon","coordinates":[[[33.7029356,14.5599942],[33.7032665,14.5600749],[33.7032788,14.5600278],[33.7029479,14.5599472],[33.7029356,14.5599942]]]}},{"type":"Feature","properties":{"id":"way/1101440362","name":null,"name_en":null,"name_ar":null,"amenity":null,"building":"school","operator_type":null,"capacity_persons":null,"addr_full":null,"addr_city":null,"source":null,"adm0_pcode":"SDN","adm0_name":"Sudan","adm1_pcode":"SD15","adm1_name":"Aj Jazirah","adm2_pcode":"SD15034","adm2_name":"Al Hasahisa","adm3_pcode":null,"adm3_name":null,"adm4_pcode":null,"adm4_name":null,"name_latin":null},"geometry":{"type":"Polygon","coordinates":[[[33.3419566,14.5788403],[33.342156,14.5788467],[33.3421545,14.5788914],[33.3420476,14.5788879],[33.3420466,14.5789193],[33.341954,14.5789164],[33.3419566,14.5788403]]]}},{"type":"Feature","properties":{"id":"way/1101440363","name":null,"name_en":null,"name_ar":null,"amenity":null,"building":"school","operator_type":null,"capacity_persons":null,"addr_full":null,"addr_city":null,"source":null,"adm0_pcode":"SDN","adm0_name":"Sudan","adm1_pcode":"SD15","adm1_name":"Aj Jazirah","adm2_pcode":"SD15034","adm2_name":"Al Hasahisa","adm3_pcode":null,"adm3_name":null,"adm4_pcode":null,"adm4_name":null,"name_latin":null},"geometry":{"type":"Polygon","coordinates":[[[33.3425117,14.5792539],[33.342682,14.5792669],[33.3426887,14.5792176],[33.3425198,14.579202],[33.3425117,14.5792539]]]}},{"type":"Feature","properties":{"id":"way/1101440361","name":null,"name_en":null,"name_ar":null,"amenity":null,"building":"school","operator_type":null,"capacity_persons":null,"addr_full":null,"addr_city":null,"source":null,"adm0_pcode":"SDN","adm0_name":"Sudan","adm1_pcode":"SD15","adm1_name":"Aj Jazirah","adm2_pcode":"SD15034","adm2_name":"Al Hasahisa","adm3_pcode":null,"adm3_name":null,"adm4_pcode":null,"adm4_name":null,"name_latin":null},"geometry":{"type":"Polygon","coordinates":[[[33.3420617,14.5794858],[33.3423428,14.5794979],[33.3423457,14.5794345],[33.3420646,14.5794224],[33.3420617,14.5794858]]]}},{"type":"Feature","properties":{"id":"way/1101440360","name":null,"name_en":null,"name_ar":null,"amenity":null,"building":"school","operator_type":null,"capacity_persons":null,"addr_full":null,"addr_city":null,"source":null,"adm0_pcode":"SDN","adm0_name":"Sudan","adm1_pcode":"SD15","adm1_name":"Aj Jazirah","adm2_pcode":"SD15034","adm2_name":"Al Hasahisa","adm3_pcode":null,"adm3_name":null,"adm4_pcode":null,"adm4_name":null,"name_latin":null},"geometry":{"type":"Polygon","coordinates":[[[33.342038,14.5797229],[33.3426477,14.5797413],[33.3426495,14.5796876],[33.3423298,14.5796779],[33.3423206,14.5796376],[33.342041,14.5796292],[33.342038,14.5797229]]]}},{"type":"Feature","properties":{"id":"way/1101440364","name":null,"name_en":null,"name_ar":null,"amenity":"school","building":null,"operator_type":null,"capacity_persons":null,"addr_full":null,"addr_city":null,"source":null,"adm0_pcode":"SDN","adm0_name":"Sudan","adm1_pcode":"SD15","adm1_name":"Aj Jazirah","adm2_pcode":"SD15034","adm2_name":"Al Hasahisa","adm3_pcode":null,"adm3_name":null,"adm4_pcode":null,"adm4_name":null,"name_latin":null},"geometry":{"type":"Polygon","coordinates":[[[33.3417996,14.5805051],[33.3431621,14.580596],[33.3432426,14.5792409],[33.3421644,14.5791605],[33.3421805,14.5787893],[33.3418961,14.5787867],[33.3417996,14.5805051]]]}},{"type":"Feature","properties":{"id":"way/1101440358","name":null,"name_en":null,"name_ar":null,"amenity":null,"building":"school","operator_type":null,"capacity_persons":null,"addr_full":null,"addr_city":null,"source":null,"adm0_pcode":"SDN","adm0_name":"Sudan","adm1_pcode":"SD15","adm1_name":"Aj Jazirah","adm2_pcode":"SD15034","adm2_name":"Al Hasahisa","adm3_pcode":null,"adm3_name":null,"adm4_pcode":null,"adm4_name":null,"name_latin":null},"geometry":{"type":"Polygon","coordinates":[[[33.342379,14.5801409],[33.3423827,14.5800185],[33.3424331,14.58002],[33.3424293,14.5801424],[33.342379,14.5801409]]]}},{"type":"Feature","properties":{"id":"way/1101440359","name":null,"name_en":null,"name_ar":null,"amenity":null,"building":"school","operator_type":null,"capacity_persons":null,"addr_full":null,"addr_city":null,"source":null,"adm0_pcode":"SDN","adm0_name":"Sudan","adm1_pcode":"SD15","adm1_name":"Aj Jazirah","adm2_pcode":"SD15034","adm2_name":"Al Hasahisa","adm3_pcode":null,"adm3_name":null,"adm4_pcode":null,"adm4_name":null,"name_latin":null},"geometry":{"type":"Polygon","coordinates":[[[33.3424311,14.5801201],[33.3430062,14.5801621],[33.3430126,14.5800802],[33.3427609,14.5800618],[33.3427566,14.5801175],[33.3427131,14.5801144],[33.342716,14.5800765],[33.3426421,14.5800712],[33.3426404,14.5800931],[33.3426331,14.5800926],[33.3426388,14.5800197],[33.3424401,14.5800052],[33.3424311,14.5801201]]]}},{"type":"Feature","properties":{"id":"way/1101440357","name":null,"name_en":null,"name_ar":null,"amenity":null,"building":"school","operator_type":null,"capacity_persons":null,"addr_full":null,"addr_city":null,"source":null,"adm0_pcode":"SDN","adm0_name":"Sudan","adm1_pcode":"SD15","adm1_name":"Aj Jazirah","adm2_pcode":"SD15034","adm2_name":"Al Hasahisa","adm3_pcode":null,"adm3_name":null,"adm4_pcode":null,"adm4_name":null,"name_latin":null},"geometry":{"type":"Polygon","coordinates":[[[33.3423528,14.5804593],[33.3430521,14.5805085],[33.3430582,14.5803845],[33.3429504,14.5803786],[33.3429565,14.5803983],[33.3424605,14.5803727],[33.3424605,14.5803511],[33.3423548,14.5803393],[33.3423528,14.5804593]]]}},{"type":"Feature","properties":{"id":"way/1103056029","name":null,"name_en":null,"name_ar":null,"amenity":"school","building":null,"operator_type":null,"capacity_persons":null,"addr_full":null,"addr_city":null,"source":null,"adm0_pcode":"SDN","adm0_name":"Sudan","adm1_pcode":"SD15","adm1_name":"Aj Jazirah","adm2_pcode":"SD15033","adm2_name":"Sharg Al Jazirah","adm3_pcode":null,"adm3_name":null,"adm4_pcode":null,"adm4_name":null,"name_latin":null},"geometry":{"type":"Polygon","coordinates":[[[33.4477037,14.5886626],[33.4480161,14.5887956],[33.448036,14.5887518],[33.4477237,14.5886188],[33.4477037,14.5886626]]]}},{"type":"Feature","properties":{"id":"way/1103056028","name":null,"name_en":null,"name_ar":null,"amenity":"school","building":null,"operator_type":null,"capacity_persons":null,"addr_full":null,"addr_city":null,"source":null,"adm0_pcode":"SDN","adm0_name":"Sudan","adm1_pcode":"SD15","adm1_name":"Aj Jazirah","adm2_pcode":"SD15033","adm2_name":"Sharg Al Jazirah","adm3_pcode":null,"adm3_name":null,"adm4_pcode":null,"adm4_name":null,"name_latin":null},"geometry":{"type":"Polygon","coordinates":[[[33.4475225,14.5890527],[33.4478647,14.5891371],[33.447878,14.589087],[33.4475358,14.5890025],[33.4475225,14.5890527]]]}},{"type":"Feature","properties":{"id":"way/1103064553","name":null,"name_en":null,"name_ar":null,"amenity":"school","building":null,"operator_type":null,"capacity_persons":null,"addr_full":null,"addr_city":null,"source":null,"adm0_pcode":"SDN","adm0_name":"Sudan","adm1_pcode":"SD15","adm1_name":"Aj Jazirah","adm2_pcode":"SD15031","adm2_name":"Janub Al Jazirah","adm3_pcode":null,"adm3_name":null,"adm4_pcode":null,"adm4_name":null,"name_latin":null},"geometry":{"type":"Polygon","coordinates":[[[33.4127109,14.2401402],[33.4130176,14.2402476],[33.4130349,14.2402012],[33.4127282,14.2400938],[33.4127109,14.2401402]]]}},{"type":"Feature","properties":{"id":"way/1103064554","name":null,"name_en":null,"name_ar":null,"amenity":"school","building":null,"operator_type":null,"capacity_persons":null,"addr_full":null,"addr_city":null,"source":null,"adm0_pcode":"SDN","adm0_name":"Sudan","adm1_pcode":"SD15","adm1_name":"Aj Jazirah","adm2_pcode":"SD15031","adm2_name":"Janub Al Jazirah","adm3_pcode":null,"adm3_name":null,"adm4_pcode":null,"adm4_name":null,"name_latin":null},"geometry":{"type":"Polygon","coordinates":[[[33.41242,14.2403841],[33.4130069,14.2405765],[33.4131839,14.2401034],[33.4125928,14.2399089],[33.41242,14.2403841]]]}},{"type":"Feature","properties":{"id":"way/1103064551","name":null,"name_en":null,"name_ar":null,"amenity":"school","building":null,"operator_type":null,"capacity_persons":null,"addr_full":null,"addr_city":null,"source":null,"adm0_pcode":"SDN","adm0_name":"Sudan","adm1_pcode":"SD15","adm1_name":"Aj Jazirah","adm2_pcode":"SD15031","adm2_name":"Janub Al Jazirah","adm3_pcode":null,"adm3_name":null,"adm4_pcode":null,"adm4_name":null,"name_latin":null},"geometry":{"type":"Polygon","coordinates":[[[33.4125422,14.24032],[33.4126842,14.2403809],[33.4127038,14.2403381],[33.4125618,14.2402771],[33.4125422,14.24032]]]}},{"type":"Feature","properties":{"id":"way/1103064552","name":null,"name_en":null,"name_ar":null,"amenity":"school","building":null,"operator_type":null,"capacity_persons":null,"addr_full":null,"addr_city":null,"source":null,"adm0_pcode":"SDN","adm0_name":"Sudan","adm1_pcode":"SD15","adm1_name":"Aj Jazirah","adm2_pcode":"SD15031","adm2_name":"Janub Al Jazirah","adm3_pcode":null,"adm3_name":null,"adm4_pcode":null,"adm4_name":null,"name_latin":null},"geometry":{"type":"Polygon","coordinates":[[[33.4127782,14.2404199],[33.4129245,14.2404809],[33.4129419,14.2404418],[33.4127955,14.2403808],[33.4127782,14.2404199]]]}},{"type":"Feature","properties":{"id":"way/1101481000","name":null,"name_en":null,"name_ar":null,"amenity":null,"building":"school","operator_type":null,"capacity_persons":null,"addr_full":null,"addr_city":null,"source":null,"adm0_pcode":"SDN","adm0_name":"Sudan","adm1_pcode":"SD15","adm1_name":"Aj Jazirah","adm2_pcode":"SD15030","adm2_name":"Medani Al Kubra","adm3_pcode":null,"adm3_name":null,"adm4_pcode":null,"adm4_name":null,"name_latin":null},"geometry":{"type":"Polygon","coordinates":[[[33.7245486,14.2642913],[33.7249665,14.264375],[33.7249794,14.2642902],[33.7249478,14.2642845],[33.7249829,14.2640888],[33.7250051,14.2640944],[33.7250307,14.264005],[33.7246069,14.2639247],[33.7245953,14.2640164],[33.724865,14.2640718],[33.7248311,14.2642551],[33.7245591,14.2642098],[33.7245486,14.2642913]]]}},{"type":"Feature","properties":{"id":"way/1101480996","name":null,"name_en":null,"name_ar":null,"amenity":"school","building":null,"operator_type":null,"capacity_persons":null,"addr_full":null,"addr_city":null,"source":null,"adm0_pcode":"SDN","adm0_name":"Sudan","adm1_pcode":"SD15","adm1_name":"Aj Jazirah","adm2_pcode":"SD15030","adm2_name":"Medani Al Kubra","adm3_pcode":null,"adm3_name":null,"adm4_pcode":null,"adm4_name":null,"name_latin":null},"geometry":{"type":"Polygon","coordinates":[[[33.7243366,14.2646222],[33.7250635,14.2647756],[33.725203,14.2639854],[33.7243983,14.2638268],[33.7243366,14.2646222]]]}},{"type":"Feature","properties":{"id":"way/1101480997","name":null,"name_en":null,"name_ar":null,"amenity":null,"building":"school","operator_type":null,"capacity_persons":null,"addr_full":null,"addr_city":null,"source":null,"adm0_pcode":"SDN","adm0_name":"Sudan","adm1_pcode":"SD15","adm1_name":"Aj Jazirah","adm2_pcode":"SD15030","adm2_name":"Medani Al Kubra","adm3_pcode":null,"adm3_name":null,"adm4_pcode":null,"adm4_name":null,"name_latin":null},"geometry":{"type":"Polygon","coordinates":[[[33.7245006,14.2643478],[33.7246161,14.2643836],[33.7246346,14.2643299],[33.7245129,14.264297],[33.7245006,14.2643478]]]}},{"type":"Feature","properties":{"id":"way/1101480999","name":null,"name_en":null,"name_ar":null,"amenity":null,"building":"school","operator_type":null,"capacity_persons":null,"addr_full":null,"addr_city":null,"source":null,"adm0_pcode":"SDN","adm0_name":"Sudan","adm1_pcode":"SD15","adm1_name":"Aj Jazirah","adm2_pcode":"SD15030","adm2_name":"Medani Al Kubra","adm3_pcode":null,"adm3_name":null,"adm4_pcode":null,"adm4_name":null,"name_latin":null},"geometry":{"type":"Polygon","coordinates":[[[33.7249088,14.2644443],[33.7250349,14.2644739],[33.7250481,14.2644236],[33.724918,14.2643911],[33.7249088,14.2644443]]]}},{"type":"Feature","properties":{"id":"way/1101480998","name":null,"name_en":null,"name_ar":null,"amenity":null,"building":"school","operator_type":null,"capacity_persons":null,"addr_full":null,"addr_city":null,"source":null,"adm0_pcode":"SDN","adm0_name":"Sudan","adm1_pcode":"SD15","adm1_name":"Aj Jazirah","adm2_pcode":"SD15030","adm2_name":"Medani Al Kubra","adm3_pcode":null,"adm3_name":null,"adm4_pcode":null,"adm4_name":null,"name_latin":null},"geometry":{"type":"Polygon","coordinates":[[[33.7245973,14.2644679],[33.7248703,14.264521],[33.7249088,14.2644643],[33.724792,14.2644416],[33.7247988,14.2644088],[33.7247327,14.264396],[33.7247281,14.2644183],[33.7246122,14.2643957],[33.7245973,14.2644679]]]}},{"type":"Feature","properties":{"id":"way/1105233160","name":null,"name_en":null,"name_ar":null,"amenity":null,"building":"school","operator_type":null,"capacity_persons":null,"addr_full":null,"addr_city":null,"source":null,"adm0_pcode":"SDN","adm0_name":"Sudan","adm1_pcode":"SD15","adm1_name":"Aj Jazirah","adm2_pcode":"SD15030","adm2_name":"Medani Al Kubra","adm3_pcode":null,"adm3_name":null,"adm4_pcode":null,"adm4_name":null,"name_latin":null},"geometry":{"type":"Polygon","coordinates":[[[33.704617,14.270508],[33.7050167,14.2706525],[33.7050335,14.2706089],[33.7046338,14.2704642],[33.704617,14.270508]]]}},{"type":"Feature","properties":{"id":"way/1105233163","name":null,"name_en":null,"name_ar":null,"amenity":"school","building":null,"operator_type":null,"capacity_persons":null,"addr_full":null,"addr_city":null,"source":null,"adm0_pcode":"SDN","adm0_name":"Sudan","adm1_pcode":"SD15","adm1_name":"Aj Jazirah","adm2_pcode":"SD15030","adm2_name":"Medani Al Kubra","adm3_pcode":null,"adm3_name":null,"adm4_pcode":null,"adm4_name":null,"name_latin":null},"geometry":{"type":"Polygon","coordinates":[[[33.7044594,14.2707749],[33.7045011,14.2707856],[33.7044845,14.2708331],[33.7049531,14.2710001],[33.705084,14.2706222],[33.7046296,14.2704589],[33.7046095,14.2705106],[33.7045822,14.2705013],[33.7044594,14.2707749]]]}},{"type":"Feature","properties":{"id":"way/1105233162","name":null,"name_en":null,"name_ar":null,"amenity":null,"building":"school","operator_type":null,"capacity_persons":null,"addr_full":null,"addr_city":null,"source":null,"adm0_pcode":"SDN","adm0_name":"Sudan","adm1_pcode":"SD15","adm1_name":"Aj Jazirah","adm2_pcode":"SD15030","adm2_name":"Medani Al Kubra","adm3_pcode":null,"adm3_name":null,"adm4_pcode":null,"adm4_name":null,"name_latin":null},"geometry":{"type":"Polygon","coordinates":[[[33.7049007,14.2708934],[33.7049801,14.2709192],[33.7050136,14.2708222],[33.7049341,14.2707965],[33.7049007,14.2708934]]]}},{"type":"Feature","properties":{"id":"way/1105233161","name":null,"name_en":null,"name_ar":null,"amenity":null,"building":"school","operator_type":null,"capacity_persons":null,"addr_full":null,"addr_city":null,"source":null,"adm0_pcode":"SDN","adm0_name":"Sudan","adm1_pcode":"SD15","adm1_name":"Aj Jazirah","adm2_pcode":"SD15030","adm2_name":"Medani Al Kubra","adm3_pcode":null,"adm3_name":null,"adm4_pcode":null,"adm4_name":null,"name_latin":null},"geometry":{"type":"Polygon","coordinates":[[[33.7044898,14.2708296],[33.7048751,14.2709625],[33.7048908,14.2709199],[33.7045056,14.2707869],[33.7044898,14.2708296]]]}},{"type":"Feature","properties":{"id":"way/1101407080","name":null,"name_en":null,"name_ar":null,"amenity":null,"building":"school","operator_type":null,"capacity_persons":null,"addr_full":null,"addr_city":null,"source":null,"adm0_pcode":"SDN","adm0_name":"Sudan","adm1_pcode":"SD15","adm1_name":"Aj Jazirah","adm2_pcode":"SD15031","adm2_name":"Janub Al Jazirah","adm3_pcode":null,"adm3_name":null,"adm4_pcode":null,"adm4_name":null,"name_latin":null},"geometry":{"type":"Polygon","coordinates":[[[33.5702168,14.2927319],[33.5702946,14.2927501],[33.5703093,14.2927073],[33.5702302,14.2926826],[33.5702168,14.2927319]]]}},{"type":"Feature","properties":{"id":"way/1101407081","name":null,"name_en":null,"name_ar":null,"amenity":null,"building":"school","operator_type":null,"capacity_persons":null,"addr_full":null,"addr_city":null,"source":null,"adm0_pcode":"SDN","adm0_name":"Sudan","adm1_pcode":"SD15","adm1_name":"Aj Jazirah","adm2_pcode":"SD15031","adm2_name":"Janub Al Jazirah","adm3_pcode":null,"adm3_name":null,"adm4_pcode":null,"adm4_name":null,"name_latin":null},"geometry":{"type":"Polygon","coordinates":[[[33.5703249,14.2927362],[33.5705163,14.2927928],[33.5705335,14.2927382],[33.5703421,14.2926816],[33.5703249,14.2927362]]]}},{"type":"Feature","properties":{"id":"way/1101407082","name":null,"name_en":null,"name_ar":null,"amenity":null,"building":"school","operator_type":null,"capacity_persons":null,"addr_full":null,"addr_city":null,"source":null,"adm0_pcode":"SDN","adm0_name":"Sudan","adm1_pcode":"SD15","adm1_name":"Aj Jazirah","adm2_pcode":"SD15031","adm2_name":"Janub Al Jazirah","adm3_pcode":null,"adm3_name":null,"adm4_pcode":null,"adm4_name":null,"name_latin":null},"geometry":{"type":"Polygon","coordinates":[[[33.5705321,14.2928177],[33.5706201,14.2928425],[33.5706368,14.2927867],[33.5705489,14.292762],[33.5705321,14.2928177]]]}},{"type":"Feature","properties":{"id":"way/1101407078","name":null,"name_en":null,"name_ar":null,"amenity":"school","building":null,"operator_type":null,"capacity_persons":null,"addr_full":null,"addr_city":null,"source":null,"adm0_pcode":"SDN","adm0_name":"Sudan","adm1_pcode":"SD15","adm1_name":"Aj Jazirah","adm2_pcode":"SD15031","adm2_name":"Janub Al Jazirah","adm3_pcode":null,"adm3_name":null,"adm4_pcode":null,"adm4_name":null,"name_latin":null},"geometry":{"type":"Polygon","coordinates":[[[33.569846,14.2933255],[33.5705698,14.2935156],[33.5707776,14.2927372],[33.5700398,14.2925335],[33.569846,14.2933255]]]}},{"type":"Feature","properties":{"id":"way/1101407079","name":null,"name_en":null,"name_ar":null,"amenity":null,"building":"school","operator_type":null,"capacity_persons":null,"addr_full":null,"addr_city":null,"source":null,"adm0_pcode":"SDN","adm0_name":"Sudan","adm1_pcode":"SD15","adm1_name":"Aj Jazirah","adm2_pcode":"SD15031","adm2_name":"Janub Al Jazirah","adm3_pcode":null,"adm3_name":null,"adm4_pcode":null,"adm4_name":null,"name_latin":null},"geometry":{"type":"Polygon","coordinates":[[[33.570524,14.2931842],[33.5701068,14.293062],[33.5701068,14.2930296],[33.5700319,14.2930075],[33.5700221,14.2930387],[33.5701004,14.2930617],[33.5700889,14.2930984],[33.570512,14.2932226],[33.570524,14.2931842]]]}},{"type":"Feature","properties":{"id":"way/1101645663","name":null,"name_en":null,"name_ar":null,"amenity":null,"building":"school","operator_type":null,"capacity_persons":null,"addr_full":null,"addr_city":null,"source":null,"adm0_pcode":"SDN","adm0_name":"Sudan","adm1_pcode":"SD15","adm1_name":"Aj Jazirah","adm2_pcode":"SD15031","adm2_name":"Janub Al Jazirah","adm3_pcode":null,"adm3_name":null,"adm4_pcode":null,"adm4_name":null,"name_latin":null},"geometry":{"type":"Polygon","coordinates":[[[33.570526,14.2931817],[33.5705936,14.2932015],[33.5706049,14.2931653],[33.5705373,14.2931454],[33.570526,14.2931817]]]}},{"type":"Feature","properties":{"id":"way/1102219442","name":null,"name_en":null,"name_ar":null,"amenity":null,"building":"school","operator_type":null,"capacity_persons":null,"addr_full":null,"addr_city":null,"source":null,"adm0_pcode":"SDN","adm0_name":"Sudan","adm1_pcode":"SD15","adm1_name":"Aj Jazirah","adm2_pcode":"SD15030","adm2_name":"Medani Al Kubra","adm3_pcode":null,"adm3_name":null,"adm4_pcode":null,"adm4_name":null,"name_latin":null},"geometry":{"type":"Polygon","coordinates":[[[33.6754768,14.3015839],[33.6755384,14.3016033],[33.6755553,14.3015674],[33.6754906,14.3015435],[33.6754768,14.3015839]]]}},{"type":"Feature","properties":{"id":"way/1102219443","name":null,"name_en":null,"name_ar":null,"amenity":null,"building":"school","operator_type":null,"capacity_persons":null,"addr_full":null,"addr_city":null,"source":null,"adm0_pcode":"SDN","adm0_name":"Sudan","adm1_pcode":"SD15","adm1_name":"Aj Jazirah","adm2_pcode":"SD15030","adm2_name":"Medani Al Kubra","adm3_pcode":null,"adm3_name":null,"adm4_pcode":null,"adm4_name":null,"name_latin":null},"geometry":{"type":"Polygon","coordinates":[[[33.6755908,14.3016212],[33.6757017,14.301648],[33.6757063,14.3016062],[33.6756015,14.3015779],[33.6755908,14.3016212]]]}},{"type":"Feature","properties":{"id":"way/1102219444","name":null,"name_en":null,"name_ar":null,"amenity":null,"building":"school","operator_type":null,"capacity_persons":null,"addr_full":null,"addr_city":null,"source":null,"adm0_pcode":"SDN","adm0_name":"Sudan","adm1_pcode":"SD15","adm1_name":"Aj Jazirah","adm2_pcode":"SD15030","adm2_name":"Medani Al Kubra","adm3_pcode":null,"adm3_name":null,"adm4_pcode":null,"adm4_name":null,"name_latin":null},"geometry":{"type":"Polygon","coordinates":[[[33.6757587,14.3016898],[33.675942,14.3017406],[33.6759605,14.3016794],[33.6757802,14.3016316],[33.6757587,14.3016898]]]}},{"type":"Feature","properties":{"id":"way/1102219440","name":null,"name_en":null,"name_ar":null,"amenity":null,"building":"school","operator_type":null,"capacity_persons":null,"addr_full":null,"addr_city":null,"source":null,"adm0_pcode":"SDN","adm0_name":"Sudan","adm1_pcode":"SD15","adm1_name":"Aj Jazirah","adm2_pcode":"SD15030","adm2_name":"Medani Al Kubra","adm3_pcode":null,"adm3_name":null,"adm4_pcode":null,"adm4_name":null,"name_latin":null},"geometry":{"type":"Polygon","coordinates":[[[33.675413,14.3019995],[33.6755275,14.302021],[33.6755368,14.3019745],[33.6754224,14.3019529],[33.675413,14.3019995]]]}},{"type":"Feature","properties":{"id":"way/1102219441","name":null,"name_en":null,"name_ar":null,"amenity":null,"building":"school","operator_type":null,"capacity_persons":null,"addr_full":null,"addr_city":null,"source":null,"adm0_pcode":"SDN","adm0_name":"Sudan","adm1_pcode":"SD15","adm1_name":"Aj Jazirah","adm2_pcode":"SD15030","adm2_name":"Medani Al Kubra","adm3_pcode":null,"adm3_name":null,"adm4_pcode":null,"adm4_name":null,"name_latin":null},"geometry":{"type":"Polygon","coordinates":[[[33.6755923,14.3020347],[33.6757849,14.3020869],[33.6757956,14.3020436],[33.6756046,14.3019944],[33.6755923,14.3020347]]]}},{"type":"Feature","properties":{"id":"way/816240426","name":"Alsoriba Secondary school for Girls","name_en":null,"name_ar":null,"amenity":"school","building":null,"operator_type":null,"capacity_persons":null,"addr_full":null,"addr_city":null,"source":null,"adm0_pcode":"SDN","adm0_name":"Sudan","adm1_pcode":"SD15","adm1_name":"Aj Jazirah","adm2_pcode":"SD15031","adm2_name":"Janub Al Jazirah","adm3_pcode":null,"adm3_name":null,"adm4_pcode":null,"adm4_name":null,"name_latin":"Alsoriba Secondary school for Girls"},"geometry":{"type":"Polygon","coordinates":[[[33.5022684,14.3164215],[33.5025907,14.3157558],[33.5035633,14.3161831],[33.5032466,14.3168543],[33.5022684,14.3164215]]]}},{"type":"Feature","properties":{"id":"way/1300861279","name":"Alsoriba Secondary School for Boys","name_en":null,"name_ar":null,"amenity":"school","building":null,"operator_type":null,"capacity_persons":null,"addr_full":null,"addr_city":null,"source":null,"adm0_pcode":"SDN","adm0_name":"Sudan","adm1_pcode":"SD15","adm1_name":"Aj Jazirah","adm2_pcode":"SD15031","adm2_name":"Janub Al Jazirah","adm3_pcode":null,"adm3_name":null,"adm4_pcode":null,"adm4_name":null,"name_latin":"Alsoriba Secondary School for Boys"},"geometry":{"type":"Polygon","coordinates":[[[33.5043764,14.3174607],[33.5036026,14.3170033],[33.5038346,14.3166096],[33.5046366,14.317067],[33.5043764,14.3174607]]]}},{"type":"Feature","properties":{"id":"way/816240429","name":"Abo-Likailik Primary School","name_en":null,"name_ar":null,"amenity":"school","building":null,"operator_type":null,"capacity_persons":null,"addr_full":null,"addr_city":null,"source":null,"adm0_pcode":"SDN","adm0_name":"Sudan","adm1_pcode":"SD15","adm1_name":"Aj Jazirah","adm2_pcode":"SD15031","adm2_name":"Janub Al Jazirah","adm3_pcode":null,"adm3_name":null,"adm4_pcode":null,"adm4_name":null,"name_latin":"Abo-Likailik Primary School"},"geometry":{"type":"Polygon","coordinates":[[[33.5015094,14.3175478],[33.5021176,14.3175436],[33.502146,14.3171324],[33.5015138,14.3171345],[33.5015094,14.3175478]]]}},{"type":"Feature","properties":{"id":"way/816240430","name":"Mariam Primary School","name_en":null,"name_ar":null,"amenity":"school","building":null,"operator_type":null,"capacity_persons":null,"addr_full":null,"addr_city":null,"source":null,"adm0_pcode":"SDN","adm0_name":"Sudan","adm1_pcode":"SD15","adm1_name":"Aj Jazirah","adm2_pcode":"SD15031","adm2_name":"Janub Al Jazirah","adm3_pcode":null,"adm3_name":null,"adm4_pcode":null,"adm4_name":null,"name_latin":"Mariam Primary School"},"geometry":{"type":"Polygon","coordinates":[[[33.5015302,14.318457],[33.5015469,14.3179505],[33.5019898,14.3179666],[33.5019465,14.3184538],[33.5015302,14.318457]]]}},{"type":"Feature","properties":{"id":"way/1101920944","name":null,"name_en":null,"name_ar":null,"amenity":null,"building":"school","operator_type":null,"capacity_persons":null,"addr_full":null,"addr_city":null,"source":null,"adm0_pcode":"SDN","adm0_name":"Sudan","adm1_pcode":"SD15","adm1_name":"Aj Jazirah","adm2_pcode":"SD15031","adm2_name":"Janub Al Jazirah","adm3_pcode":null,"adm3_name":null,"adm4_pcode":null,"adm4_name":null,"name_latin":null},"geometry":{"type":"Polygon","coordinates":[[[33.4434205,14.3183095],[33.4437624,14.3183037],[33.4437615,14.3182522],[33.4434196,14.3182581],[33.4434205,14.3183095]]]}},{"type":"Feature","properties":{"id":"way/1101920943","name":null,"name_en":null,"name_ar":null,"amenity":null,"building":"school","operator_type":null,"capacity_persons":null,"addr_full":null,"addr_city":null,"source":null,"adm0_pcode":"SDN","adm0_name":"Sudan","adm1_pcode":"SD15","adm1_name":"Aj Jazirah","adm2_pcode":"SD15031","adm2_name":"Janub Al Jazirah","adm3_pcode":null,"adm3_name":null,"adm4_pcode":null,"adm4_name":null,"name_latin":null},"geometry":{"type":"Polygon","coordinates":[[[33.4438202,14.3185775],[33.4438155,14.3183834],[33.443871,14.3183834],[33.4438741,14.318576],[33.4438202,14.3185775]]]}},{"type":"Feature","properties":{"id":"way/1101920942","name":null,"name_en":null,"name_ar":null,"amenity":null,"building":"school","operator_type":null,"capacity_persons":null,"addr_full":null,"addr_city":null,"source":null,"adm0_pcode":"SDN","adm0_name":"Sudan","adm1_pcode":"SD15","adm1_name":"Aj Jazirah","adm2_pcode":"SD15031","adm2_name":"Janub Al Jazirah","adm3_pcode":null,"adm3_name":null,"adm4_pcode":null,"adm4_name":null,"name_latin":null},"geometry":{"type":"Polygon","coordinates":[[[33.4433381,14.3185952],[33.4433355,14.3185214],[33.4433932,14.3185194],[33.4433958,14.3185933],[33.4433381,14.3185952]]]}},{"type":"Feature","properties":{"id":"way/1101920941","name":null,"name_en":null,"name_ar":null,"amenity":null,"building":"school","operator_type":null,"capacity_persons":null,"addr_full":null,"addr_city":null,"source":null,"adm0_pcode":"SDN","adm0_name":"Sudan","adm1_pcode":"SD15","adm1_name":"Aj Jazirah","adm2_pcode":"SD15031","adm2_name":"Janub Al Jazirah","adm3_pcode":null,"adm3_name":null,"adm4_pcode":null,"adm4_name":null,"name_latin":null},"geometry":{"type":"Polygon","coordinates":[[[33.4433587,14.3186904],[33.443778,14.3186833],[33.4437769,14.3186252],[33.4433576,14.3186324],[33.4433587,14.3186904]]]}},{"type":"Feature","properties":{"id":"way/1101393929","name":null,"name_en":null,"name_ar":null,"amenity":null,"building":"school","operator_type":null,"capacity_persons":null,"addr_full":null,"addr_city":null,"source":null,"adm0_pcode":"SDN","adm0_name":"Sudan","adm1_pcode":"SD15","adm1_name":"Aj Jazirah","adm2_pcode":"SD15031","adm2_name":"Janub Al Jazirah","adm3_pcode":null,"adm3_name":null,"adm4_pcode":null,"adm4_name":null,"name_latin":null},"geometry":{"type":"Polygon","coordinates":[[[33.2779774,14.3192286],[33.2781548,14.3192757],[33.2781675,14.319231],[33.2779901,14.3191839],[33.2779774,14.3192286]]]}},{"type":"Feature","properties":{"id":"way/1101393930","name":null,"name_en":null,"name_ar":null,"amenity":null,"building":"school","operator_type":null,"capacity_persons":null,"addr_full":null,"addr_city":null,"source":null,"adm0_pcode":"SDN","adm0_name":"Sudan","adm1_pcode":"SD15","adm1_name":"Aj Jazirah","adm2_pcode":"SD15031","adm2_name":"Janub Al Jazirah","adm3_pcode":null,"adm3_name":null,"adm4_pcode":null,"adm4_name":null,"name_latin":null},"geometry":{"type":"Polygon","coordinates":[[[33.2781963,14.3192876],[33.2783447,14.3193283],[33.2783575,14.3192847],[33.278209,14.319244],[33.2781963,14.3192876]]]}},{"type":"Feature","properties":{"id":"way/1101393931","name":null,"name_en":null,"name_ar":null,"amenity":"school","building":null,"operator_type":null,"capacity_persons":null,"addr_full":null,"addr_city":null,"source":null,"adm0_pcode":"SDN","adm0_name":"Sudan","adm1_pcode":"SD15","adm1_name":"Aj Jazirah","adm2_pcode":"SD15031","adm2_name":"Janub Al Jazirah","adm3_pcode":null,"adm3_name":null,"adm4_pcode":null,"adm4_name":null,"name_latin":null},"geometry":{"type":"Polygon","coordinates":[[[33.2777815,14.319589],[33.2779031,14.3191251],[33.2785797,14.3192917],[33.2784582,14.3197555],[33.2777815,14.319589]]]}},{"type":"Feature","properties":{"id":"way/1101393927","name":null,"name_en":null,"name_ar":null,"amenity":null,"building":"school","operator_type":null,"capacity_persons":null,"addr_full":null,"addr_city":null,"source":null,"adm0_pcode":"SDN","adm0_name":"Sudan","adm1_pcode":"SD15","adm1_name":"Aj Jazirah","adm2_pcode":"SD15031","adm2_name":"Janub Al Jazirah","adm3_pcode":null,"adm3_name":null,"adm4_pcode":null,"adm4_name":null,"name_latin":null},"geometry":{"type":"Polygon","coordinates":[[[33.2778824,14.3195804],[33.2780541,14.3196203],[33.2780655,14.3195742],[33.2778938,14.3195343],[33.2778824,14.3195804]]]}},{"type":"Feature","properties":{"id":"way/1101393928","name":null,"name_en":null,"name_ar":null,"amenity":null,"building":"school","operator_type":null,"capacity_persons":null,"addr_full":null,"addr_city":null,"source":null,"adm0_pcode":"SDN","adm0_name":"Sudan","adm1_pcode":"SD15","adm1_name":"Aj Jazirah","adm2_pcode":"SD15031","adm2_name":"Janub Al Jazirah","adm3_pcode":null,"adm3_name":null,"adm4_pcode":null,"adm4_name":null,"name_latin":null},"geometry":{"type":"Polygon","coordinates":[[[33.278104,14.3196268],[33.2782007,14.3196453],[33.2782107,14.3195961],[33.2781139,14.3195777],[33.278104,14.3196268]]]}},{"type":"Feature","properties":{"id":"way/1101967060","name":null,"name_en":null,"name_ar":null,"amenity":null,"building":"school","operator_type":null,"capacity_persons":null,"addr_full":null,"addr_city":null,"source":null,"adm0_pcode":"SDN","adm0_name":"Sudan","adm1_pcode":"SD15","adm1_name":"Aj Jazirah","adm2_pcode":"SD15030","adm2_name":"Medani Al Kubra","adm3_pcode":null,"adm3_name":null,"adm4_pcode":null,"adm4_name":null,"name_latin":null},"geometry":{"type":"Polygon","coordinates":[[[33.5964608,14.3433441],[33.5966478,14.3434012],[33.5966762,14.3433362],[33.5964689,14.3432988],[33.5964608,14.3433441]]]}},{"type":"Feature","properties":{"id":"way/1101967061","name":null,"name_en":null,"name_ar":null,"amenity":null,"building":"school","operator_type":null,"capacity_persons":null,"addr_full":null,"addr_city":null,"source":null,"adm0_pcode":"SDN","adm0_name":"Sudan","adm1_pcode":"SD15","adm1_name":"Aj Jazirah","adm2_pcode":"SD15030","adm2_name":"Medani Al Kubra","adm3_pcode":null,"adm3_name":null,"adm4_pcode":null,"adm4_name":null,"name_latin":null},"geometry":{"type":"Polygon","coordinates":[[[33.5967209,14.3434051],[33.5968815,14.3434524],[33.5968937,14.3433992],[33.5967413,14.3433638],[33.5967209,14.3434051]]]}},{"type":"Feature","properties":{"id":"way/1101967062","name":null,"name_en":null,"name_ar":null,"amenity":null,"building":"school","operator_type":null,"capacity_persons":null,"addr_full":null,"addr_city":null,"source":null,"adm0_pcode":"SDN","adm0_name":"Sudan","adm1_pcode":"SD15","adm1_name":"Aj Jazirah","adm2_pcode":"SD15030","adm2_name":"Medani Al Kubra","adm3_pcode":null,"adm3_name":null,"adm4_pcode":null,"adm4_name":null,"name_latin":null},"geometry":{"type":"Polygon","coordinates":[[[33.5969263,14.3435174],[33.5970929,14.3435863],[33.5971336,14.343478],[33.5970767,14.3434622],[33.5970523,14.3435193],[33.5969913,14.3435036],[33.5970096,14.3434543],[33.5969486,14.3434465],[33.5969263,14.3435174]]]}},{"type":"Feature","properties":{"id":"way/1101967059","name":null,"name_en":null,"name_ar":null,"amenity":"school","building":null,"operator_type":null,"capacity_persons":null,"addr_full":null,"addr_city":null,"source":null,"adm0_pcode":"SDN","adm0_name":"Sudan","adm1_pcode":"SD15","adm1_name":"Aj Jazirah","adm2_pcode":"SD15030","adm2_name":"Medani Al Kubra","adm3_pcode":null,"adm3_name":null,"adm4_pcode":null,"adm4_name":null,"name_latin":null},"geometry":{"type":"Polygon","coordinates":[[[33.5962839,14.3437399],[33.5970665,14.3438758],[33.5972027,14.3434287],[33.5964709,14.3431786],[33.5962839,14.3437399]]]}},{"type":"Feature","properties":{"id":"way/1101967065","name":null,"name_en":null,"name_ar":null,"amenity":null,"building":"school","operator_type":null,"capacity_persons":null,"addr_full":null,"addr_city":null,"source":null,"adm0_pcode":"SDN","adm0_name":"Sudan","adm1_pcode":"SD15","adm1_name":"Aj Jazirah","adm2_pcode":"SD15030","adm2_name":"Medani Al Kubra","adm3_pcode":null,"adm3_name":null,"adm4_pcode":null,"adm4_name":null,"name_latin":null},"geometry":{"type":"Polygon","coordinates":[[[33.5963494,14.3435987],[33.5964151,14.3436194],[33.5964286,14.3435662],[33.5963575,14.3435454],[33.5963494,14.3435987]]]}},{"type":"Feature","properties":{"id":"way/1101920056","name":null,"name_en":null,"name_ar":null,"amenity":null,"building":"school","operator_type":null,"capacity_persons":null,"addr_full":null,"addr_city":null,"source":null,"adm0_pcode":"SDN","adm0_name":"Sudan","adm1_pcode":"SD15","adm1_name":"Aj Jazirah","adm2_pcode":"SD15030","adm2_name":"Medani Al Kubra","adm3_pcode":null,"adm3_name":null,"adm4_pcode":null,"adm4_name":null,"name_latin":null},"geometry":{"type":"Polygon","coordinates":[[[33.5946989,14.3436407],[33.5948625,14.3436928],[33.5948795,14.3436429],[33.5947159,14.3435908],[33.5946989,14.3436407]]]}},{"type":"Feature","properties":{"id":"way/1101967064","name":null,"name_en":null,"name_ar":null,"amenity":null,"building":"school","operator_type":null,"capacity_persons":null,"addr_full":null,"addr_city":null,"source":null,"adm0_pcode":"SDN","adm0_name":"Sudan","adm1_pcode":"SD15","adm1_name":"Aj Jazirah","adm2_pcode":"SD15030","adm2_name":"Medani Al Kubra","adm3_pcode":null,"adm3_name":null,"adm4_pcode":null,"adm4_name":null,"name_latin":null},"geometry":{"type":"Polygon","coordinates":[[[33.5966214,14.3436677],[33.5967032,14.3436963],[33.5967153,14.3436469],[33.5966362,14.34363],[33.5966214,14.3436677]]]}},{"type":"Feature","properties":{"id":"way/1101967063","name":null,"name_en":null,"name_ar":null,"amenity":null,"building":"school","operator_type":null,"capacity_persons":null,"addr_full":null,"addr_city":null,"source":null,"adm0_pcode":"SDN","adm0_name":"Sudan","adm1_pcode":"SD15","adm1_name":"Aj Jazirah","adm2_pcode":"SD15030","adm2_name":"Medani Al Kubra","adm3_pcode":null,"adm3_name":null,"adm4_pcode":null,"adm4_name":null,"name_latin":null},"geometry":{"type":"Polygon","coordinates":[[[33.5963977,14.3437104],[33.5966132,14.3437675],[33.5966376,14.3436986],[33.5964303,14.3436513],[33.5963977,14.3437104]]]}},{"type":"Feature","properties":{"id":"way/1101920057","name":null,"name_en":null,"name_ar":null,"amenity":null,"building":"school","operator_type":null,"capacity_persons":null,"addr_full":null,"addr_city":null,"source":null,"adm0_pcode":"SDN","adm0_name":"Sudan","adm1_pcode":"SD15","adm1_name":"Aj Jazirah","adm2_pcode":"SD15030","adm2_name":"Medani Al Kubra","adm3_pcode":null,"adm3_name":null,"adm4_pcode":null,"adm4_name":null,"name_latin":null},"geometry":{"type":"Polygon","coordinates":[[[33.5951155,14.34378],[33.5952926,14.3438382],[33.5953173,14.343783],[33.5951448,14.3437263],[33.5951155,14.34378]]]}},{"type":"Feature","properties":{"id":"way/1101920058","name":null,"name_en":null,"name_ar":null,"amenity":null,"building":"school","operator_type":null,"capacity_persons":null,"addr_full":null,"addr_city":null,"source":null,"adm0_pcode":"SDN","adm0_name":"Sudan","adm1_pcode":"SD15","adm1_name":"Aj Jazirah","adm2_pcode":"SD15030","adm2_name":"Medani Al Kubra","adm3_pcode":null,"adm3_name":null,"adm4_pcode":null,"adm4_name":null,"name_latin":null},"geometry":{"type":"Polygon","coordinates":[[[33.5947997,14.343984],[33.5950579,14.3440738],[33.5950772,14.3440218],[33.5951429,14.3440447],[33.5951756,14.3439566],[33.5950718,14.3439205],[33.5950532,14.3439708],[33.594884,14.3439119],[33.5949025,14.3438618],[33.5947843,14.3438207],[33.5947534,14.3439041],[33.5948207,14.3439275],[33.5947997,14.343984]]]}},{"type":"Feature","properties":{"id":"way/1101211120","name":null,"name_en":null,"name_ar":null,"amenity":"school","building":null,"operator_type":null,"capacity_persons":null,"addr_full":null,"addr_city":null,"source":null,"adm0_pcode":"SDN","adm0_name":"Sudan","adm1_pcode":"SD15","adm1_name":"Aj Jazirah","adm2_pcode":"SD15032","adm2_name":"Um Algura","adm3_pcode":null,"adm3_name":null,"adm4_pcode":null,"adm4_name":null,"name_latin":null},"geometry":{"type":"Polygon","coordinates":[[[33.8902073,14.3498571],[33.890272,14.349887],[33.8902932,14.349844],[33.8902284,14.3498141],[33.8902073,14.3498571]]]}},{"type":"Feature","properties":{"id":"way/1101211121","name":null,"name_en":null,"name_ar":null,"amenity":"school","building":null,"operator_type":null,"capacity_persons":null,"addr_full":null,"addr_city":null,"source":null,"adm0_pcode":"SDN","adm0_name":"Sudan","adm1_pcode":"SD15","adm1_name":"Aj Jazirah","adm2_pcode":"SD15032","adm2_name":"Um Algura","adm3_pcode":null,"adm3_name":null,"adm4_pcode":null,"adm4_name":null,"name_latin":null},"geometry":{"type":"Polygon","coordinates":[[[33.8902945,14.3498968],[33.8905423,14.3500049],[33.8905643,14.3499575],[33.8903165,14.3498495],[33.8902945,14.3498968]]]}},{"type":"Feature","properties":{"id":"way/1101211118","name":null,"name_en":null,"name_ar":null,"amenity":"school","building":null,"operator_type":null,"capacity_persons":null,"addr_full":null,"addr_city":null,"source":null,"adm0_pcode":"SDN","adm0_name":"Sudan","adm1_pcode":"SD15","adm1_name":"Aj Jazirah","adm2_pcode":"SD15032","adm2_name":"Um Algura","adm3_pcode":null,"adm3_name":null,"adm4_pcode":null,"adm4_name":null,"name_latin":null},"geometry":{"type":"Polygon","coordinates":[[[33.8900355,14.350108],[33.8900944,14.3501352],[33.8901151,14.3500933],[33.8900562,14.350066],[33.8900355,14.350108]]]}},{"type":"Feature","properties":{"id":"way/1101211119","name":null,"name_en":null,"name_ar":null,"amenity":"school","building":null,"operator_type":null,"capacity_persons":null,"addr_full":null,"addr_city":null,"source":null,"adm0_pcode":"SDN","adm0_name":"Sudan","adm1_pcode":"SD15","adm1_name":"Aj Jazirah","adm2_pcode":"SD15032","adm2_name":"Um Algura","adm3_pcode":null,"adm3_name":null,"adm4_pcode":null,"adm4_name":null,"name_latin":null},"geometry":{"type":"Polygon","coordinates":[[[33.8901072,14.3501399],[33.8901274,14.3500948],[33.8902035,14.3501268],[33.8901833,14.3501719],[33.8901072,14.3501399]]]}},{"type":"Feature","properties":{"id":"way/1101211117","name":null,"name_en":null,"name_ar":null,"amenity":"school","building":null,"operator_type":null,"capacity_persons":null,"addr_full":null,"addr_city":null,"source":null,"adm0_pcode":"SDN","adm0_name":"Sudan","adm1_pcode":"SD15","adm1_name":"Aj Jazirah","adm2_pcode":"SD15032","adm2_name":"Um Algura","adm3_pcode":null,"adm3_name":null,"adm4_pcode":null,"adm4_name":null,"name_latin":null},"geometry":{"type":"Polygon","coordinates":[[[33.8902317,14.3501863],[33.8904263,14.3502676],[33.8904402,14.3502363],[33.8902457,14.350155],[33.8902317,14.3501863]]]}},{"type":"Feature","properties":{"id":"way/1348535024","name":null,"name_en":null,"name_ar":null,"amenity":"school","building":null,"operator_type":null,"capacity_persons":null,"addr_full":null,"addr_city":null,"source":null,"adm0_pcode":"SDN","adm0_name":"Sudan","adm1_pcode":"SD15","adm1_name":"Aj Jazirah","adm2_pcode":"SD15030","adm2_name":"Medani Al Kubra","adm3_pcode":null,"adm3_name":null,"adm4_pcode":null,"adm4_name":null,"name_latin":null},"geometry":{"type":"Polygon","coordinates":[[[33.5320861,14.3549102],[33.5318373,14.3549134],[33.5318413,14.3551434],[33.5320888,14.3551375],[33.5320861,14.3549102]]]}},{"type":"Feature","properties":{"id":"node/12474067280","name":"مدرسة شموع الغد للأساس","name_en":null,"name_ar":null,"amenity":"school","building":null,"operator_type":null,"capacity_persons":null,"addr_full":null,"addr_city":null,"source":null,"adm0_pcode":"SDN","adm0_name":"Sudan","adm1_pcode":"SD15","adm1_name":"Aj Jazirah","adm2_pcode":"SD15030","adm2_name":"Medani Al Kubra","adm3_pcode":null,"adm3_name":null,"adm4_pcode":null,"adm4_name":null,"name_latin":"mdrs@ shmw` lGd ll'ss"},"geometry":{"type":"Point","coordinates":[33.5319357,14.3550544]}},{"type":"Feature","properties":{"id":"way/1104096141","name":null,"name_en":null,"name_ar":null,"amenity":"school","building":null,"operator_type":null,"capacity_persons":null,"addr_full":null,"addr_city":null,"source":null,"adm0_pcode":"SDN","adm0_name":"Sudan","adm1_pcode":"SD15","adm1_name":"Aj Jazirah","adm2_pcode":"SD15031","adm2_name":"Janub Al Jazirah","adm3_pcode":null,"adm3_name":null,"adm4_pcode":null,"adm4_name":null,"name_latin":null},"geometry":{"type":"Polygon","coordinates":[[[33.4549751,14.3555206],[33.4546618,14.3555098],[33.4546601,14.3555559],[33.4549735,14.3555666],[33.4549751,14.3555206]]]}},{"type":"Feature","properties":{"id":"way/1104096144","name":null,"name_en":null,"name_ar":null,"amenity":null,"building":"school","operator_type":null,"capacity_persons":null,"addr_full":null,"addr_city":null,"source":null,"adm0_pcode":"SDN","adm0_name":"Sudan","adm1_pcode":"SD15","adm1_name":"Aj Jazirah","adm2_pcode":"SD15031","adm2_name":"Janub Al Jazirah","adm3_pcode":null,"adm3_name":null,"adm4_pcode":null,"adm4_name":null,"name_latin":null},"geometry":{"type":"Polygon","coordinates":[[[33.4549091,14.3557825],[33.4549148,14.3557065],[33.4549687,14.3557102],[33.454963,14.3557863],[33.4549091,14.3557825]]]}},{"type":"Feature","properties":{"id":"way/1104096145","name":null,"name_en":null,"name_ar":null,"amenity":null,"building":"school","operator_type":null,"capacity_persons":null,"addr_full":null,"addr_city":null,"source":null,"adm0_pcode":"SDN","adm0_name":"Sudan","adm1_pcode":"SD15","adm1_name":"Aj Jazirah","adm2_pcode":"SD15031","adm2_name":"Janub Al Jazirah","adm3_pcode":null,"adm3_name":null,"adm4_pcode":null,"adm4_name":null,"name_latin":null},"geometry":{"type":"Polygon","coordinates":[[[33.4551192,14.3558072],[33.4551216,14.3557555],[33.4551743,14.3557578],[33.4551719,14.3558095],[33.4551192,14.3558072]]]}},{"type":"Feature","properties":{"id":"way/1104096143","name":null,"name_en":null,"name_ar":null,"amenity":"school","building":null,"operator_type":null,"capacity_persons":null,"addr_full":null,"addr_city":null,"source":null,"adm0_pcode":"SDN","adm0_name":"Sudan","adm1_pcode":"SD15","adm1_name":"Aj Jazirah","adm2_pcode":"SD15031","adm2_name":"Janub Al Jazirah","adm3_pcode":null,"adm3_name":null,"adm4_pcode":null,"adm4_name":null,"name_latin":null},"geometry":{"type":"Polygon","coordinates":[[[33.4549791,14.3559388],[33.4549806,14.355884],[33.4551889,14.3558897],[33.4551873,14.3559444],[33.4549791,14.3559388]]]}},{"type":"Feature","properties":{"id":"way/1104096142","name":null,"name_en":null,"name_ar":null,"amenity":"school","building":null,"operator_type":null,"capacity_persons":null,"addr_full":null,"addr_city":null,"source":null,"adm0_pcode":"SDN","adm0_name":"Sudan","adm1_pcode":"SD15","adm1_name":"Aj Jazirah","adm2_pcode":"SD15031","adm2_name":"Janub Al Jazirah","adm3_pcode":null,"adm3_name":null,"adm4_pcode":null,"adm4_name":null,"name_latin":null},"geometry":{"type":"Polygon","coordinates":[[[33.4549618,14.3558981],[33.4546484,14.3558873],[33.4546467,14.3559334],[33.4549601,14.3559441],[33.4549618,14.3558981]]]}},{"type":"Feature","properties":{"id":"way/1101717419","name":null,"name_en":null,"name_ar":null,"amenity":null,"building":"school","operator_type":null,"capacity_persons":null,"addr_full":null,"addr_city":null,"source":null,"adm0_pcode":"SDN","adm0_name":"Sudan","adm1_pcode":"SD15","adm1_name":"Aj Jazirah","adm2_pcode":"SD15036","adm2_name":"Al Manaqil","adm3_pcode":null,"adm3_name":null,"adm4_pcode":null,"adm4_name":null,"name_latin":null},"geometry":{"type":"Polygon","coordinates":[[[32.9737897,14.2184084],[32.9738691,14.2184013],[32.9738643,14.2183504],[32.9737848,14.2183575],[32.9737897,14.2184084]]]}},{"type":"Feature","properties":{"id":"way/1101717420","name":null,"name_en":null,"name_ar":null,"amenity":"school","building":null,"operator_type":null,"capacity_persons":null,"addr_full":null,"addr_city":null,"source":null,"adm0_pcode":"SDN","adm0_name":"Sudan","adm1_pcode":"SD15","adm1_name":"Aj Jazirah","adm2_pcode":"SD15036","adm2_name":"Al Manaqil","adm3_pcode":null,"adm3_name":null,"adm4_pcode":null,"adm4_name":null,"name_latin":null},"geometry":{"type":"Polygon","coordinates":[[[32.9734926,14.2184244],[32.9742711,14.2184007],[32.9742671,14.2179515],[32.9734804,14.217914],[32.9734926,14.2184244]]]}},{"type":"Feature","properties":{"id":"way/1097856381","name":null,"name_en":null,"name_ar":null,"amenity":null,"building":"school","operator_type":null,"capacity_persons":null,"addr_full":null,"addr_city":null,"source":null,"adm0_pcode":"SDN","adm0_name":"Sudan","adm1_pcode":"SD15","adm1_name":"Aj Jazirah","adm2_pcode":"SD15036","adm2_name":"Al Manaqil","adm3_pcode":null,"adm3_name":null,"adm4_pcode":null,"adm4_name":null,"name_latin":null},"geometry":{"type":"Polygon","coordinates":[[[32.9742064,14.217961],[32.9737152,14.2179302],[32.9737115,14.2179866],[32.9742026,14.2180173],[32.9742064,14.217961]]]}},{"type":"Feature","properties":{"id":"way/1101197625","name":null,"name_en":null,"name_ar":null,"amenity":null,"building":"school","operator_type":null,"capacity_persons":null,"addr_full":null,"addr_city":null,"source":null,"adm0_pcode":"SDN","adm0_name":"Sudan","adm1_pcode":"SD15","adm1_name":"Aj Jazirah","adm2_pcode":"SD15037","adm2_name":"Al Qurashi","adm3_pcode":null,"adm3_name":null,"adm4_pcode":null,"adm4_name":null,"name_latin":null},"geometry":{"type":"Polygon","coordinates":[[[32.7434303,14.1661765],[32.7435089,14.1662517],[32.7435544,14.166207],[32.7434757,14.1661317],[32.7434303,14.1661765]]]}},{"type":"Feature","properties":{"id":"way/1101197624","name":null,"name_en":null,"name_ar":null,"amenity":null,"building":"school","operator_type":null,"capacity_persons":null,"addr_full":null,"addr_city":null,"source":null,"adm0_pcode":"SDN","adm0_name":"Sudan","adm1_pcode":"SD15","adm1_name":"Aj Jazirah","adm2_pcode":"SD15037","adm2_name":"Al Qurashi","adm3_pcode":null,"adm3_name":null,"adm4_pcode":null,"adm4_name":null,"name_latin":null},"geometry":{"type":"Polygon","coordinates":[[[32.7434413,14.1662034],[32.7434129,14.166178],[32.7434263,14.1661639],[32.7432616,14.1660167],[32.7432013,14.1660802],[32.7433944,14.1662527],[32.7434413,14.1662034]]]}},{"type":"Feature","properties":{"id":"way/1101197626","name":null,"name_en":null,"name_ar":null,"amenity":null,"building":"school","operator_type":null,"capacity_persons":null,"addr_full":null,"addr_city":null,"source":null,"adm0_pcode":"SDN","adm0_name":"Sudan","adm1_pcode":"SD15","adm1_name":"Aj Jazirah","adm2_pcode":"SD15037","adm2_name":"Al Qurashi","adm3_pcode":null,"adm3_name":null,"adm4_pcode":null,"adm4_name":null,"name_latin":null},"geometry":{"type":"Polygon","coordinates":[[[32.7432203,14.1659506],[32.7433094,14.1660381],[32.743355,14.1659944],[32.7432858,14.1659266],[32.7432723,14.1659395],[32.7432523,14.1659198],[32.7432203,14.1659506]]]}},{"type":"Feature","properties":{"id":"way/1102356386","name":null,"name_en":null,"name_ar":null,"amenity":null,"building":"school","operator_type":null,"capacity_persons":null,"addr_full":null,"addr_city":null,"source":null,"adm0_pcode":"SDN","adm0_name":"Sudan","adm1_pcode":"SD15","adm1_name":"Aj Jazirah","adm2_pcode":"SD15037","adm2_name":"Al Qurashi","adm3_pcode":null,"adm3_name":null,"adm4_pcode":null,"adm4_name":null,"name_latin":null},"geometry":{"type":"Polygon","coordinates":[[[32.743837,14.1658427],[32.744121,14.1660905],[32.7441557,14.1660531],[32.7438718,14.1658052],[32.743837,14.1658427]]]}},{"type":"Feature","properties":{"id":"way/1101197623","name":null,"name_en":null,"name_ar":null,"amenity":null,"building":"school","operator_type":null,"capacity_persons":null,"addr_full":null,"addr_city":null,"source":null,"adm0_pcode":"SDN","adm0_name":"Sudan","adm1_pcode":"SD15","adm1_name":"Aj Jazirah","adm2_pcode":"SD15037","adm2_name":"Al Qurashi","adm3_pcode":null,"adm3_name":null,"adm4_pcode":null,"adm4_name":null,"name_latin":null},"geometry":{"type":"Polygon","coordinates":[[[32.7437189,14.1659845],[32.7435051,14.1657988],[32.7434495,14.165859],[32.7436633,14.1660447],[32.7437189,14.1659845]]]}},{"type":"Feature","properties":{"id":"way/1102356387","name":null,"name_en":null,"name_ar":null,"amenity":null,"building":"school","operator_type":null,"capacity_persons":null,"addr_full":null,"addr_city":null,"source":null,"adm0_pcode":"SDN","adm0_name":"Sudan","adm1_pcode":"SD15","adm1_name":"Aj Jazirah","adm2_pcode":"SD15037","adm2_name":"Al Qurashi","adm3_pcode":null,"adm3_name":null,"adm4_pcode":null,"adm4_name":null,"name_latin":null},"geometry":{"type":"Polygon","coordinates":[[[32.7442199,14.1656398],[32.7444156,14.1658072],[32.7444551,14.1657639],[32.7442735,14.1656086],[32.7442199,14.1656398]]]}},{"type":"Feature","properties":{"id":"way/1104071669","name":null,"name_en":null,"name_ar":null,"amenity":"school","building":null,"operator_type":null,"capacity_persons":null,"addr_full":null,"addr_city":null,"source":null,"adm0_pcode":"SDN","adm0_name":"Sudan","adm1_pcode":"SD15","adm1_name":"Aj Jazirah","adm2_pcode":"SD15037","adm2_name":"Al Qurashi","adm3_pcode":null,"adm3_name":null,"adm4_pcode":null,"adm4_name":null,"name_latin":null},"geometry":{"type":"Polygon","coordinates":[[[32.7823985,14.1631627],[32.7822093,14.1630757],[32.7822294,14.1630347],[32.7824185,14.1631218],[32.7823985,14.1631627]]]}},{"type":"Feature","properties":{"id":"way/1104071672","name":null,"name_en":null,"name_ar":null,"amenity":"school","building":null,"operator_type":null,"capacity_persons":null,"addr_full":null,"addr_city":null,"source":null,"adm0_pcode":"SDN","adm0_name":"Sudan","adm1_pcode":"SD15","adm1_name":"Aj Jazirah","adm2_pcode":"SD15037","adm2_name":"Al Qurashi","adm3_pcode":null,"adm3_name":null,"adm4_pcode":null,"adm4_name":null,"name_latin":null},"geometry":{"type":"Polygon","coordinates":[[[32.7824962,14.1631228],[32.7824289,14.1630953],[32.7824477,14.1630521],[32.782515,14.1630795],[32.7824962,14.1631228]]]}},{"type":"Feature","properties":{"id":"way/1104071670","name":null,"name_en":null,"name_ar":null,"amenity":"school","building":null,"operator_type":null,"capacity_persons":null,"addr_full":null,"addr_city":null,"source":null,"adm0_pcode":"SDN","adm0_name":"Sudan","adm1_pcode":"SD15","adm1_name":"Aj Jazirah","adm2_pcode":"SD15037","adm2_name":"Al Qurashi","adm3_pcode":null,"adm3_name":null,"adm4_pcode":null,"adm4_name":null,"name_latin":null},"geometry":{"type":"Polygon","coordinates":[[[32.7821616,14.1630628],[32.7821808,14.1630218],[32.7822185,14.1630384],[32.7821994,14.1630794],[32.7821616,14.1630628]]]}},{"type":"Feature","properties":{"id":"way/1104071668","name":null,"name_en":null,"name_ar":null,"amenity":"school","building":null,"operator_type":null,"capacity_persons":null,"addr_full":null,"addr_city":null,"source":null,"adm0_pcode":"SDN","adm0_name":"Sudan","adm1_pcode":"SD15","adm1_name":"Aj Jazirah","adm2_pcode":"SD15037","adm2_name":"Al Qurashi","adm3_pcode":null,"adm3_name":null,"adm4_pcode":null,"adm4_name":null,"name_latin":null},"geometry":{"type":"Polygon","coordinates":[[[32.7821581,14.1630617],[32.7820189,14.1630014],[32.7820395,14.1629566],[32.7821787,14.1630169],[32.7821581,14.1630617]]]}},{"type":"Feature","properties":{"id":"way/1104071671","name":null,"name_en":null,"name_ar":null,"amenity":"school","building":null,"operator_type":null,"capacity_persons":null,"addr_full":null,"addr_city":null,"source":null,"adm0_pcode":"SDN","adm0_name":"Sudan","adm1_pcode":"SD15","adm1_name":"Aj Jazirah","adm2_pcode":"SD15037","adm2_name":"Al Qurashi","adm3_pcode":null,"adm3_name":null,"adm4_pcode":null,"adm4_name":null,"name_latin":null},"geometry":{"type":"Polygon","coordinates":[[[32.782051,14.1629383],[32.7819837,14.1629109],[32.7820025,14.1628676],[32.7820698,14.162895],[32.782051,14.1629383]]]}},{"type":"Feature","properties":{"id":"way/1104071667","name":null,"name_en":null,"name_ar":null,"amenity":"school","building":null,"operator_type":null,"capacity_persons":null,"addr_full":null,"addr_city":null,"source":null,"adm0_pcode":"SDN","adm0_name":"Sudan","adm1_pcode":"SD15","adm1_name":"Aj Jazirah","adm2_pcode":"SD15037","adm2_name":"Al Qurashi","adm3_pcode":null,"adm3_name":null,"adm4_pcode":null,"adm4_name":null,"name_latin":null},"geometry":{"type":"Polygon","coordinates":[[[32.7824372,14.1628467],[32.7822772,14.1627719],[32.7822571,14.1628122],[32.7824172,14.162887],[32.7824372,14.1628467]]]}},{"type":"Feature","properties":{"id":"way/1101353908","name":null,"name_en":null,"name_ar":null,"amenity":"school","building":null,"operator_type":null,"capacity_persons":null,"addr_full":null,"addr_city":null,"source":null,"adm0_pcode":"SDN","adm0_name":"Sudan","adm1_pcode":"SD15","adm1_name":"Aj Jazirah","adm2_pcode":"SD15036","adm2_name":"Al Manaqil","adm3_pcode":null,"adm3_name":null,"adm4_pcode":null,"adm4_name":null,"name_latin":null},"geometry":{"type":"Polygon","coordinates":[[[32.9633942,14.1542603],[32.9633948,14.1542428],[32.963401,14.1542],[32.9635322,14.1542051],[32.9635336,14.1541721],[32.9635701,14.1541735],[32.963568,14.1542232],[32.9635486,14.1542258],[32.9635472,14.1542652],[32.9633942,14.1542603]]]}},{"type":"Feature","properties":{"id":"way/1101353907","name":null,"name_en":null,"name_ar":null,"amenity":"school","building":null,"operator_type":null,"capacity_persons":null,"addr_full":null,"addr_city":null,"source":null,"adm0_pcode":"SDN","adm0_name":"Sudan","adm1_pcode":"SD15","adm1_name":"Aj Jazirah","adm2_pcode":"SD15036","adm2_name":"Al Manaqil","adm3_pcode":null,"adm3_name":null,"adm4_pcode":null,"adm4_name":null,"name_latin":null},"geometry":{"type":"Polygon","coordinates":[[[32.9631816,14.154219],[32.9631815,14.1541785],[32.963225,14.1541784],[32.9632251,14.1541948],[32.9633718,14.1541943],[32.96338,14.1542424],[32.9633795,14.1542559],[32.9632164,14.154251],[32.9632174,14.15422],[32.9631816,14.154219]]]}},{"type":"Feature","properties":{"id":"way/1093642051","name":null,"name_en":null,"name_ar":null,"amenity":"school","building":null,"operator_type":null,"capacity_persons":null,"addr_full":null,"addr_city":null,"source":null,"adm0_pcode":"SDN","adm0_name":"Sudan","adm1_pcode":"SD15","adm1_name":"Aj Jazirah","adm2_pcode":"SD15036","adm2_name":"Al Manaqil","adm3_pcode":null,"adm3_name":null,"adm4_pcode":null,"adm4_name":null,"name_latin":null},"geometry":{"type":"Polygon","coordinates":[[[32.9630897,14.1542157],[32.9631719,14.1542152],[32.963172,14.1541651],[32.9630897,14.154165],[32.9630897,14.1542157]]]}},{"type":"Feature","properties":{"id":"way/1101353911","name":null,"name_en":null,"name_ar":null,"amenity":"school","building":null,"operator_type":null,"capacity_persons":null,"addr_full":null,"addr_city":null,"source":null,"adm0_pcode":"SDN","adm0_name":"Sudan","adm1_pcode":"SD15","adm1_name":"Aj Jazirah","adm2_pcode":"SD15036","adm2_name":"Al Manaqil","adm3_pcode":null,"adm3_name":null,"adm4_pcode":null,"adm4_name":null,"name_latin":null},"geometry":{"type":"Polygon","coordinates":[[[32.9630738,14.1542158],[32.9630897,14.1542157],[32.9631719,14.1542152],[32.9631816,14.154219],[32.9632174,14.15422],[32.9632164,14.154251],[32.9633795,14.1542559],[32.96338,14.1542424],[32.9633948,14.1542428],[32.9633942,14.1542603],[32.9635472,14.1542652],[32.9635486,14.1542258],[32.9635852,14.154227],[32.963596,14.1539128],[32.9635714,14.1539021],[32.9635752,14.1538657],[32.9635501,14.1538632],[32.9635532,14.153834],[32.9633982,14.1538188],[32.9633702,14.153816],[32.9632202,14.1538013],[32.9632145,14.1537907],[32.9630707,14.1537917],[32.9630738,14.1542158]]]}},{"type":"Feature","properties":{"id":"way/1101353910","name":null,"name_en":null,"name_ar":null,"amenity":"school","building":null,"operator_type":null,"capacity_persons":null,"addr_full":null,"addr_city":null,"source":null,"adm0_pcode":"SDN","adm0_name":"Sudan","adm1_pcode":"SD15","adm1_name":"Aj Jazirah","adm2_pcode":"SD15036","adm2_name":"Al Manaqil","adm3_pcode":null,"adm3_name":null,"adm4_pcode":null,"adm4_name":null,"name_latin":null},"geometry":{"type":"Polygon","coordinates":[[[32.963392,14.1538767],[32.9633982,14.1538188],[32.9635532,14.153834],[32.9635501,14.1538632],[32.9635752,14.1538657],[32.9635714,14.1539021],[32.9635691,14.153924],[32.9635344,14.1539205],[32.9635375,14.1538914],[32.963392,14.1538767]]]}},{"type":"Feature","properties":{"id":"way/1101353909","name":null,"name_en":null,"name_ar":null,"amenity":"school","building":null,"operator_type":null,"capacity_persons":null,"addr_full":null,"addr_city":null,"source":null,"adm0_pcode":"SDN","adm0_name":"Sudan","adm1_pcode":"SD15","adm1_name":"Aj Jazirah","adm2_pcode":"SD15036","adm2_name":"Al Manaqil","adm3_pcode":null,"adm3_name":null,"adm4_pcode":null,"adm4_name":null,"name_latin":null},"geometry":{"type":"Polygon","coordinates":[[[32.9631732,14.1538834],[32.9631782,14.1538247],[32.9632179,14.1538279],[32.9632202,14.1538013],[32.9633702,14.153816],[32.963366,14.1538665],[32.9632233,14.153855],[32.9632206,14.1538872],[32.9631732,14.1538834]]]}},{"type":"Feature","properties":{"id":"way/1101354162","name":null,"name_en":null,"name_ar":null,"amenity":"school","building":null,"operator_type":null,"capacity_persons":null,"addr_full":null,"addr_city":null,"source":null,"adm0_pcode":"SDN","adm0_name":"Sudan","adm1_pcode":"SD15","adm1_name":"Aj Jazirah","adm2_pcode":"SD15037","adm2_name":"Al Qurashi","adm3_pcode":null,"adm3_name":null,"adm4_pcode":null,"adm4_name":null,"name_latin":null},"geometry":{"type":"Polygon","coordinates":[[[32.6849589,14.1471057],[32.6849729,14.1470443],[32.685131,14.1470782],[32.6851339,14.1470657],[32.6852146,14.147083],[32.6852109,14.1470988],[32.6853731,14.1471336],[32.6853599,14.1471917],[32.6849589,14.1471057]]]}},{"type":"Feature","properties":{"id":"way/1101354163","name":null,"name_en":null,"name_ar":null,"amenity":"school","building":null,"operator_type":null,"capacity_persons":null,"addr_full":null,"addr_city":null,"source":null,"adm0_pcode":"SDN","adm0_name":"Sudan","adm1_pcode":"SD15","adm1_name":"Aj Jazirah","adm2_pcode":"SD15037","adm2_name":"Al Qurashi","adm3_pcode":null,"adm3_name":null,"adm4_pcode":null,"adm4_name":null,"name_latin":null},"geometry":{"type":"Polygon","coordinates":[[[32.6849148,14.1469595],[32.6849271,14.1469122],[32.6849981,14.1469295],[32.6849859,14.1469769],[32.6849148,14.1469595]]]}},{"type":"Feature","properties":{"id":"way/1101354165","name":null,"name_en":null,"name_ar":null,"amenity":"school","building":null,"operator_type":null,"capacity_persons":null,"addr_full":null,"addr_city":null,"source":null,"adm0_pcode":"SDN","adm0_name":"Sudan","adm1_pcode":"SD15","adm1_name":"Aj Jazirah","adm2_pcode":"SD15037","adm2_name":"Al Qurashi","adm3_pcode":null,"adm3_name":null,"adm4_pcode":null,"adm4_name":null,"name_latin":null},"geometry":{"type":"Polygon","coordinates":[[[32.6851955,14.1467613],[32.6852089,14.1467153],[32.6854082,14.1467699],[32.6853948,14.1468159],[32.6851955,14.1467613]]]}},{"type":"Feature","properties":{"id":"way/1101354164","name":null,"name_en":null,"name_ar":null,"amenity":"school","building":null,"operator_type":null,"capacity_persons":null,"addr_full":null,"addr_city":null,"source":null,"adm0_pcode":"SDN","adm0_name":"Sudan","adm1_pcode":"SD15","adm1_name":"Aj Jazirah","adm2_pcode":"SD15037","adm2_name":"Al Qurashi","adm3_pcode":null,"adm3_name":null,"adm4_pcode":null,"adm4_name":null,"name_latin":null},"geometry":{"type":"Polygon","coordinates":[[[32.685042,14.1467162],[32.6850552,14.1466641],[32.68514,14.1466844],[32.6851268,14.1467364],[32.685042,14.1467162]]]}},{"type":"Feature","properties":{"id":"way/1101558366","name":null,"name_en":null,"name_ar":null,"amenity":"school","building":null,"operator_type":null,"capacity_persons":null,"addr_full":null,"addr_city":null,"source":null,"adm0_pcode":"SDN","adm0_name":"Sudan","adm1_pcode":"SD15","adm1_name":"Aj Jazirah","adm2_pcode":"SD15037","adm2_name":"Al Qurashi","adm3_pcode":null,"adm3_name":null,"adm4_pcode":null,"adm4_name":null,"name_latin":null},"geometry":{"type":"Polygon","coordinates":[[[32.6852874,14.1464285],[32.6849589,14.1462703],[32.684965,14.1462583],[32.6849036,14.1462287],[32.684925,14.1461869],[32.685315,14.1463746],[32.6852874,14.1464285]]]}},{"type":"Feature","properties":{"id":"way/1101558367","name":null,"name_en":null,"name_ar":null,"amenity":"school","building":null,"operator_type":null,"capacity_persons":null,"addr_full":null,"addr_city":null,"source":null,"adm0_pcode":"SDN","adm0_name":"Sudan","adm1_pcode":"SD15","adm1_name":"Aj Jazirah","adm2_pcode":"SD15037","adm2_name":"Al Qurashi","adm3_pcode":null,"adm3_name":null,"adm4_pcode":null,"adm4_name":null,"name_latin":null},"geometry":{"type":"Polygon","coordinates":[[[32.6853781,14.1461572],[32.6850796,14.1460201],[32.6851042,14.1459698],[32.6851732,14.1460015],[32.6851801,14.1459875],[32.6854095,14.1460929],[32.6853781,14.1461572]]]}},{"type":"Feature","properties":{"id":"way/1101558368","name":null,"name_en":null,"name_ar":null,"amenity":"school","building":null,"operator_type":null,"capacity_persons":null,"addr_full":null,"addr_city":null,"source":null,"adm0_pcode":"SDN","adm0_name":"Sudan","adm1_pcode":"SD15","adm1_name":"Aj Jazirah","adm2_pcode":"SD15037","adm2_name":"Al Qurashi","adm3_pcode":null,"adm3_name":null,"adm4_pcode":null,"adm4_name":null,"name_latin":null},"geometry":{"type":"Polygon","coordinates":[[[32.6854872,14.1458798],[32.6851437,14.1458375],[32.6851512,14.1457803],[32.6852439,14.1457917],[32.6852457,14.1457775],[32.6853172,14.1457863],[32.6853123,14.1458233],[32.6854917,14.1458454],[32.6854872,14.1458798]]]}},{"type":"Feature","properties":{"id":"way/1101287657","name":null,"name_en":null,"name_ar":null,"amenity":"school","building":null,"operator_type":null,"capacity_persons":null,"addr_full":null,"addr_city":null,"source":null,"adm0_pcode":"SDN","adm0_name":"Sudan","adm1_pcode":"SD15","adm1_name":"Aj Jazirah","adm2_pcode":"SD15037","adm2_name":"Al Qurashi","adm3_pcode":null,"adm3_name":null,"adm4_pcode":null,"adm4_name":null,"name_latin":null},"geometry":{"type":"Polygon","coordinates":[[[32.6825298,14.0992388],[32.6827893,14.0994849],[32.6828336,14.099441],[32.6827685,14.0993793],[32.6827819,14.099366],[32.6827145,14.099302],[32.6827009,14.0993155],[32.6825739,14.0991951],[32.6825298,14.0992388]]]}},{"type":"Feature","properties":{"id":"way/1101287658","name":null,"name_en":null,"name_ar":null,"amenity":"school","building":null,"operator_type":null,"capacity_persons":null,"addr_full":null,"addr_city":null,"source":null,"adm0_pcode":"SDN","adm0_name":"Sudan","adm1_pcode":"SD15","adm1_name":"Aj Jazirah","adm2_pcode":"SD15037","adm2_name":"Al Qurashi","adm3_pcode":null,"adm3_name":null,"adm4_pcode":null,"adm4_name":null,"name_latin":null},"geometry":{"type":"Polygon","coordinates":[[[32.6828322,14.0989221],[32.6831019,14.0991331],[32.6831411,14.0990859],[32.6828715,14.0988749],[32.6828322,14.0989221]]]}},{"type":"Feature","properties":{"id":"way/1101287659","name":null,"name_en":null,"name_ar":null,"amenity":"school","building":null,"operator_type":null,"capacity_persons":null,"addr_full":null,"addr_city":null,"source":null,"adm0_pcode":"SDN","adm0_name":"Sudan","adm1_pcode":"SD15","adm1_name":"Aj Jazirah","adm2_pcode":"SD15037","adm2_name":"Al Qurashi","adm3_pcode":null,"adm3_name":null,"adm4_pcode":null,"adm4_name":null,"name_latin":null},"geometry":{"type":"Polygon","coordinates":[[[32.6830454,14.0987974],[32.6833458,14.0989776],[32.6833727,14.0989355],[32.6830723,14.0987552],[32.6830454,14.0987974]]]}},{"type":"Feature","properties":{"id":"way/1101287662","name":null,"name_en":null,"name_ar":null,"amenity":"school","building":null,"operator_type":null,"capacity_persons":null,"addr_full":null,"addr_city":null,"source":null,"adm0_pcode":"SDN","adm0_name":"Sudan","adm1_pcode":"SD15","adm1_name":"Aj Jazirah","adm2_pcode":"SD15037","adm2_name":"Al Qurashi","adm3_pcode":null,"adm3_name":null,"adm4_pcode":null,"adm4_name":null,"name_latin":null},"geometry":{"type":"Polygon","coordinates":[[[32.6834306,14.0987102],[32.6835689,14.0987968],[32.6835921,14.0987619],[32.6834538,14.0986753],[32.6834306,14.0987102]]]}},{"type":"Feature","properties":{"id":"way/1101287661","name":null,"name_en":null,"name_ar":null,"amenity":"school","building":null,"operator_type":null,"capacity_persons":null,"addr_full":null,"addr_city":null,"source":null,"adm0_pcode":"SDN","adm0_name":"Sudan","adm1_pcode":"SD15","adm1_name":"Aj Jazirah","adm2_pcode":"SD15037","adm2_name":"Al Qurashi","adm3_pcode":null,"adm3_name":null,"adm4_pcode":null,"adm4_name":null,"name_latin":null},"geometry":{"type":"Polygon","coordinates":[[[32.6833239,14.0986551],[32.6833878,14.0986954],[32.6834159,14.0986536],[32.6833518,14.0986133],[32.6833239,14.0986551]]]}},{"type":"Feature","properties":{"id":"way/1101287660","name":null,"name_en":null,"name_ar":null,"amenity":"school","building":null,"operator_type":null,"capacity_persons":null,"addr_full":null,"addr_city":null,"source":null,"adm0_pcode":"SDN","adm0_name":"Sudan","adm1_pcode":"SD15","adm1_name":"Aj Jazirah","adm2_pcode":"SD15037","adm2_name":"Al Qurashi","adm3_pcode":null,"adm3_name":null,"adm4_pcode":null,"adm4_name":null,"name_latin":null},"geometry":{"type":"Polygon","coordinates":[[[32.6830453,14.0984973],[32.6832153,14.0985988],[32.6832397,14.0985603],[32.6830698,14.0984588],[32.6830453,14.0984973]]]}},{"type":"Feature","properties":{"id":"way/1103303386","name":null,"name_en":null,"name_ar":null,"amenity":"school","building":null,"operator_type":null,"capacity_persons":null,"addr_full":null,"addr_city":null,"source":null,"adm0_pcode":"SDN","adm0_name":"Sudan","adm1_pcode":"SD15","adm1_name":"Aj Jazirah","adm2_pcode":"SD15037","adm2_name":"Al Qurashi","adm3_pcode":null,"adm3_name":null,"adm4_pcode":null,"adm4_name":null,"name_latin":null},"geometry":{"type":"Polygon","coordinates":[[[32.6906502,14.0670536],[32.6906818,14.0670173],[32.690575,14.0669297],[32.6905433,14.066966],[32.6906502,14.0670536]]]}},{"type":"Feature","properties":{"id":"way/1103303387","name":null,"name_en":null,"name_ar":null,"amenity":"school","building":null,"operator_type":null,"capacity_persons":null,"addr_full":null,"addr_city":null,"source":null,"adm0_pcode":"SDN","adm0_name":"Sudan","adm1_pcode":"SD15","adm1_name":"Aj Jazirah","adm2_pcode":"SD15037","adm2_name":"Al Qurashi","adm3_pcode":null,"adm3_name":null,"adm4_pcode":null,"adm4_name":null,"name_latin":null},"geometry":{"type":"Polygon","coordinates":[[[32.690354,14.0668212],[32.6904571,14.066893],[32.6904867,14.066853],[32.6903836,14.0667812],[32.690354,14.0668212]]]}},{"type":"Feature","properties":{"id":"way/1103303388","name":null,"name_en":null,"name_ar":null,"amenity":"school","building":null,"operator_type":null,"capacity_persons":null,"addr_full":null,"addr_city":null,"source":null,"adm0_pcode":"SDN","adm0_name":"Sudan","adm1_pcode":"SD15","adm1_name":"Aj Jazirah","adm2_pcode":"SD15037","adm2_name":"Al Qurashi","adm3_pcode":null,"adm3_name":null,"adm4_pcode":null,"adm4_name":null,"name_latin":null},"geometry":{"type":"Polygon","coordinates":[[[32.6906294,14.0666214],[32.6908415,14.0668206],[32.6908791,14.0667828],[32.6906671,14.0665836],[32.6906294,14.0666214]]]}},{"type":"Feature","properties":{"id":"way/1101510222","name":null,"name_en":null,"name_ar":null,"amenity":null,"building":"school","operator_type":null,"capacity_persons":null,"addr_full":null,"addr_city":null,"source":null,"adm0_pcode":"SDN","adm0_name":"Sudan","adm1_pcode":"SD15","adm1_name":"Aj Jazirah","adm2_pcode":"SD15034","adm2_name":"Al Hasahisa","adm3_pcode":null,"adm3_name":null,"adm4_pcode":null,"adm4_name":null,"name_latin":null},"geometry":{"type":"Polygon","coordinates":[[[33.4300752,14.6107859],[33.430423,14.6109361],[33.4304503,14.610877],[33.4301025,14.6107268],[33.4300752,14.6107859]]]}},{"type":"Feature","properties":{"id":"way/1101510219","name":null,"name_en":null,"name_ar":null,"amenity":"school","building":null,"operator_type":null,"capacity_persons":null,"addr_full":null,"addr_city":null,"source":null,"adm0_pcode":"SDN","adm0_name":"Sudan","adm1_pcode":"SD15","adm1_name":"Aj Jazirah","adm2_pcode":"SD15034","adm2_name":"Al Hasahisa","adm3_pcode":null,"adm3_name":null,"adm4_pcode":null,"adm4_name":null,"name_latin":null},"geometry":{"type":"Polygon","coordinates":[[[33.4296485,14.6113604],[33.4302664,14.6115807],[33.430553,14.610906],[33.4303803,14.6107428],[33.4299168,14.6105087],[33.4296485,14.6113604]]]}},{"type":"Feature","properties":{"id":"way/1101510221","name":null,"name_en":null,"name_ar":null,"amenity":null,"building":"school","operator_type":null,"capacity_persons":null,"addr_full":null,"addr_city":null,"source":null,"adm0_pcode":"SDN","adm0_name":"Sudan","adm1_pcode":"SD15","adm1_name":"Aj Jazirah","adm2_pcode":"SD15034","adm2_name":"Al Hasahisa","adm3_pcode":null,"adm3_name":null,"adm4_pcode":null,"adm4_name":null,"name_latin":null},"geometry":{"type":"Polygon","coordinates":[[[33.4299696,14.6111801],[33.4302278,14.6112538],[33.4302491,14.6111978],[33.4302227,14.6111958],[33.4302379,14.611187],[33.4303274,14.6112204],[33.4303335,14.6111634],[33.430245,14.6111348],[33.4302328,14.6111584],[33.4300316,14.6110935],[33.4300336,14.6110729],[33.4299564,14.6110463],[33.429933,14.6110906],[33.4299869,14.6111211],[33.4299696,14.6111801]]]}},{"type":"Feature","properties":{"id":"way/1101510220","name":null,"name_en":null,"name_ar":null,"amenity":null,"building":"school","operator_type":null,"capacity_persons":null,"addr_full":null,"addr_city":null,"source":null,"adm0_pcode":"SDN","adm0_name":"Sudan","adm1_pcode":"SD15","adm1_name":"Aj Jazirah","adm2_pcode":"SD15034","adm2_name":"Al Hasahisa","adm3_pcode":null,"adm3_name":null,"adm4_pcode":null,"adm4_name":null,"name_latin":null},"geometry":{"type":"Polygon","coordinates":[[[33.4299643,14.6114059],[33.4299908,14.6113528],[33.4300262,14.6113648],[33.430005,14.6114247],[33.4299643,14.6114059]]]}},{"type":"Feature","properties":{"id":"way/1103055167","name":null,"name_en":null,"name_ar":null,"amenity":"school","building":null,"operator_type":null,"capacity_persons":null,"addr_full":null,"addr_city":null,"source":null,"adm0_pcode":"SDN","adm0_name":"Sudan","adm1_pcode":"SD15","adm1_name":"Aj Jazirah","adm2_pcode":"SD15032","adm2_name":"Um Algura","adm3_pcode":null,"adm3_name":null,"adm4_pcode":null,"adm4_name":null,"name_latin":null},"geometry":{"type":"Polygon","coordinates":[[[33.7187751,14.6159279],[33.718793,14.6158804],[33.718935,14.6159304],[33.7189171,14.6159779],[33.7187751,14.6159279]]]}},{"type":"Feature","properties":{"id":"way/1103055166","name":null,"name_en":null,"name_ar":null,"amenity":"school","building":null,"operator_type":null,"capacity_persons":null,"addr_full":null,"addr_city":null,"source":null,"adm0_pcode":"SDN","adm0_name":"Sudan","adm1_pcode":"SD15","adm1_name":"Aj Jazirah","adm2_pcode":"SD15032","adm2_name":"Um Algura","adm3_pcode":null,"adm3_name":null,"adm4_pcode":null,"adm4_name":null,"name_latin":null},"geometry":{"type":"Polygon","coordinates":[[[33.7190283,14.6160084],[33.7190462,14.6159609],[33.7191881,14.6160109],[33.7191702,14.6160585],[33.7190283,14.6160084]]]}},{"type":"Feature","properties":{"id":"way/1103055169","name":null,"name_en":null,"name_ar":null,"amenity":"school","building":null,"operator_type":null,"capacity_persons":null,"addr_full":null,"addr_city":null,"source":null,"adm0_pcode":"SDN","adm0_name":"Sudan","adm1_pcode":"SD15","adm1_name":"Aj Jazirah","adm2_pcode":"SD15032","adm2_name":"Um Algura","adm3_pcode":null,"adm3_name":null,"adm4_pcode":null,"adm4_name":null,"name_latin":null},"geometry":{"type":"Polygon","coordinates":[[[33.7187184,14.6161316],[33.7186356,14.6161076],[33.7187406,14.6157913],[33.7192107,14.6159088],[33.7191881,14.6160109],[33.7191702,14.61606],[33.7192761,14.6160971],[33.7191874,14.6163366],[33.7190942,14.6163028],[33.718704,14.6161717],[33.7187184,14.6161316]]]}},{"type":"Feature","properties":{"id":"way/1103055168","name":null,"name_en":null,"name_ar":null,"amenity":"school","building":null,"operator_type":null,"capacity_persons":null,"addr_full":null,"addr_city":null,"source":null,"adm0_pcode":"SDN","adm0_name":"Sudan","adm1_pcode":"SD15","adm1_name":"Aj Jazirah","adm2_pcode":"SD15032","adm2_name":"Um Algura","adm3_pcode":null,"adm3_name":null,"adm4_pcode":null,"adm4_name":null,"name_latin":null},"geometry":{"type":"Polygon","coordinates":[[[33.718704,14.6161717],[33.7187184,14.6161316],[33.718724,14.6161159],[33.7191142,14.6162471],[33.7190942,14.6163028],[33.718704,14.6161717]]]}},{"type":"Feature","properties":{"id":"way/1101887707","name":null,"name_en":null,"name_ar":null,"amenity":null,"building":"school","operator_type":null,"capacity_persons":null,"addr_full":null,"addr_city":null,"source":null,"adm0_pcode":"SDN","adm0_name":"Sudan","adm1_pcode":"SD15","adm1_name":"Aj Jazirah","adm2_pcode":"SD15033","adm2_name":"Sharg Al Jazirah","adm3_pcode":null,"adm3_name":null,"adm4_pcode":null,"adm4_name":null,"name_latin":null},"geometry":{"type":"Polygon","coordinates":[[[33.5985923,14.6189077],[33.5989169,14.6190444],[33.5989344,14.6190026],[33.598625,14.618858],[33.5985923,14.6189077]]]}},{"type":"Feature","properties":{"id":"way/1101887705","name":null,"name_en":null,"name_ar":null,"amenity":null,"building":"school","operator_type":null,"capacity_persons":null,"addr_full":null,"addr_city":null,"source":null,"adm0_pcode":"SDN","adm0_name":"Sudan","adm1_pcode":"SD15","adm1_name":"Aj Jazirah","adm2_pcode":"SD15033","adm2_name":"Sharg Al Jazirah","adm3_pcode":null,"adm3_name":null,"adm4_pcode":null,"adm4_name":null,"name_latin":null},"geometry":{"type":"Polygon","coordinates":[[[33.5984411,14.6190955],[33.5985062,14.6191238],[33.5985281,14.6190765],[33.598463,14.6190482],[33.5984411,14.6190955]]]}},{"type":"Feature","properties":{"id":"way/1101887703","name":null,"name_en":null,"name_ar":null,"amenity":"school","building":null,"operator_type":null,"capacity_persons":null,"addr_full":null,"addr_city":null,"source":null,"adm0_pcode":"SDN","adm0_name":"Sudan","adm1_pcode":"SD15","adm1_name":"Aj Jazirah","adm2_pcode":"SD15033","adm2_name":"Sharg Al Jazirah","adm3_pcode":null,"adm3_name":null,"adm4_pcode":null,"adm4_name":null,"name_latin":null},"geometry":{"type":"Polygon","coordinates":[[[33.5982909,14.6191948],[33.5984502,14.6187479],[33.5990536,14.6190065],[33.5990749,14.6190698],[33.5989439,14.6194311],[33.5982909,14.6191948]]]}},{"type":"Feature","properties":{"id":"way/1101887704","name":null,"name_en":null,"name_ar":null,"amenity":null,"building":"school","operator_type":null,"capacity_persons":null,"addr_full":null,"addr_city":null,"source":null,"adm0_pcode":"SDN","adm0_name":"Sudan","adm1_pcode":"SD15","adm1_name":"Aj Jazirah","adm2_pcode":"SD15033","adm2_name":"Sharg Al Jazirah","adm3_pcode":null,"adm3_name":null,"adm4_pcode":null,"adm4_name":null,"name_latin":null},"geometry":{"type":"Polygon","coordinates":[[[33.5984534,14.6191811],[33.5986425,14.6192613],[33.5986589,14.6192116],[33.5984768,14.6191303],[33.5984534,14.6191811]]]}},{"type":"Feature","properties":{"id":"way/1101887706","name":null,"name_en":null,"name_ar":null,"amenity":null,"building":"school","operator_type":null,"capacity_persons":null,"addr_full":null,"addr_city":null,"source":null,"adm0_pcode":"SDN","adm0_name":"Sudan","adm1_pcode":"SD15","adm1_name":"Aj Jazirah","adm2_pcode":"SD15033","adm2_name":"Sharg Al Jazirah","adm3_pcode":null,"adm3_name":null,"adm4_pcode":null,"adm4_name":null,"name_latin":null},"geometry":{"type":"Polygon","coordinates":[[[33.5986577,14.6192681],[33.5987768,14.6193189],[33.598799,14.6192805],[33.5986799,14.6192319],[33.5986577,14.6192681]]]}},{"type":"Feature","properties":{"id":"way/1101886545","name":null,"name_en":null,"name_ar":null,"amenity":null,"building":"school","operator_type":null,"capacity_persons":null,"addr_full":null,"addr_city":null,"source":null,"adm0_pcode":"SDN","adm0_name":"Sudan","adm1_pcode":"SD15","adm1_name":"Aj Jazirah","adm2_pcode":"SD15034","adm2_name":"Al Hasahisa","adm3_pcode":null,"adm3_name":null,"adm4_pcode":null,"adm4_name":null,"name_latin":null},"geometry":{"type":"Polygon","coordinates":[[[33.4207723,14.6200383],[33.4211531,14.6201941],[33.4211706,14.620146],[33.4207951,14.6199968],[33.4207723,14.6200383]]]}},{"type":"Feature","properties":{"id":"way/1101886546","name":null,"name_en":null,"name_ar":null,"amenity":null,"building":"school","operator_type":null,"capacity_persons":null,"addr_full":null,"addr_city":null,"source":null,"adm0_pcode":"SDN","adm0_name":"Sudan","adm1_pcode":"SD15","adm1_name":"Aj Jazirah","adm2_pcode":"SD15033","adm2_name":"Sharg Al Jazirah","adm3_pcode":null,"adm3_name":null,"adm4_pcode":null,"adm4_name":null,"name_latin":null},"geometry":{"type":"Polygon","coordinates":[[[33.4210083,14.6204069],[33.4210458,14.620329],[33.4210928,14.6203602],[33.4210633,14.6204354],[33.4210083,14.6204069]]]}},{"type":"Feature","properties":{"id":"way/1101886544","name":null,"name_en":null,"name_ar":null,"amenity":null,"building":"school","operator_type":null,"capacity_persons":null,"addr_full":null,"addr_city":null,"source":null,"adm0_pcode":"SDN","adm0_name":"Sudan","adm1_pcode":"SD15","adm1_name":"Aj Jazirah","adm2_pcode":"SD15033","adm2_name":"Sharg Al Jazirah","adm3_pcode":null,"adm3_name":null,"adm4_pcode":null,"adm4_name":null,"name_latin":null},"geometry":{"type":"Polygon","coordinates":[[[33.420606,14.620525],[33.4210002,14.6206833],[33.421023,14.6206236],[33.4206247,14.6204795],[33.420606,14.620525]]]}},{"type":"Feature","properties":{"id":"way/1102758310","name":null,"name_en":null,"name_ar":null,"amenity":null,"building":"school","operator_type":null,"capacity_persons":null,"addr_full":null,"addr_city":null,"source":null,"adm0_pcode":"SDN","adm0_name":"Sudan","adm1_pcode":"SD15","adm1_name":"Aj Jazirah","adm2_pcode":"SD15033","adm2_name":"Sharg Al Jazirah","adm3_pcode":null,"adm3_name":null,"adm4_pcode":null,"adm4_name":null,"name_latin":null},"geometry":{"type":"Polygon","coordinates":[[[33.4178399,14.6207525],[33.4181736,14.6208792],[33.418192,14.6208339],[33.4178583,14.6207071],[33.4178399,14.6207525]]]}},{"type":"Feature","properties":{"id":"way/1102758308","name":null,"name_en":null,"name_ar":null,"amenity":null,"building":"school","operator_type":null,"capacity_persons":null,"addr_full":null,"addr_city":null,"source":null,"adm0_pcode":"SDN","adm0_name":"Sudan","adm1_pcode":"SD15","adm1_name":"Aj Jazirah","adm2_pcode":"SD15033","adm2_name":"Sharg Al Jazirah","adm3_pcode":null,"adm3_name":null,"adm4_pcode":null,"adm4_name":null,"name_latin":null},"geometry":{"type":"Polygon","coordinates":[[[33.4175561,14.6209691],[33.4176923,14.6210271],[33.4177126,14.6209799],[33.4175739,14.6209262],[33.4175561,14.6209691]]]}},{"type":"Feature","properties":{"id":"way/1102758309","name":null,"name_en":null,"name_ar":null,"amenity":null,"building":"school","operator_type":null,"capacity_persons":null,"addr_full":null,"addr_city":null,"source":null,"adm0_pcode":"SDN","adm0_name":"Sudan","adm1_pcode":"SD15","adm1_name":"Aj Jazirah","adm2_pcode":"SD15033","adm2_name":"Sharg Al Jazirah","adm3_pcode":null,"adm3_name":null,"adm4_pcode":null,"adm4_name":null,"name_latin":null},"geometry":{"type":"Polygon","coordinates":[[[33.4178753,14.6210994],[33.4179878,14.6211474],[33.4180079,14.6211033],[33.4178954,14.6210553],[33.4178753,14.6210994]]]}},{"type":"Feature","properties":{"id":"way/1102758307","name":null,"name_en":null,"name_ar":null,"amenity":null,"building":"school","operator_type":null,"capacity_persons":null,"addr_full":null,"addr_city":null,"source":null,"adm0_pcode":"SDN","adm0_name":"Sudan","adm1_pcode":"SD15","adm1_name":"Aj Jazirah","adm2_pcode":"SD15033","adm2_name":"Sharg Al Jazirah","adm3_pcode":null,"adm3_name":null,"adm4_pcode":null,"adm4_name":null,"name_latin":null},"geometry":{"type":"Polygon","coordinates":[[[33.4176324,14.6210891],[33.4178599,14.6211864],[33.4178832,14.6211353],[33.4176558,14.621038],[33.4176324,14.6210891]]]}},{"type":"Feature","properties":{"id":"way/1102216738","name":null,"name_en":null,"name_ar":null,"amenity":null,"building":"school","operator_type":null,"capacity_persons":null,"addr_full":null,"addr_city":null,"source":null,"adm0_pcode":"SDN","adm0_name":"Sudan","adm1_pcode":"SD15","adm1_name":"Aj Jazirah","adm2_pcode":"SD15034","adm2_name":"Al Hasahisa","adm3_pcode":null,"adm3_name":null,"adm4_pcode":null,"adm4_name":null,"name_latin":null},"geometry":{"type":"Polygon","coordinates":[[[33.2387204,14.6262328],[33.2389738,14.6262894],[33.2389868,14.6262348],[33.2387334,14.6261782],[33.2387204,14.6262328]]]}},{"type":"Feature","properties":{"id":"way/1102216739","name":null,"name_en":null,"name_ar":null,"amenity":null,"building":"school","operator_type":null,"capacity_persons":null,"addr_full":null,"addr_city":null,"source":null,"adm0_pcode":"SDN","adm0_name":"Sudan","adm1_pcode":"SD15","adm1_name":"Aj Jazirah","adm2_pcode":"SD15034","adm2_name":"Al Hasahisa","adm3_pcode":null,"adm3_name":null,"adm4_pcode":null,"adm4_name":null,"name_latin":null},"geometry":{"type":"Polygon","coordinates":[[[33.2390173,14.6262862],[33.2392321,14.6263297],[33.2392425,14.6262812],[33.2390278,14.6262377],[33.2390173,14.6262862]]]}},{"type":"Feature","properties":{"id":"way/1102216736","name":null,"name_en":null,"name_ar":null,"amenity":null,"building":"school","operator_type":null,"capacity_persons":null,"addr_full":null,"addr_city":null,"source":null,"adm0_pcode":"SDN","adm0_name":"Sudan","adm1_pcode":"SD15","adm1_name":"Aj Jazirah","adm2_pcode":"SD15034","adm2_name":"Al Hasahisa","adm3_pcode":null,"adm3_name":null,"adm4_pcode":null,"adm4_name":null,"name_latin":null},"geometry":{"type":"Polygon","coordinates":[[[33.2386649,14.6265303],[33.2388305,14.6265637],[33.2388401,14.6265195],[33.2388586,14.6265284],[33.2388469,14.6265828],[33.2389326,14.6266001],[33.2389519,14.6265106],[33.2386809,14.626456],[33.2386649,14.6265303]]]}},{"type":"Feature","properties":{"id":"way/1102216737","name":null,"name_en":null,"name_ar":null,"amenity":null,"building":"school","operator_type":null,"capacity_persons":null,"addr_full":null,"addr_city":null,"source":null,"adm0_pcode":"SDN","adm0_name":"Sudan","adm1_pcode":"SD15","adm1_name":"Aj Jazirah","adm2_pcode":"SD15034","adm2_name":"Al Hasahisa","adm3_pcode":null,"adm3_name":null,"adm4_pcode":null,"adm4_name":null,"name_latin":null},"geometry":{"type":"Polygon","coordinates":[[[33.2389556,14.6265925],[33.2389633,14.6265448],[33.2391744,14.6265836],[33.2391621,14.6266298],[33.2390989,14.6266134],[33.2390835,14.6266298],[33.2389556,14.6265925]]]}},{"type":"Feature","properties":{"id":"way/1101369830","name":null,"name_en":null,"name_ar":null,"amenity":null,"building":"school","operator_type":null,"capacity_persons":null,"addr_full":null,"addr_city":null,"source":null,"adm0_pcode":"SDN","adm0_name":"Sudan","adm1_pcode":"SD15","adm1_name":"Aj Jazirah","adm2_pcode":"SD15032","adm2_name":"Um Algura","adm3_pcode":null,"adm3_name":null,"adm4_pcode":null,"adm4_name":null,"name_latin":null},"geometry":{"type":"Polygon","coordinates":[[[33.6594316,14.6323896],[33.6594398,14.6323327],[33.6597038,14.6323687],[33.6596955,14.6324256],[33.6594316,14.6323896]]]}},{"type":"Feature","properties":{"id":"way/1101369829","name":null,"name_en":null,"name_ar":null,"amenity":null,"building":"school","operator_type":null,"capacity_persons":null,"addr_full":null,"addr_city":null,"source":null,"adm0_pcode":"SDN","adm0_name":"Sudan","adm1_pcode":"SD15","adm1_name":"Aj Jazirah","adm2_pcode":"SD15032","adm2_name":"Um Algura","adm3_pcode":null,"adm3_name":null,"adm4_pcode":null,"adm4_name":null,"name_latin":null},"geometry":{"type":"Polygon","coordinates":[[[33.6596821,14.6324812],[33.659691,14.632434],[33.6597764,14.6324491],[33.6597676,14.6324962],[33.6596821,14.6324812]]]}},{"type":"Feature","properties":{"id":"way/1101369828","name":null,"name_en":null,"name_ar":null,"amenity":null,"building":"school","operator_type":null,"capacity_persons":null,"addr_full":null,"addr_city":null,"source":null,"adm0_pcode":"SDN","adm0_name":"Sudan","adm1_pcode":"SD15","adm1_name":"Aj Jazirah","adm2_pcode":"SD15032","adm2_name":"Um Algura","adm3_pcode":null,"adm3_name":null,"adm4_pcode":null,"adm4_name":null,"name_latin":null},"geometry":{"type":"Polygon","coordinates":[[[33.6596084,14.6329537],[33.6596184,14.6329047],[33.6597021,14.6329207],[33.6596921,14.6329697],[33.6596084,14.6329537]]]}},{"type":"Feature","properties":{"id":"way/1101369827","name":null,"name_en":null,"name_ar":null,"amenity":null,"building":"school","operator_type":null,"capacity_persons":null,"addr_full":null,"addr_city":null,"source":null,"adm0_pcode":"SDN","adm0_name":"Sudan","adm1_pcode":"SD15","adm1_name":"Aj Jazirah","adm2_pcode":"SD15032","adm2_name":"Um Algura","adm3_pcode":null,"adm3_name":null,"adm4_pcode":null,"adm4_name":null,"name_latin":null},"geometry":{"type":"Polygon","coordinates":[[[33.659338,14.6329814],[33.6593464,14.632926],[33.6596023,14.6329623],[33.6595939,14.6330178],[33.659338,14.6329814]]]}},{"type":"Feature","properties":{"id":"way/1102760323","name":null,"name_en":null,"name_ar":null,"amenity":"school","building":null,"operator_type":null,"capacity_persons":null,"addr_full":null,"addr_city":null,"source":null,"adm0_pcode":"SDN","adm0_name":"Sudan","adm1_pcode":"SD15","adm1_name":"Aj Jazirah","adm2_pcode":"SD15033","adm2_name":"Sharg Al Jazirah","adm3_pcode":null,"adm3_name":null,"adm4_pcode":null,"adm4_name":null,"name_latin":null},"geometry":{"type":"Polygon","coordinates":[[[33.4590195,14.637567],[33.4591947,14.6376677],[33.4592218,14.6376235],[33.4590466,14.6375228],[33.4590195,14.637567]]]}},{"type":"Feature","properties":{"id":"way/1102760324","name":null,"name_en":null,"name_ar":null,"amenity":"school","building":null,"operator_type":null,"capacity_persons":null,"addr_full":null,"addr_city":null,"source":null,"adm0_pcode":"SDN","adm0_name":"Sudan","adm1_pcode":"SD15","adm1_name":"Aj Jazirah","adm2_pcode":"SD15033","adm2_name":"Sharg Al Jazirah","adm3_pcode":null,"adm3_name":null,"adm4_pcode":null,"adm4_name":null,"name_latin":null},"geometry":{"type":"Polygon","coordinates":[[[33.4592298,14.6376789],[33.4593032,14.6377189],[33.4593257,14.6376803],[33.4592523,14.6376403],[33.4592298,14.6376789]]]}},{"type":"Feature","properties":{"id":"way/1102760322","name":null,"name_en":null,"name_ar":null,"amenity":"school","building":null,"operator_type":null,"capacity_persons":null,"addr_full":null,"addr_city":null,"source":null,"adm0_pcode":"SDN","adm0_name":"Sudan","adm1_pcode":"SD15","adm1_name":"Aj Jazirah","adm2_pcode":"SD15033","adm2_name":"Sharg Al Jazirah","adm3_pcode":null,"adm3_name":null,"adm4_pcode":null,"adm4_name":null,"name_latin":null},"geometry":{"type":"Polygon","coordinates":[[[33.4587574,14.6379871],[33.4590175,14.6381412],[33.4590387,14.6381069],[33.4587839,14.6379494],[33.4587574,14.6379871]]]}},{"type":"Feature","properties":{"id":"way/1103055155","name":null,"name_en":null,"name_ar":null,"amenity":"school","building":null,"operator_type":null,"capacity_persons":null,"addr_full":null,"addr_city":null,"source":null,"adm0_pcode":"SDN","adm0_name":"Sudan","adm1_pcode":"SD15","adm1_name":"Aj Jazirah","adm2_pcode":"SD15033","adm2_name":"Sharg Al Jazirah","adm3_pcode":null,"adm3_name":null,"adm4_pcode":null,"adm4_name":null,"name_latin":null},"geometry":{"type":"Polygon","coordinates":[[[33.4405025,14.6417477],[33.4405613,14.6417714],[33.4405758,14.6417377],[33.4405169,14.6417141],[33.4405025,14.6417477]]]}},{"type":"Feature","properties":{"id":"way/1103055156","name":null,"name_en":null,"name_ar":null,"amenity":"school","building":null,"operator_type":null,"capacity_persons":null,"addr_full":null,"addr_city":null,"source":null,"adm0_pcode":"SDN","adm0_name":"Sudan","adm1_pcode":"SD15","adm1_name":"Aj Jazirah","adm2_pcode":"SD15033","adm2_name":"Sharg Al Jazirah","adm3_pcode":null,"adm3_name":null,"adm4_pcode":null,"adm4_name":null,"name_latin":null},"geometry":{"type":"Polygon","coordinates":[[[33.4401898,14.6423366],[33.4402145,14.6423383],[33.4402311,14.6423347],[33.4402448,14.6423256],[33.440255,14.6423102],[33.4402653,14.6422849],[33.4404847,14.6417717],[33.440581,14.6418118],[33.440657,14.6416464],[33.4394214,14.6411928],[33.4392256,14.6419575],[33.4392293,14.6419773],[33.4392352,14.6419954],[33.4392524,14.6420094],[33.4392723,14.6420177],[33.4401898,14.6423366]]]}},{"type":"Feature","properties":{"id":"way/1103055153","name":null,"name_en":null,"name_ar":null,"amenity":"school","building":null,"operator_type":null,"capacity_persons":null,"addr_full":null,"addr_city":null,"source":null,"adm0_pcode":"SDN","adm0_name":"Sudan","adm1_pcode":"SD15","adm1_name":"Aj Jazirah","adm2_pcode":"SD15033","adm2_name":"Sharg Al Jazirah","adm3_pcode":null,"adm3_name":null,"adm4_pcode":null,"adm4_name":null,"name_latin":null},"geometry":{"type":"Polygon","coordinates":[[[33.4397924,14.6417826],[33.4400202,14.6418658],[33.4400345,14.6418293],[33.4398067,14.641746],[33.4397924,14.6417826]]]}},{"type":"Feature","properties":{"id":"way/1103055154","name":null,"name_en":null,"name_ar":null,"amenity":"school","building":null,"operator_type":null,"capacity_persons":null,"addr_full":null,"addr_city":null,"source":null,"adm0_pcode":"SDN","adm0_name":"Sudan","adm1_pcode":"SD15","adm1_name":"Aj Jazirah","adm2_pcode":"SD15033","adm2_name":"Sharg Al Jazirah","adm3_pcode":null,"adm3_name":null,"adm4_pcode":null,"adm4_name":null,"name_latin":null},"geometry":{"type":"Polygon","coordinates":[[[33.4401004,14.641896],[33.4401726,14.641921],[33.440188,14.6418795],[33.4401157,14.6418545],[33.4401004,14.641896]]]}},{"type":"Feature","properties":{"id":"way/1103055152","name":null,"name_en":null,"name_ar":null,"amenity":"school","building":null,"operator_type":null,"capacity_persons":null,"addr_full":null,"addr_city":null,"source":null,"adm0_pcode":"SDN","adm0_name":"Sudan","adm1_pcode":"SD15","adm1_name":"Aj Jazirah","adm2_pcode":"SD15033","adm2_name":"Sharg Al Jazirah","adm3_pcode":null,"adm3_name":null,"adm4_pcode":null,"adm4_name":null,"name_latin":null},"geometry":{"type":"Polygon","coordinates":[[[33.439692,14.642092],[33.4399947,14.6421912],[33.4400096,14.6421486],[33.4397069,14.6420495],[33.439692,14.642092]]]}},{"type":"Feature","properties":{"id":"way/1102032277","name":null,"name_en":null,"name_ar":null,"amenity":null,"building":"school","operator_type":null,"capacity_persons":null,"addr_full":null,"addr_city":null,"source":null,"adm0_pcode":"SDN","adm0_name":"Sudan","adm1_pcode":"SD15","adm1_name":"Aj Jazirah","adm2_pcode":"SD15034","adm2_name":"Al Hasahisa","adm3_pcode":null,"adm3_name":null,"adm4_pcode":null,"adm4_name":null,"name_latin":null},"geometry":{"type":"Polygon","coordinates":[[[33.3698197,14.6574877],[33.3702038,14.6576607],[33.3702343,14.6576253],[33.3698441,14.6574543],[33.3698197,14.6574877]]]}},{"type":"Feature","properties":{"id":"way/1102032275","name":null,"name_en":null,"name_ar":null,"amenity":null,"building":"school","operator_type":null,"capacity_persons":null,"addr_full":null,"addr_city":null,"source":null,"adm0_pcode":"SDN","adm0_name":"Sudan","adm1_pcode":"SD15","adm1_name":"Aj Jazirah","adm2_pcode":"SD15034","adm2_name":"Al Hasahisa","adm3_pcode":null,"adm3_name":null,"adm4_pcode":null,"adm4_name":null,"name_latin":null},"geometry":{"type":"Polygon","coordinates":[[[33.3696591,14.6576981],[33.3698034,14.6577571],[33.3698217,14.6577079],[33.3696733,14.6576627],[33.3696591,14.6576981]]]}},{"type":"Feature","properties":{"id":"way/1102032278","name":null,"name_en":null,"name_ar":null,"amenity":null,"building":"school","operator_type":null,"capacity_persons":null,"addr_full":null,"addr_city":null,"source":null,"adm0_pcode":"SDN","adm0_name":"Sudan","adm1_pcode":"SD15","adm1_name":"Aj Jazirah","adm2_pcode":"SD15034","adm2_name":"Al Hasahisa","adm3_pcode":null,"adm3_name":null,"adm4_pcode":null,"adm4_name":null,"name_latin":null},"geometry":{"type":"Polygon","coordinates":[[[33.3703746,14.6577591],[33.3706023,14.6578554],[33.3706287,14.6578279],[33.370399,14.6577119],[33.3703746,14.6577591]]]}},{"type":"Feature","properties":{"id":"way/1102032276","name":null,"name_en":null,"name_ar":null,"amenity":null,"building":"school","operator_type":null,"capacity_persons":null,"addr_full":null,"addr_city":null,"source":null,"adm0_pcode":"SDN","adm0_name":"Sudan","adm1_pcode":"SD15","adm1_name":"Aj Jazirah","adm2_pcode":"SD15034","adm2_name":"Al Hasahisa","adm3_pcode":null,"adm3_name":null,"adm4_pcode":null,"adm4_name":null,"name_latin":null},"geometry":{"type":"Polygon","coordinates":[[[33.3699681,14.657824],[33.3701042,14.657881],[33.3701185,14.6578397],[33.3699742,14.6577846],[33.3699681,14.657824]]]}},{"type":"Feature","properties":{"id":"way/1102156208","name":null,"name_en":null,"name_ar":null,"amenity":"school","building":null,"operator_type":null,"capacity_persons":null,"addr_full":null,"addr_city":null,"source":null,"adm0_pcode":"SDN","adm0_name":"Sudan","adm1_pcode":"SD15","adm1_name":"Aj Jazirah","adm2_pcode":"SD15032","adm2_name":"Um Algura","adm3_pcode":null,"adm3_name":null,"adm4_pcode":null,"adm4_name":null,"name_latin":null},"geometry":{"type":"Polygon","coordinates":[[[33.6942126,14.6694447],[33.6946033,14.6695549],[33.6946166,14.6695109],[33.6942259,14.6694007],[33.6942126,14.6694447]]]}},{"type":"Feature","properties":{"id":"way/1102156209","name":null,"name_en":null,"name_ar":null,"amenity":"school","building":null,"operator_type":null,"capacity_persons":null,"addr_full":null,"addr_city":null,"source":null,"adm0_pcode":"SDN","adm0_name":"Sudan","adm1_pcode":"SD15","adm1_name":"Aj Jazirah","adm2_pcode":"SD15032","adm2_name":"Um Algura","adm3_pcode":null,"adm3_name":null,"adm4_pcode":null,"adm4_name":null,"name_latin":null},"geometry":{"type":"Polygon","coordinates":[[[33.6940773,14.6698363],[33.6946062,14.6699503],[33.6947369,14.669441],[33.6942139,14.6692941],[33.6940773,14.6698363]]]}},{"type":"Feature","properties":{"id":"way/1102156207","name":null,"name_en":null,"name_ar":null,"amenity":"school","building":null,"operator_type":null,"capacity_persons":null,"addr_full":null,"addr_city":null,"source":null,"adm0_pcode":"SDN","adm0_name":"Sudan","adm1_pcode":"SD15","adm1_name":"Aj Jazirah","adm2_pcode":"SD15032","adm2_name":"Um Algura","adm3_pcode":null,"adm3_name":null,"adm4_pcode":null,"adm4_name":null,"name_latin":null},"geometry":{"type":"Polygon","coordinates":[[[33.6941376,14.6697573],[33.6945195,14.6698638],[33.6945337,14.669816],[33.6941518,14.6697094],[33.6941376,14.6697573]]]}},{"type":"Feature","properties":{"id":"way/1103036590","name":null,"name_en":null,"name_ar":null,"amenity":"school","building":null,"operator_type":null,"capacity_persons":null,"addr_full":null,"addr_city":null,"source":null,"adm0_pcode":"SDN","adm0_name":"Sudan","adm1_pcode":"SD15","adm1_name":"Aj Jazirah","adm2_pcode":"SD15034","adm2_name":"Al Hasahisa","adm3_pcode":null,"adm3_name":null,"adm4_pcode":null,"adm4_name":null,"name_latin":null},"geometry":{"type":"Polygon","coordinates":[[[33.3563579,14.6897984],[33.3563573,14.689762],[33.3564016,14.6897613],[33.3564022,14.6897977],[33.3563579,14.6897984]]]}},{"type":"Feature","properties":{"id":"way/1103036589","name":null,"name_en":null,"name_ar":null,"amenity":"school","building":null,"operator_type":null,"capacity_persons":null,"addr_full":null,"addr_city":null,"source":null,"adm0_pcode":"SDN","adm0_name":"Sudan","adm1_pcode":"SD15","adm1_name":"Aj Jazirah","adm2_pcode":"SD15034","adm2_name":"Al Hasahisa","adm3_pcode":null,"adm3_name":null,"adm4_pcode":null,"adm4_name":null,"name_latin":null},"geometry":{"type":"Polygon","coordinates":[[[33.3560498,14.6898397],[33.3562512,14.6898318],[33.3562489,14.6897768],[33.3560475,14.6897847],[33.3560498,14.6898397]]]}},{"type":"Feature","properties":{"id":"way/1103036588","name":null,"name_en":null,"name_ar":null,"amenity":"school","building":null,"operator_type":null,"capacity_persons":null,"addr_full":null,"addr_city":null,"source":null,"adm0_pcode":"SDN","adm0_name":"Sudan","adm1_pcode":"SD15","adm1_name":"Aj Jazirah","adm2_pcode":"SD15034","adm2_name":"Al Hasahisa","adm3_pcode":null,"adm3_name":null,"adm4_pcode":null,"adm4_name":null,"name_latin":null},"geometry":{"type":"Polygon","coordinates":[[[33.3557693,14.689869],[33.3557645,14.6898126],[33.3559614,14.6897968],[33.3559663,14.6898532],[33.3557693,14.689869]]]}},{"type":"Feature","properties":{"id":"way/1103036591","name":null,"name_en":null,"name_ar":null,"amenity":"school","building":null,"operator_type":null,"capacity_persons":null,"addr_full":null,"addr_city":null,"source":null,"adm0_pcode":"SDN","adm0_name":"Sudan","adm1_pcode":"SD15","adm1_name":"Aj Jazirah","adm2_pcode":"SD15034","adm2_name":"Al Hasahisa","adm3_pcode":null,"adm3_name":null,"adm4_pcode":null,"adm4_name":null,"name_latin":null},"geometry":{"type":"Polygon","coordinates":[[[33.3557869,14.6902161],[33.355818,14.6902119],[33.3558218,14.690228],[33.3563202,14.6901538],[33.3563164,14.69013],[33.3564666,14.6901087],[33.3564199,14.6897574],[33.3557537,14.6897994],[33.3557869,14.6902161]]]}},{"type":"Feature","properties":{"id":"way/1103036587","name":null,"name_en":null,"name_ar":null,"amenity":"school","building":null,"operator_type":null,"capacity_persons":null,"addr_full":null,"addr_city":null,"source":null,"adm0_pcode":"SDN","adm0_name":"Sudan","adm1_pcode":"SD15","adm1_name":"Aj Jazirah","adm2_pcode":"SD15034","adm2_name":"Al Hasahisa","adm3_pcode":null,"adm3_name":null,"adm4_pcode":null,"adm4_name":null,"name_latin":null},"geometry":{"type":"Polygon","coordinates":[[[33.3561105,14.6901727],[33.3561034,14.6901161],[33.3563041,14.6900925],[33.3563112,14.6901491],[33.3561105,14.6901727]]]}},{"type":"Feature","properties":{"id":"way/1103036586","name":null,"name_en":null,"name_ar":null,"amenity":"school","building":null,"operator_type":null,"capacity_persons":null,"addr_full":null,"addr_city":null,"source":null,"adm0_pcode":"SDN","adm0_name":"Sudan","adm1_pcode":"SD15","adm1_name":"Aj Jazirah","adm2_pcode":"SD15034","adm2_name":"Al Hasahisa","adm3_pcode":null,"adm3_name":null,"adm4_pcode":null,"adm4_name":null,"name_latin":null},"geometry":{"type":"Polygon","coordinates":[[[33.3558256,14.6902193],[33.3558163,14.6901638],[33.3560384,14.690129],[33.3560477,14.6901845],[33.3558256,14.6902193]]]}},{"type":"Feature","properties":{"id":"way/1101192157","name":null,"name_en":null,"name_ar":null,"amenity":null,"building":"school","operator_type":null,"capacity_persons":null,"addr_full":null,"addr_city":null,"source":null,"adm0_pcode":"SDN","adm0_name":"Sudan","adm1_pcode":"SD15","adm1_name":"Aj Jazirah","adm2_pcode":"SD15033","adm2_name":"Sharg Al Jazirah","adm3_pcode":null,"adm3_name":null,"adm4_pcode":null,"adm4_name":null,"name_latin":null},"geometry":{"type":"Polygon","coordinates":[[[33.4226549,14.7131363],[33.4226654,14.7131125],[33.422439,14.7130188],[33.4224576,14.7129769],[33.4227273,14.7130885],[33.4226982,14.7131542],[33.4226549,14.7131363]]]}},{"type":"Feature","properties":{"id":"way/1101192158","name":null,"name_en":null,"name_ar":null,"amenity":"school","building":null,"operator_type":null,"capacity_persons":null,"addr_full":null,"addr_city":null,"source":null,"adm0_pcode":"SDN","adm0_name":"Sudan","adm1_pcode":"SD15","adm1_name":"Aj Jazirah","adm2_pcode":"SD15033","adm2_name":"Sharg Al Jazirah","adm3_pcode":null,"adm3_name":null,"adm4_pcode":null,"adm4_name":null,"name_latin":null},"geometry":{"type":"Polygon","coordinates":[[[33.4225478,14.7134009],[33.4224305,14.7136381],[33.4221873,14.7135279],[33.4220168,14.7136808],[33.4218131,14.7136259],[33.4221801,14.7126494],[33.4225523,14.7126818],[33.4224903,14.712977],[33.4227341,14.7130799],[33.42263,14.7133195],[33.4226367,14.7133229],[33.4225951,14.7134038],[33.4225478,14.7134009]]]}},{"type":"Feature","properties":{"id":"way/1101192156","name":null,"name_en":null,"name_ar":null,"amenity":null,"building":"school","operator_type":null,"capacity_persons":null,"addr_full":null,"addr_city":null,"source":null,"adm0_pcode":"SDN","adm0_name":"Sudan","adm1_pcode":"SD15","adm1_name":"Aj Jazirah","adm2_pcode":"SD15033","adm2_name":"Sharg Al Jazirah","adm3_pcode":null,"adm3_name":null,"adm4_pcode":null,"adm4_name":null,"name_latin":null},"geometry":{"type":"Polygon","coordinates":[[[33.4225514,14.7133786],[33.422593,14.7133961],[33.422624,14.7133272],[33.4225824,14.7133097],[33.4225514,14.7133786]]]}},{"type":"Feature","properties":{"id":"way/1101192155","name":null,"name_en":null,"name_ar":null,"amenity":null,"building":"school","operator_type":null,"capacity_persons":null,"addr_full":null,"addr_city":null,"source":null,"adm0_pcode":"SDN","adm0_name":"Sudan","adm1_pcode":"SD15","adm1_name":"Aj Jazirah","adm2_pcode":"SD15033","adm2_name":"Sharg Al Jazirah","adm3_pcode":null,"adm3_name":null,"adm4_pcode":null,"adm4_name":null,"name_latin":null},"geometry":{"type":"Polygon","coordinates":[[[33.4222178,14.7135188],[33.4222452,14.7134668],[33.4224562,14.7135708],[33.4224288,14.7136228],[33.4222178,14.7135188]]]}},{"type":"Feature","properties":{"id":"way/1101804467","name":null,"name_en":null,"name_ar":null,"amenity":null,"building":"school","operator_type":null,"capacity_persons":null,"addr_full":null,"addr_city":null,"source":null,"adm0_pcode":"SDN","adm0_name":"Sudan","adm1_pcode":"SD15","adm1_name":"Aj Jazirah","adm2_pcode":"SD15034","adm2_name":"Al Hasahisa","adm3_pcode":null,"adm3_name":null,"adm4_pcode":null,"adm4_name":null,"name_latin":null},"geometry":{"type":"Polygon","coordinates":[[[33.3015785,14.7160092],[33.3019519,14.7161146],[33.3019665,14.7160665],[33.3015931,14.715961],[33.3015785,14.7160092]]]}},{"type":"Feature","properties":{"id":"way/1101804466","name":null,"name_en":null,"name_ar":null,"amenity":null,"building":"school","operator_type":null,"capacity_persons":null,"addr_full":null,"addr_city":null,"source":null,"adm0_pcode":"SDN","adm0_name":"Sudan","adm1_pcode":"SD15","adm1_name":"Aj Jazirah","adm2_pcode":"SD15034","adm2_name":"Al Hasahisa","adm3_pcode":null,"adm3_name":null,"adm4_pcode":null,"adm4_name":null,"name_latin":null},"geometry":{"type":"Polygon","coordinates":[[[33.3014466,14.7164023],[33.3019067,14.7165221],[33.3019279,14.7164622],[33.3014661,14.716351],[33.3014466,14.7164023]]]}},{"type":"Feature","properties":{"id":"way/1101500224","name":null,"name_en":null,"name_ar":null,"amenity":null,"building":"school","operator_type":null,"capacity_persons":null,"addr_full":null,"addr_city":null,"source":null,"adm0_pcode":"SDN","adm0_name":"Sudan","adm1_pcode":"SD15","adm1_name":"Aj Jazirah","adm2_pcode":"SD15033","adm2_name":"Sharg Al Jazirah","adm3_pcode":null,"adm3_name":null,"adm4_pcode":null,"adm4_name":null,"name_latin":null},"geometry":{"type":"Polygon","coordinates":[[[33.429643,14.718231],[33.4299326,14.7182816],[33.4299449,14.718234],[33.4296507,14.7181758],[33.429643,14.718231]]]}},{"type":"Feature","properties":{"id":"way/1101500222","name":null,"name_en":null,"name_ar":null,"amenity":"school","building":null,"operator_type":null,"capacity_persons":null,"addr_full":null,"addr_city":null,"source":null,"adm0_pcode":"SDN","adm0_name":"Sudan","adm1_pcode":"SD15","adm1_name":"Aj Jazirah","adm2_pcode":"SD15033","adm2_name":"Sharg Al Jazirah","adm3_pcode":null,"adm3_name":null,"adm4_pcode":null,"adm4_name":null,"name_latin":null},"geometry":{"type":"Polygon","coordinates":[[[33.4290721,14.7185814],[33.4291352,14.7186404],[33.4292592,14.7186325],[33.4298608,14.7186227],[33.4300316,14.7185519],[33.4301251,14.7181095],[33.4294787,14.717907],[33.4290721,14.7185814]]]}},{"type":"Feature","properties":{"id":"way/1101500223","name":null,"name_en":null,"name_ar":null,"amenity":null,"building":"school","operator_type":null,"capacity_persons":null,"addr_full":null,"addr_city":null,"source":null,"adm0_pcode":"SDN","adm0_name":"Sudan","adm1_pcode":"SD15","adm1_name":"Aj Jazirah","adm2_pcode":"SD15033","adm2_name":"Sharg Al Jazirah","adm3_pcode":null,"adm3_name":null,"adm4_pcode":null,"adm4_name":null,"name_latin":null},"geometry":{"type":"Polygon","coordinates":[[[33.4293441,14.7183651],[33.4295305,14.7184113],[33.4295598,14.7183487],[33.4293672,14.718307],[33.4293441,14.7183651]]]}},{"type":"Feature","properties":{"id":"way/1101500225","name":null,"name_en":null,"name_ar":null,"amenity":null,"building":"school","operator_type":null,"capacity_persons":null,"addr_full":null,"addr_city":null,"source":null,"adm0_pcode":"SDN","adm0_name":"Sudan","adm1_pcode":"SD15","adm1_name":"Aj Jazirah","adm2_pcode":"SD15033","adm2_name":"Sharg Al Jazirah","adm3_pcode":null,"adm3_name":null,"adm4_pcode":null,"adm4_name":null,"name_latin":null},"geometry":{"type":"Polygon","coordinates":[[[33.4296984,14.7185766],[33.4298571,14.718605],[33.4298771,14.7185528],[33.4297138,14.7185215],[33.4296984,14.7185766]]]}},{"type":"Feature","properties":{"id":"way/730132829","name":"مدرسة اليرموك الاساسية بنات","name_en":null,"name_ar":"مدرسة اليرموك الاساسية بنات","amenity":"school","building":null,"operator_type":null,"capacity_persons":null,"addr_full":null,"addr_city":null,"source":null,"adm0_pcode":"SDN","adm0_name":"Sudan","adm1_pcode":"SD15","adm1_name":"Aj Jazirah","adm2_pcode":"SD15034","adm2_name":"Al Hasahisa","adm3_pcode":null,"adm3_name":null,"adm4_pcode":null,"adm4_name":null,"name_latin":"mdrs@ lyrmwk lssy@ bnt"},"geometry":{"type":"Polygon","coordinates":[[[33.3151001,14.7196202],[33.3143843,14.7194348],[33.3145127,14.7189712],[33.3152284,14.7191567],[33.3151001,14.7196202]]]}},{"type":"Feature","properties":{"id":"way/730132830","name":"مدرسة الشهيد محمد الطاهر محمود بنين","name_en":null,"name_ar":"مدرسة الشهيد محمد الطاهر محمود بنين","amenity":"school","building":null,"operator_type":null,"capacity_persons":null,"addr_full":null,"addr_city":"الحصاحيصا","source":null,"adm0_pcode":"SDN","adm0_name":"Sudan","adm1_pcode":"SD15","adm1_name":"Aj Jazirah","adm2_pcode":"SD15034","adm2_name":"Al Hasahisa","adm3_pcode":null,"adm3_name":null,"adm4_pcode":null,"adm4_name":null,"name_latin":"mdrs@ lshhyd mHmd lThr mHmwd bnyn"},"geometry":{"type":"Polygon","coordinates":[[[33.3145737,14.7195707],[33.3139,14.7194859],[33.3138365,14.7199578],[33.3145103,14.7200425],[33.3145737,14.7195707]]]}},{"type":"Feature","properties":{"id":"way/1104037299","name":null,"name_en":null,"name_ar":null,"amenity":"school","building":null,"operator_type":null,"capacity_persons":null,"addr_full":null,"addr_city":null,"source":null,"adm0_pcode":"SDN","adm0_name":"Sudan","adm1_pcode":"SD15","adm1_name":"Aj Jazirah","adm2_pcode":"SD15033","adm2_name":"Sharg Al Jazirah","adm3_pcode":null,"adm3_name":null,"adm4_pcode":null,"adm4_name":null,"name_latin":null},"geometry":{"type":"Polygon","coordinates":[[[33.4784859,14.7228552],[33.4783473,14.7227867],[33.4783714,14.722741],[33.47851,14.7228095],[33.4784859,14.7228552]]]}},{"type":"Feature","properties":{"id":"way/1104037298","name":null,"name_en":null,"name_ar":null,"amenity":"school","building":null,"operator_type":null,"capacity_persons":null,"addr_full":null,"addr_city":null,"source":null,"adm0_pcode":"SDN","adm0_name":"Sudan","adm1_pcode":"SD15","adm1_name":"Aj Jazirah","adm2_pcode":"SD15033","adm2_name":"Sharg Al Jazirah","adm3_pcode":null,"adm3_name":null,"adm4_pcode":null,"adm4_name":null,"name_latin":null},"geometry":{"type":"Polygon","coordinates":[[[33.4787525,14.7229907],[33.4785526,14.7228954],[33.4785759,14.7228496],[33.4787759,14.7229448],[33.4787525,14.7229907]]]}},{"type":"Feature","properties":{"id":"way/1104037301","name":null,"name_en":null,"name_ar":null,"amenity":"school","building":null,"operator_type":null,"capacity_persons":null,"addr_full":null,"addr_city":null,"source":null,"adm0_pcode":"SDN","adm0_name":"Sudan","adm1_pcode":"SD15","adm1_name":"Aj Jazirah","adm2_pcode":"SD15033","adm2_name":"Sharg Al Jazirah","adm3_pcode":null,"adm3_name":null,"adm4_pcode":null,"adm4_name":null,"name_latin":null},"geometry":{"type":"Polygon","coordinates":[[[33.477997,14.7230431],[33.4782892,14.7225252],[33.4788885,14.7228415],[33.4785975,14.7233681],[33.477997,14.7230431]]]}},{"type":"Feature","properties":{"id":"way/1104037300","name":null,"name_en":null,"name_ar":null,"amenity":"school","building":null,"operator_type":null,"capacity_persons":null,"addr_full":null,"addr_city":null,"source":null,"adm0_pcode":"SDN","adm0_name":"Sudan","adm1_pcode":"SD15","adm1_name":"Aj Jazirah","adm2_pcode":"SD15033","adm2_name":"Sharg Al Jazirah","adm3_pcode":null,"adm3_name":null,"adm4_pcode":null,"adm4_name":null,"name_latin":null},"geometry":{"type":"Polygon","coordinates":[[[33.4785546,14.7230944],[33.4786147,14.7229891],[33.4786713,14.7230194],[33.4786112,14.7231246],[33.4785546,14.7230944]]]}},{"type":"Feature","properties":{"id":"way/1104037297","name":null,"name_en":null,"name_ar":null,"amenity":"school","building":null,"operator_type":null,"capacity_persons":null,"addr_full":null,"addr_city":null,"source":null,"adm0_pcode":"SDN","adm0_name":"Sudan","adm1_pcode":"SD15","adm1_name":"Aj Jazirah","adm2_pcode":"SD15033","adm2_name":"Sharg Al Jazirah","adm3_pcode":null,"adm3_name":null,"adm4_pcode":null,"adm4_name":null,"name_latin":null},"geometry":{"type":"Polygon","coordinates":[[[33.4785672,14.7232891],[33.4781832,14.7230855],[33.4782115,14.7230355],[33.4785956,14.7232391],[33.4785672,14.7232891]]]}},{"type":"Feature","properties":{"id":"way/1104037302","name":null,"name_en":null,"name_ar":null,"amenity":"school","building":null,"operator_type":null,"capacity_persons":null,"addr_full":null,"addr_city":null,"source":null,"adm0_pcode":"SDN","adm0_name":"Sudan","adm1_pcode":"SD15","adm1_name":"Aj Jazirah","adm2_pcode":"SD15033","adm2_name":"Sharg Al Jazirah","adm3_pcode":null,"adm3_name":null,"adm4_pcode":null,"adm4_name":null,"name_latin":null},"geometry":{"type":"Polygon","coordinates":[[[33.4785712,14.7233454],[33.4785901,14.7233106],[33.478614,14.7233228],[33.4785951,14.7233576],[33.4785712,14.7233454]]]}},{"type":"Feature","properties":{"id":"way/1101369844","name":null,"name_en":null,"name_ar":null,"amenity":null,"building":"school","operator_type":null,"capacity_persons":null,"addr_full":null,"addr_city":null,"source":null,"adm0_pcode":"SDN","adm0_name":"Sudan","adm1_pcode":"SD15","adm1_name":"Aj Jazirah","adm2_pcode":"SD15033","adm2_name":"Sharg Al Jazirah","adm3_pcode":null,"adm3_name":null,"adm4_pcode":null,"adm4_name":null,"name_latin":null},"geometry":{"type":"Polygon","coordinates":[[[33.4773372,14.7237527],[33.4775968,14.7238402],[33.4776136,14.7237934],[33.477354,14.7237059],[33.4773372,14.7237527]]]}},{"type":"Feature","properties":{"id":"way/1101369843","name":null,"name_en":null,"name_ar":null,"amenity":null,"building":"school","operator_type":null,"capacity_persons":null,"addr_full":null,"addr_city":null,"source":null,"adm0_pcode":"SDN","adm0_name":"Sudan","adm1_pcode":"SD15","adm1_name":"Aj Jazirah","adm2_pcode":"SD15033","adm2_name":"Sharg Al Jazirah","adm3_pcode":null,"adm3_name":null,"adm4_pcode":null,"adm4_name":null,"name_latin":null},"geometry":{"type":"Polygon","coordinates":[[[33.477066,14.7239346],[33.4770928,14.7238576],[33.4771398,14.7238729],[33.477113,14.7239499],[33.477066,14.7239346]]]}},{"type":"Feature","properties":{"id":"way/1101369846","name":null,"name_en":null,"name_ar":null,"amenity":"school","building":null,"operator_type":null,"capacity_persons":null,"addr_full":null,"addr_city":null,"source":null,"adm0_pcode":"SDN","adm0_name":"Sudan","adm1_pcode":"SD15","adm1_name":"Aj Jazirah","adm2_pcode":"SD15033","adm2_name":"Sharg Al Jazirah","adm3_pcode":null,"adm3_name":null,"adm4_pcode":null,"adm4_name":null,"name_latin":null},"geometry":{"type":"Polygon","coordinates":[[[33.4769974,14.7241251],[33.4771548,14.7235757],[33.4776592,14.7237572],[33.4777017,14.7238085],[33.4775335,14.7242911],[33.4769974,14.7241251]]]}},{"type":"Feature","properties":{"id":"way/1101369842","name":null,"name_en":null,"name_ar":null,"amenity":null,"building":"school","operator_type":null,"capacity_persons":null,"addr_full":null,"addr_city":null,"source":null,"adm0_pcode":"SDN","adm0_name":"Sudan","adm1_pcode":"SD15","adm1_name":"Aj Jazirah","adm2_pcode":"SD15033","adm2_name":"Sharg Al Jazirah","adm3_pcode":null,"adm3_name":null,"adm4_pcode":null,"adm4_name":null,"name_latin":null},"geometry":{"type":"Polygon","coordinates":[[[33.4770894,14.7240567],[33.4774552,14.7241742],[33.4774717,14.7241259],[33.477106,14.7240085],[33.4770894,14.7240567]]]}},{"type":"Feature","properties":{"id":"way/1101369845","name":null,"name_en":null,"name_ar":null,"amenity":null,"building":"school","operator_type":null,"capacity_persons":null,"addr_full":null,"addr_city":null,"source":null,"adm0_pcode":"SDN","adm0_name":"Sudan","adm1_pcode":"SD15","adm1_name":"Aj Jazirah","adm2_pcode":"SD15033","adm2_name":"Sharg Al Jazirah","adm3_pcode":null,"adm3_name":null,"adm4_pcode":null,"adm4_name":null,"name_latin":null},"geometry":{"type":"Polygon","coordinates":[[[33.4775028,14.7241964],[33.4775169,14.7241517],[33.4775546,14.7241629],[33.4775405,14.7242075],[33.4775028,14.7241964]]]}},{"type":"Feature","properties":{"id":"way/738864982","name":"جامعة الجزيرة كلية التربية","name_en":null,"name_ar":null,"amenity":"college","building":null,"operator_type":null,"capacity_persons":null,"addr_full":null,"addr_city":null,"source":null,"adm0_pcode":"SDN","adm0_name":"Sudan","adm1_pcode":"SD15","adm1_name":"Aj Jazirah","adm2_pcode":"SD15034","adm2_name":"Al Hasahisa","adm3_pcode":null,"adm3_name":null,"adm4_pcode":null,"adm4_name":null,"name_latin":"jm`@ ljzyr@ kly@ ltrby@"},"geometry":{"type":"Polygon","coordinates":[[[33.3004865,14.726595],[33.2975744,14.7256681],[33.2985234,14.7228798],[33.301435,14.7238065],[33.3004865,14.726595]]]}},{"type":"Feature","properties":{"id":"node/4343744989","name":"A.A.Taha.secondary school","name_en":null,"name_ar":null,"amenity":"school","building":null,"operator_type":null,"capacity_persons":null,"addr_full":null,"addr_city":null,"source":null,"adm0_pcode":"SDN","adm0_name":"Sudan","adm1_pcode":"SD15","adm1_name":"Aj Jazirah","adm2_pcode":"SD15034","adm2_name":"Al Hasahisa","adm3_pcode":null,"adm3_name":null,"adm4_pcode":null,"adm4_name":null,"name_latin":"A.A.Taha.secondary school"},"geometry":{"type":"Point","coordinates":[33.3512292,14.7253642]}},{"type":"Feature","properties":{"id":"way/730151298","name":"مدرسة الطبري الثانوية بنين","name_en":null,"name_ar":null,"amenity":"school","building":null,"operator_type":null,"capacity_persons":null,"addr_full":null,"addr_city":null,"source":null,"adm0_pcode":"SDN","adm0_name":"Sudan","adm1_pcode":"SD15","adm1_name":"Aj Jazirah","adm2_pcode":"SD15034","adm2_name":"Al Hasahisa","adm3_pcode":null,"adm3_name":null,"adm4_pcode":null,"adm4_name":null,"name_latin":"mdrs@ lTbry lthnwy@ bnyn"},"geometry":{"type":"Polygon","coordinates":[[[33.3027263,14.7264812],[33.3009701,14.7259502],[33.3005145,14.7275536],[33.3022434,14.7279189],[33.3027263,14.7264812]]]}},{"type":"Feature","properties":{"id":"way/730151299","name":"مدرسة بن خلدون الثانوية بنين","name_en":null,"name_ar":null,"amenity":"school","building":null,"operator_type":null,"capacity_persons":null,"addr_full":null,"addr_city":null,"source":null,"adm0_pcode":"SDN","adm0_name":"Sudan","adm1_pcode":"SD15","adm1_name":"Aj Jazirah","adm2_pcode":"SD15034","adm2_name":"Al Hasahisa","adm3_pcode":null,"adm3_name":null,"adm4_pcode":null,"adm4_name":null,"name_latin":"mdrs@ bn khldwn lthnwy@ bnyn"},"geometry":{"type":"Polygon","coordinates":[[[33.2997675,14.731727],[33.2989692,14.7311885],[33.2985448,14.7323672],[33.2990237,14.7327024],[33.2997675,14.731727]]]}},{"type":"Feature","properties":{"id":"way/1101958859","name":null,"name_en":null,"name_ar":null,"amenity":null,"building":"school","operator_type":null,"capacity_persons":null,"addr_full":null,"addr_city":null,"source":null,"adm0_pcode":"SDN","adm0_name":"Sudan","adm1_pcode":"SD15","adm1_name":"Aj Jazirah","adm2_pcode":"SD15033","adm2_name":"Sharg Al Jazirah","adm3_pcode":null,"adm3_name":null,"adm4_pcode":null,"adm4_name":null,"name_latin":null},"geometry":{"type":"Polygon","coordinates":[[[33.3251837,14.7442093],[33.3254412,14.744269],[33.3254573,14.7442119],[33.3252025,14.7441575],[33.3251837,14.7442093]]]}},{"type":"Feature","properties":{"id":"way/1101958858","name":null,"name_en":null,"name_ar":null,"amenity":null,"building":"school","operator_type":null,"capacity_persons":null,"addr_full":null,"addr_city":null,"source":null,"adm0_pcode":"SDN","adm0_name":"Sudan","adm1_pcode":"SD15","adm1_name":"Aj Jazirah","adm2_pcode":"SD15033","adm2_name":"Sharg Al Jazirah","adm3_pcode":null,"adm3_name":null,"adm4_pcode":null,"adm4_name":null,"name_latin":null},"geometry":{"type":"Polygon","coordinates":[[[33.3254734,14.7443909],[33.325806,14.7444194],[33.3258167,14.7443416],[33.3254868,14.7443235],[33.3254734,14.7443909]]]}},{"type":"Feature","properties":{"id":"way/1101958857","name":null,"name_en":null,"name_ar":null,"amenity":null,"building":"school","operator_type":null,"capacity_persons":null,"addr_full":null,"addr_city":null,"source":null,"adm0_pcode":"SDN","adm0_name":"Sudan","adm1_pcode":"SD15","adm1_name":"Aj Jazirah","adm2_pcode":"SD15033","adm2_name":"Sharg Al Jazirah","adm3_pcode":null,"adm3_name":null,"adm4_pcode":null,"adm4_name":null,"name_latin":null},"geometry":{"type":"Polygon","coordinates":[[[33.32546,14.7445673],[33.3257496,14.7445958],[33.325755,14.7445388],[33.3254626,14.7445102],[33.32546,14.7445673]]]}},{"type":"Feature","properties":{"id":"way/1101958856","name":null,"name_en":null,"name_ar":null,"amenity":null,"building":"school","operator_type":null,"capacity_persons":null,"addr_full":null,"addr_city":null,"source":null,"adm0_pcode":"SDN","adm0_name":"Sudan","adm1_pcode":"SD15","adm1_name":"Aj Jazirah","adm2_pcode":"SD15033","adm2_name":"Sharg Al Jazirah","adm3_pcode":null,"adm3_name":null,"adm4_pcode":null,"adm4_name":null,"name_latin":null},"geometry":{"type":"Polygon","coordinates":[[[33.3250844,14.7446788],[33.3254305,14.7447177],[33.3254492,14.7446685],[33.3250925,14.7446244],[33.3250844,14.7446788]]]}},{"type":"Feature","properties":{"id":"way/1101387195","name":null,"name_en":null,"name_ar":null,"amenity":null,"building":"school","operator_type":null,"capacity_persons":null,"addr_full":null,"addr_city":null,"source":null,"adm0_pcode":"SDN","adm0_name":"Sudan","adm1_pcode":"SD15","adm1_name":"Aj Jazirah","adm2_pcode":"SD15033","adm2_name":"Sharg Al Jazirah","adm3_pcode":null,"adm3_name":null,"adm4_pcode":null,"adm4_name":null,"name_latin":null},"geometry":{"type":"Polygon","coordinates":[[[33.4069821,14.7466178],[33.4069902,14.7465589],[33.4071209,14.7465756],[33.4071128,14.7466346],[33.4069821,14.7466178]]]}},{"type":"Feature","properties":{"id":"way/1101387196","name":null,"name_en":null,"name_ar":null,"amenity":null,"building":"school","operator_type":null,"capacity_persons":null,"addr_full":null,"addr_city":null,"source":null,"adm0_pcode":"SDN","adm0_name":"Sudan","adm1_pcode":"SD15","adm1_name":"Aj Jazirah","adm2_pcode":"SD15033","adm2_name":"Sharg Al Jazirah","adm3_pcode":null,"adm3_name":null,"adm4_pcode":null,"adm4_name":null,"name_latin":null},"geometry":{"type":"Polygon","coordinates":[[[33.407135,14.7466306],[33.4071975,14.7466389],[33.4072057,14.7465813],[33.4071432,14.746573],[33.407135,14.7466306]]]}},{"type":"Feature","properties":{"id":"way/1101387197","name":null,"name_en":null,"name_ar":null,"amenity":null,"building":"school","operator_type":null,"capacity_persons":null,"addr_full":null,"addr_city":null,"source":null,"adm0_pcode":"SDN","adm0_name":"Sudan","adm1_pcode":"SD15","adm1_name":"Aj Jazirah","adm2_pcode":"SD15033","adm2_name":"Sharg Al Jazirah","adm3_pcode":null,"adm3_name":null,"adm4_pcode":null,"adm4_name":null,"name_latin":null},"geometry":{"type":"Polygon","coordinates":[[[33.4072041,14.7466535],[33.4072176,14.746601],[33.4074938,14.7466676],[33.4074802,14.7467201],[33.4072041,14.7466535]]]}},{"type":"Feature","properties":{"id":"way/1101387198","name":null,"name_en":null,"name_ar":null,"amenity":"school","building":null,"operator_type":null,"capacity_persons":null,"addr_full":null,"addr_city":null,"source":null,"adm0_pcode":"SDN","adm0_name":"Sudan","adm1_pcode":"SD15","adm1_name":"Aj Jazirah","adm2_pcode":"SD15033","adm2_name":"Sharg Al Jazirah","adm3_pcode":null,"adm3_name":null,"adm4_pcode":null,"adm4_name":null,"name_latin":null},"geometry":{"type":"Polygon","coordinates":[[[33.4067687,14.747037],[33.4068412,14.7462724],[33.4075951,14.7463391],[33.4075226,14.7471038],[33.4067687,14.747037]]]}},{"type":"Feature","properties":{"id":"way/1101387193","name":null,"name_en":null,"name_ar":null,"amenity":null,"building":"school","operator_type":null,"capacity_persons":null,"addr_full":null,"addr_city":null,"source":null,"adm0_pcode":"SDN","adm0_name":"Sudan","adm1_pcode":"SD15","adm1_name":"Aj Jazirah","adm2_pcode":"SD15033","adm2_name":"Sharg Al Jazirah","adm3_pcode":null,"adm3_name":null,"adm4_pcode":null,"adm4_name":null,"name_latin":null},"geometry":{"type":"Polygon","coordinates":[[[33.4069458,14.7469647],[33.4069509,14.746901],[33.407083,14.7469108],[33.4070779,14.7469746],[33.4069458,14.7469647]]]}},{"type":"Feature","properties":{"id":"way/1101387194","name":null,"name_en":null,"name_ar":null,"amenity":null,"building":"school","operator_type":null,"capacity_persons":null,"addr_full":null,"addr_city":null,"source":null,"adm0_pcode":"SDN","adm0_name":"Sudan","adm1_pcode":"SD15","adm1_name":"Aj Jazirah","adm2_pcode":"SD15033","adm2_name":"Sharg Al Jazirah","adm3_pcode":null,"adm3_name":null,"adm4_pcode":null,"adm4_name":null,"name_latin":null},"geometry":{"type":"Polygon","coordinates":[[[33.4071702,14.7470044],[33.40726,14.7470193],[33.4072578,14.7470318],[33.4074134,14.7470576],[33.4074228,14.7470045],[33.4071774,14.7469638],[33.4071702,14.7470044]]]}},{"type":"Feature","properties":{"id":"way/1104102185","name":null,"name_en":null,"name_ar":null,"amenity":"school","building":null,"operator_type":null,"capacity_persons":null,"addr_full":null,"addr_city":null,"source":null,"adm0_pcode":"SDN","adm0_name":"Sudan","adm1_pcode":"SD15","adm1_name":"Aj Jazirah","adm2_pcode":"SD15034","adm2_name":"Al Hasahisa","adm3_pcode":null,"adm3_name":null,"adm4_pcode":null,"adm4_name":null,"name_latin":null},"geometry":{"type":"Polygon","coordinates":[[[33.2454933,14.7474433],[33.2454381,14.7474258],[33.2454512,14.7473873],[33.2455063,14.7474048],[33.2454933,14.7474433]]]}},{"type":"Feature","properties":{"id":"way/1104102184","name":null,"name_en":null,"name_ar":null,"amenity":"school","building":null,"operator_type":null,"capacity_persons":null,"addr_full":null,"addr_city":null,"source":null,"adm0_pcode":"SDN","adm0_name":"Sudan","adm1_pcode":"SD15","adm1_name":"Aj Jazirah","adm2_pcode":"SD15034","adm2_name":"Al Hasahisa","adm3_pcode":null,"adm3_name":null,"adm4_pcode":null,"adm4_name":null,"name_latin":null},"geometry":{"type":"Polygon","coordinates":[[[33.2458961,14.7475848],[33.2454968,14.7474606],[33.2455155,14.7474117],[33.2459334,14.7475352],[33.2459529,14.7475788],[33.2459412,14.747627],[33.2458852,14.7476127],[33.2458961,14.7475848]]]}},{"type":"Feature","properties":{"id":"way/1104102186","name":null,"name_en":null,"name_ar":null,"amenity":"school","building":null,"operator_type":null,"capacity_persons":null,"addr_full":null,"addr_city":null,"source":null,"adm0_pcode":"SDN","adm0_name":"Sudan","adm1_pcode":"SD15","adm1_name":"Aj Jazirah","adm2_pcode":"SD15034","adm2_name":"Al Hasahisa","adm3_pcode":null,"adm3_name":null,"adm4_pcode":null,"adm4_name":null,"name_latin":null},"geometry":{"type":"Polygon","coordinates":[[[33.245403,14.7477394],[33.24542,14.7476885],[33.2456455,14.7477591],[33.2456362,14.7477867],[33.2456731,14.7477983],[33.2456822,14.7477711],[33.2458699,14.7478299],[33.2458529,14.7478804],[33.245403,14.7477394]]]}},{"type":"Feature","properties":{"id":"way/1104102188","name":null,"name_en":null,"name_ar":null,"amenity":"school","building":null,"operator_type":null,"capacity_persons":null,"addr_full":null,"addr_city":null,"source":null,"adm0_pcode":"SDN","adm0_name":"Sudan","adm1_pcode":"SD15","adm1_name":"Aj Jazirah","adm2_pcode":"SD15034","adm2_name":"Al Hasahisa","adm3_pcode":null,"adm3_name":null,"adm4_pcode":null,"adm4_name":null,"name_latin":null},"geometry":{"type":"Polygon","coordinates":[[[33.245461,14.7478372],[33.2453819,14.7478064],[33.245365,14.747847],[33.2454441,14.7478777],[33.245461,14.7478372]]]}},{"type":"Feature","properties":{"id":"way/1104102187","name":null,"name_en":null,"name_ar":null,"amenity":"school","building":null,"operator_type":null,"capacity_persons":null,"addr_full":null,"addr_city":null,"source":null,"adm0_pcode":"SDN","adm0_name":"Sudan","adm1_pcode":"SD15","adm1_name":"Aj Jazirah","adm2_pcode":"SD15034","adm2_name":"Al Hasahisa","adm3_pcode":null,"adm3_name":null,"adm4_pcode":null,"adm4_name":null,"name_latin":null},"geometry":{"type":"Polygon","coordinates":[[[33.2456027,14.7478843],[33.2454711,14.7478367],[33.2454534,14.7478823],[33.245585,14.7479299],[33.2456027,14.7478843]]]}},{"type":"Feature","properties":{"id":"way/243121311","name":"Lutfi School","name_en":null,"name_ar":null,"amenity":"school","building":null,"operator_type":null,"capacity_persons":null,"addr_full":null,"addr_city":null,"source":null,"adm0_pcode":"SDN","adm0_name":"Sudan","adm1_pcode":"SD15","adm1_name":"Aj Jazirah","adm2_pcode":"SD15033","adm2_name":"Sharg Al Jazirah","adm3_pcode":null,"adm3_name":null,"adm4_pcode":null,"adm4_name":null,"name_latin":"Lutfi School"},"geometry":{"type":"Polygon","coordinates":[[[33.3467084,14.7624437],[33.3491331,14.7624074],[33.3491224,14.761344],[33.3478135,14.7613336],[33.3473736,14.7612662],[33.3466172,14.7610639],[33.3467084,14.7624437]]]}},{"type":"Feature","properties":{"id":"way/1101196533","name":null,"name_en":null,"name_ar":null,"amenity":"school","building":null,"operator_type":null,"capacity_persons":null,"addr_full":null,"addr_city":null,"source":null,"adm0_pcode":"SDN","adm0_name":"Sudan","adm1_pcode":"SD15","adm1_name":"Aj Jazirah","adm2_pcode":"SD15033","adm2_name":"Sharg Al Jazirah","adm3_pcode":null,"adm3_name":null,"adm4_pcode":null,"adm4_name":null,"name_latin":null},"geometry":{"type":"Polygon","coordinates":[[[33.3546095,14.7726121],[33.3546115,14.7725544],[33.3549025,14.7725583],[33.3549012,14.7726121],[33.3546095,14.7726121]]]}},{"type":"Feature","properties":{"id":"way/1101197186","name":null,"name_en":null,"name_ar":null,"amenity":"school","building":null,"operator_type":null,"capacity_persons":null,"addr_full":null,"addr_city":null,"source":null,"adm0_pcode":"SDN","adm0_name":"Sudan","adm1_pcode":"SD15","adm1_name":"Aj Jazirah","adm2_pcode":"SD15033","adm2_name":"Sharg Al Jazirah","adm3_pcode":null,"adm3_name":null,"adm4_pcode":null,"adm4_name":null,"name_latin":null},"geometry":{"type":"Polygon","coordinates":[[[33.3545945,14.7730132],[33.3545984,14.7729418],[33.3548799,14.7729564],[33.3548759,14.7730278],[33.3545945,14.7730132]]]}},{"type":"Feature","properties":{"id":"node/8096340117","name":"Faculty of Medicine University of Albutana","name_en":null,"name_ar":"كلية الطب جامعة البطانة","amenity":"college","building":null,"operator_type":null,"capacity_persons":null,"addr_full":null,"addr_city":null,"source":null,"adm0_pcode":"SDN","adm0_name":"Sudan","adm1_pcode":"SD15","adm1_name":"Aj Jazirah","adm2_pcode":"SD15033","adm2_name":"Sharg Al Jazirah","adm3_pcode":null,"adm3_name":null,"adm4_pcode":null,"adm4_name":null,"name_latin":"Faculty of Medicine University of Albutana"},"geometry":{"type":"Point","coordinates":[33.3547518,14.7743015]}},{"type":"Feature","properties":{"id":"way/1101717080","name":null,"name_en":null,"name_ar":null,"amenity":null,"building":"school","operator_type":null,"capacity_persons":null,"addr_full":null,"addr_city":null,"source":null,"adm0_pcode":"SDN","adm0_name":"Sudan","adm1_pcode":"SD15","adm1_name":"Aj Jazirah","adm2_pcode":"SD15033","adm2_name":"Sharg Al Jazirah","adm3_pcode":null,"adm3_name":null,"adm4_pcode":null,"adm4_name":null,"name_latin":null},"geometry":{"type":"Polygon","coordinates":[[[33.3429632,14.7746716],[33.3432274,14.7746378],[33.3432287,14.774573],[33.3429578,14.7746041],[33.3429632,14.7746716]]]}},{"type":"Feature","properties":{"id":"way/1101717082","name":null,"name_en":null,"name_ar":null,"amenity":null,"building":"school","operator_type":null,"capacity_persons":null,"addr_full":null,"addr_city":null,"source":null,"adm0_pcode":"SDN","adm0_name":"Sudan","adm1_pcode":"SD15","adm1_name":"Aj Jazirah","adm2_pcode":"SD15033","adm2_name":"Sharg Al Jazirah","adm3_pcode":null,"adm3_name":null,"adm4_pcode":null,"adm4_name":null,"name_latin":null},"geometry":{"type":"Polygon","coordinates":[[[33.3437276,14.7748388],[33.3440039,14.7748038],[33.3439945,14.7747545],[33.3437222,14.7747935],[33.3437276,14.7748388]]]}},{"type":"Feature","properties":{"id":"way/1101717081","name":null,"name_en":null,"name_ar":null,"amenity":null,"building":"school","operator_type":null,"capacity_persons":null,"addr_full":null,"addr_city":null,"source":null,"adm0_pcode":"SDN","adm0_name":"Sudan","adm1_pcode":"SD15","adm1_name":"Aj Jazirah","adm2_pcode":"SD15033","adm2_name":"Sharg Al Jazirah","adm3_pcode":null,"adm3_name":null,"adm4_pcode":null,"adm4_name":null,"name_latin":null},"geometry":{"type":"Polygon","coordinates":[[[33.3433548,14.7748881],[33.3436324,14.7748518],[33.3436324,14.7747935],[33.3433507,14.7748337],[33.3433548,14.7748881]]]}},{"type":"Feature","properties":{"id":"way/1101717079","name":null,"name_en":null,"name_ar":null,"amenity":null,"building":"school","operator_type":null,"capacity_persons":null,"addr_full":null,"addr_city":null,"source":null,"adm0_pcode":"SDN","adm0_name":"Sudan","adm1_pcode":"SD15","adm1_name":"Aj Jazirah","adm2_pcode":"SD15033","adm2_name":"Sharg Al Jazirah","adm3_pcode":null,"adm3_name":null,"adm4_pcode":null,"adm4_name":null,"name_latin":null},"geometry":{"type":"Polygon","coordinates":[[[33.3429776,14.7748849],[33.3432477,14.7748527],[33.3432553,14.7749123],[33.3429852,14.7749444],[33.3429776,14.7748849]]]}},{"type":"Feature","properties":{"id":"node/8096349617","name":"University of Albutana Faculty of Medicine","name_en":null,"name_ar":"جامعة البطانة كلية الطب","amenity":"college","building":null,"operator_type":null,"capacity_persons":null,"addr_full":null,"addr_city":null,"source":null,"adm0_pcode":"SDN","adm0_name":"Sudan","adm1_pcode":"SD15","adm1_name":"Aj Jazirah","adm2_pcode":"SD15033","adm2_name":"Sharg Al Jazirah","adm3_pcode":null,"adm3_name":null,"adm4_pcode":null,"adm4_name":null,"name_latin":"University of Albutana Faculty of Medicine"},"geometry":{"type":"Point","coordinates":[33.3533491,14.7754819]}},{"type":"Feature","properties":{"id":"way/1101199422","name":null,"name_en":null,"name_ar":null,"amenity":"school","building":null,"operator_type":null,"capacity_persons":null,"addr_full":null,"addr_city":null,"source":null,"adm0_pcode":"SDN","adm0_name":"Sudan","adm1_pcode":"SD15","adm1_name":"Aj Jazirah","adm2_pcode":"SD15033","adm2_name":"Sharg Al Jazirah","adm3_pcode":null,"adm3_name":null,"adm4_pcode":null,"adm4_name":null,"name_latin":null},"geometry":{"type":"Polygon","coordinates":[[[33.4872999,14.7867513],[33.4874924,14.7868184],[33.4875136,14.7867615],[33.4873211,14.7866944],[33.4872999,14.7867513]]]}},{"type":"Feature","properties":{"id":"way/1101199424","name":null,"name_en":null,"name_ar":null,"amenity":"school","building":null,"operator_type":null,"capacity_persons":null,"addr_full":null,"addr_city":null,"source":null,"adm0_pcode":"SDN","adm0_name":"Sudan","adm1_pcode":"SD15","adm1_name":"Aj Jazirah","adm2_pcode":"SD15033","adm2_name":"Sharg Al Jazirah","adm3_pcode":null,"adm3_name":null,"adm4_pcode":null,"adm4_name":null,"name_latin":null},"geometry":{"type":"Polygon","coordinates":[[[33.487707,14.7867932],[33.4877642,14.7868065],[33.4877733,14.7867701],[33.487716,14.7867569],[33.487707,14.7867932]]]}},{"type":"Feature","properties":{"id":"way/1101199421","name":null,"name_en":null,"name_ar":null,"amenity":"school","building":null,"operator_type":null,"capacity_persons":null,"addr_full":null,"addr_city":null,"source":null,"adm0_pcode":"SDN","adm0_name":"Sudan","adm1_pcode":"SD15","adm1_name":"Aj Jazirah","adm2_pcode":"SD15033","adm2_name":"Sharg Al Jazirah","adm3_pcode":null,"adm3_name":null,"adm4_pcode":null,"adm4_name":null,"name_latin":null},"geometry":{"type":"Polygon","coordinates":[[[33.4870529,14.7867868],[33.4872498,14.786853],[33.4872682,14.786802],[33.4870713,14.7867358],[33.4870529,14.7867868]]]}},{"type":"Feature","properties":{"id":"way/1101199423","name":null,"name_en":null,"name_ar":null,"amenity":"school","building":null,"operator_type":null,"capacity_persons":null,"addr_full":null,"addr_city":null,"source":null,"adm0_pcode":"SDN","adm0_name":"Sudan","adm1_pcode":"SD15","adm1_name":"Aj Jazirah","adm2_pcode":"SD15033","adm2_name":"Sharg Al Jazirah","adm3_pcode":null,"adm3_name":null,"adm4_pcode":null,"adm4_name":null,"name_latin":null},"geometry":{"type":"Polygon","coordinates":[[[33.487542,14.7868168],[33.4876188,14.7868391],[33.4876322,14.786796],[33.4875553,14.7867737],[33.487542,14.7868168]]]}},{"type":"Feature","properties":{"id":"way/1101199420","name":null,"name_en":null,"name_ar":null,"amenity":"school","building":null,"operator_type":null,"capacity_persons":null,"addr_full":null,"addr_city":null,"source":null,"adm0_pcode":"SDN","adm0_name":"Sudan","adm1_pcode":"SD15","adm1_name":"Aj Jazirah","adm2_pcode":"SD15033","adm2_name":"Sharg Al Jazirah","adm3_pcode":null,"adm3_name":null,"adm4_pcode":null,"adm4_name":null,"name_latin":null},"geometry":{"type":"Polygon","coordinates":[[[33.4871424,14.7869608],[33.487204,14.7869812],[33.4872204,14.786935],[33.4871588,14.7869146],[33.4871424,14.7869608]]]}},{"type":"Feature","properties":{"id":"way/1101199419","name":null,"name_en":null,"name_ar":null,"amenity":"school","building":null,"operator_type":null,"capacity_persons":null,"addr_full":null,"addr_city":null,"source":null,"adm0_pcode":"SDN","adm0_name":"Sudan","adm1_pcode":"SD15","adm1_name":"Aj Jazirah","adm2_pcode":"SD15033","adm2_name":"Sharg Al Jazirah","adm3_pcode":null,"adm3_name":null,"adm4_pcode":null,"adm4_name":null,"name_latin":null},"geometry":{"type":"Polygon","coordinates":[[[33.4872332,14.7869926],[33.4874368,14.7870585],[33.4874565,14.7870016],[33.4872529,14.7869357],[33.4872332,14.7869926]]]}},{"type":"Feature","properties":{"id":"node/5384994968","name":"مدرسة ام حريزات الابتدائية","name_en":null,"name_ar":null,"amenity":"school","building":null,"operator_type":null,"capacity_persons":null,"addr_full":null,"addr_city":null,"source":null,"adm0_pcode":"SDN","adm0_name":"Sudan","adm1_pcode":"SD15","adm1_name":"Aj Jazirah","adm2_pcode":"SD15033","adm2_name":"Sharg Al Jazirah","adm3_pcode":null,"adm3_name":null,"adm4_pcode":null,"adm4_name":null,"name_latin":"mdrs@ m Hryzt lbtdy'y@"},"geometry":{"type":"Point","coordinates":[33.451884,14.8111024]}},{"type":"Feature","properties":{"id":"way/1101346215","name":null,"name_en":null,"name_ar":null,"amenity":"school","building":null,"operator_type":null,"capacity_persons":null,"addr_full":null,"addr_city":null,"source":null,"adm0_pcode":"SDN","adm0_name":"Sudan","adm1_pcode":"SD15","adm1_name":"Aj Jazirah","adm2_pcode":"SD15034","adm2_name":"Al Hasahisa","adm3_pcode":null,"adm3_name":null,"adm4_pcode":null,"adm4_name":null,"name_latin":null},"geometry":{"type":"Polygon","coordinates":[[[33.2100216,14.8188381],[33.210148,14.8188895],[33.210191,14.8187907],[33.2101263,14.8187644],[33.2101156,14.8187773],[33.2100581,14.818754],[33.2100216,14.8188381]]]}},{"type":"Feature","properties":{"id":"way/1101346214","name":null,"name_en":null,"name_ar":null,"amenity":"school","building":null,"operator_type":null,"capacity_persons":null,"addr_full":null,"addr_city":null,"source":null,"adm0_pcode":"SDN","adm0_name":"Sudan","adm1_pcode":"SD15","adm1_name":"Aj Jazirah","adm2_pcode":"SD15034","adm2_name":"Al Hasahisa","adm3_pcode":null,"adm3_name":null,"adm4_pcode":null,"adm4_name":null,"name_latin":null},"geometry":{"type":"Polygon","coordinates":[[[33.2096465,14.8189467],[33.2098534,14.8190283],[33.2099586,14.8187789],[33.2097856,14.8187107],[33.2097526,14.8187891],[33.2099006,14.8188474],[33.2098814,14.8188931],[33.2097409,14.8188377],[33.2097124,14.8189052],[33.2096709,14.8188888],[33.2096465,14.8189467]]]}},{"type":"Feature","properties":{"id":"way/1101346217","name":null,"name_en":null,"name_ar":null,"amenity":"school","building":null,"operator_type":null,"capacity_persons":null,"addr_full":null,"addr_city":null,"source":null,"adm0_pcode":"SDN","adm0_name":"Sudan","adm1_pcode":"SD15","adm1_name":"Aj Jazirah","adm2_pcode":"SD15034","adm2_name":"Al Hasahisa","adm3_pcode":null,"adm3_name":null,"adm4_pcode":null,"adm4_name":null,"name_latin":null},"geometry":{"type":"Polygon","coordinates":[[[33.2101959,14.8188983],[33.2103916,14.8189784],[33.2104124,14.8189309],[33.2102167,14.8188509],[33.2101959,14.8188983]]]}},{"type":"Feature","properties":{"id":"way/1101346216","name":null,"name_en":null,"name_ar":null,"amenity":"school","building":null,"operator_type":null,"capacity_persons":null,"addr_full":null,"addr_city":null,"source":null,"adm0_pcode":"SDN","adm0_name":"Sudan","adm1_pcode":"SD15","adm1_name":"Aj Jazirah","adm2_pcode":"SD15034","adm2_name":"Al Hasahisa","adm3_pcode":null,"adm3_name":null,"adm4_pcode":null,"adm4_name":null,"name_latin":null},"geometry":{"type":"Polygon","coordinates":[[[33.210151,14.8190266],[33.2102022,14.819047],[33.2102182,14.8190095],[33.210167,14.8189891],[33.210151,14.8190266]]]}},{"type":"Feature","properties":{"id":"way/1101346213","name":null,"name_en":null,"name_ar":null,"amenity":"school","building":null,"operator_type":null,"capacity_persons":null,"addr_full":null,"addr_city":null,"source":null,"adm0_pcode":"SDN","adm0_name":"Sudan","adm1_pcode":"SD15","adm1_name":"Aj Jazirah","adm2_pcode":"SD15034","adm2_name":"Al Hasahisa","adm3_pcode":null,"adm3_name":null,"adm4_pcode":null,"adm4_name":null,"name_latin":null},"geometry":{"type":"Polygon","coordinates":[[[33.2098876,14.8191728],[33.2100914,14.819248],[33.2101142,14.8191857],[33.2099171,14.8191092],[33.2098876,14.8191728]]]}},{"type":"Feature","properties":{"id":"way/1103036729","name":null,"name_en":null,"name_ar":null,"amenity":"school","building":null,"operator_type":null,"capacity_persons":null,"addr_full":null,"addr_city":null,"source":null,"adm0_pcode":"SDN","adm0_name":"Sudan","adm1_pcode":"SD15","adm1_name":"Aj Jazirah","adm2_pcode":"SD15033","adm2_name":"Sharg Al Jazirah","adm3_pcode":null,"adm3_name":null,"adm4_pcode":null,"adm4_name":null,"name_latin":null},"geometry":{"type":"Polygon","coordinates":[[[33.2901332,14.8359969],[33.2904197,14.836178],[33.2904591,14.8361197],[33.2901727,14.8359386],[33.2901332,14.8359969]]]}},{"type":"Feature","properties":{"id":"way/1103036728","name":null,"name_en":null,"name_ar":null,"amenity":"school","building":null,"operator_type":null,"capacity_persons":null,"addr_full":null,"addr_city":null,"source":null,"adm0_pcode":"SDN","adm0_name":"Sudan","adm1_pcode":"SD15","adm1_name":"Aj Jazirah","adm2_pcode":"SD15033","adm2_name":"Sharg Al Jazirah","adm3_pcode":null,"adm3_name":null,"adm4_pcode":null,"adm4_name":null,"name_latin":null},"geometry":{"type":"Polygon","coordinates":[[[33.2902001,14.8362387],[33.2903371,14.8363198],[33.2903696,14.8362685],[33.2902327,14.8361874],[33.2902001,14.8362387]]]}},{"type":"Feature","properties":{"id":"way/1103036727","name":null,"name_en":null,"name_ar":null,"amenity":"school","building":null,"operator_type":null,"capacity_persons":null,"addr_full":null,"addr_city":null,"source":null,"adm0_pcode":"SDN","adm0_name":"Sudan","adm1_pcode":"SD15","adm1_name":"Aj Jazirah","adm2_pcode":"SD15033","adm2_name":"Sharg Al Jazirah","adm3_pcode":null,"adm3_name":null,"adm4_pcode":null,"adm4_name":null,"name_latin":null},"geometry":{"type":"Polygon","coordinates":[[[33.2898822,14.8362661],[33.2902376,14.8364795],[33.2902816,14.836411],[33.2899263,14.8361976],[33.2898822,14.8362661]]]}},{"type":"Feature","properties":{"id":"way/1101355279","name":null,"name_en":null,"name_ar":null,"amenity":"school","building":null,"operator_type":null,"capacity_persons":null,"addr_full":null,"addr_city":null,"source":null,"adm0_pcode":"SDN","adm0_name":"Sudan","adm1_pcode":"SD15","adm1_name":"Aj Jazirah","adm2_pcode":"SD15033","adm2_name":"Sharg Al Jazirah","adm3_pcode":null,"adm3_name":null,"adm4_pcode":null,"adm4_name":null,"name_latin":null},"geometry":{"type":"Polygon","coordinates":[[[33.6456877,14.8491979],[33.6457039,14.8491478],[33.6459356,14.8492176],[33.6459194,14.8492677],[33.6456877,14.8491979]]]}},{"type":"Feature","properties":{"id":"way/1101355276","name":null,"name_en":null,"name_ar":null,"amenity":"school","building":null,"operator_type":null,"capacity_persons":null,"addr_full":null,"addr_city":null,"source":null,"adm0_pcode":"SDN","adm0_name":"Sudan","adm1_pcode":"SD15","adm1_name":"Aj Jazirah","adm2_pcode":"SD15033","adm2_name":"Sharg Al Jazirah","adm3_pcode":null,"adm3_name":null,"adm4_pcode":null,"adm4_name":null,"name_latin":null},"geometry":{"type":"Polygon","coordinates":[[[33.6455698,14.8493337],[33.6456242,14.8493514],[33.6456511,14.8492744],[33.6455968,14.8492567],[33.6455698,14.8493337]]]}},{"type":"Feature","properties":{"id":"way/1101355277","name":null,"name_en":null,"name_ar":null,"amenity":"school","building":null,"operator_type":null,"capacity_persons":null,"addr_full":null,"addr_city":null,"source":null,"adm0_pcode":"SDN","adm0_name":"Sudan","adm1_pcode":"SD15","adm1_name":"Aj Jazirah","adm2_pcode":"SD15033","adm2_name":"Sharg Al Jazirah","adm3_pcode":null,"adm3_name":null,"adm4_pcode":null,"adm4_name":null,"name_latin":null},"geometry":{"type":"Polygon","coordinates":[[[33.6453519,14.8494321],[33.6453658,14.8493818],[33.6455608,14.8494322],[33.6455468,14.8494825],[33.6453519,14.8494321]]]}},{"type":"Feature","properties":{"id":"way/1101355280","name":null,"name_en":null,"name_ar":null,"amenity":"school","building":null,"operator_type":null,"capacity_persons":null,"addr_full":null,"addr_city":null,"source":null,"adm0_pcode":"SDN","adm0_name":"Sudan","adm1_pcode":"SD15","adm1_name":"Aj Jazirah","adm2_pcode":"SD15033","adm2_name":"Sharg Al Jazirah","adm3_pcode":null,"adm3_name":null,"adm4_pcode":null,"adm4_name":null,"name_latin":null},"geometry":{"type":"Polygon","coordinates":[[[33.6452367,14.8495092],[33.6452753,14.849537],[33.6453116,14.8494899],[33.6452729,14.8494621],[33.6452367,14.8495092]]]}},{"type":"Feature","properties":{"id":"way/1101355278","name":null,"name_en":null,"name_ar":null,"amenity":"school","building":null,"operator_type":null,"capacity_persons":null,"addr_full":null,"addr_city":null,"source":null,"adm0_pcode":"SDN","adm0_name":"Sudan","adm1_pcode":"SD15","adm1_name":"Aj Jazirah","adm2_pcode":"SD15033","adm2_name":"Sharg Al Jazirah","adm3_pcode":null,"adm3_name":null,"adm4_pcode":null,"adm4_name":null,"name_latin":null},"geometry":{"type":"Polygon","coordinates":[[[33.6455861,14.8494916],[33.6456032,14.8494368],[33.6458601,14.8495115],[33.645843,14.8495664],[33.6455861,14.8494916]]]}},{"type":"Feature","properties":{"id":"way/1103062447","name":null,"name_en":null,"name_ar":null,"amenity":"school","building":null,"operator_type":null,"capacity_persons":null,"addr_full":null,"addr_city":null,"source":null,"adm0_pcode":"SDN","adm0_name":"Sudan","adm1_pcode":"SD15","adm1_name":"Aj Jazirah","adm2_pcode":"SD15033","adm2_name":"Sharg Al Jazirah","adm3_pcode":null,"adm3_name":null,"adm4_pcode":null,"adm4_name":null,"name_latin":null},"geometry":{"type":"Polygon","coordinates":[[[33.4351492,14.8540393],[33.4354934,14.8542387],[33.4355177,14.8541995],[33.4351734,14.8540002],[33.4351492,14.8540393]]]}},{"type":"Feature","properties":{"id":"way/1103062446","name":null,"name_en":null,"name_ar":null,"amenity":"school","building":null,"operator_type":null,"capacity_persons":null,"addr_full":null,"addr_city":null,"source":null,"adm0_pcode":"SDN","adm0_name":"Sudan","adm1_pcode":"SD15","adm1_name":"Aj Jazirah","adm2_pcode":"SD15033","adm2_name":"Sharg Al Jazirah","adm3_pcode":null,"adm3_name":null,"adm4_pcode":null,"adm4_name":null,"name_latin":null},"geometry":{"type":"Polygon","coordinates":[[[33.4349629,14.8543777],[33.435303,14.8545654],[33.4353271,14.8545245],[33.434987,14.8543369],[33.4349629,14.8543777]]]}},{"type":"Feature","properties":{"id":"way/1101971456","name":null,"name_en":null,"name_ar":null,"amenity":null,"building":"school","operator_type":null,"capacity_persons":null,"addr_full":null,"addr_city":null,"source":null,"adm0_pcode":"SDN","adm0_name":"Sudan","adm1_pcode":"SD15","adm1_name":"Aj Jazirah","adm2_pcode":"SD15033","adm2_name":"Sharg Al Jazirah","adm3_pcode":null,"adm3_name":null,"adm4_pcode":null,"adm4_name":null,"name_latin":null},"geometry":{"type":"Polygon","coordinates":[[[33.2595879,14.8650574],[33.2600086,14.8650751],[33.2600107,14.8650063],[33.259596,14.8649926],[33.2595879,14.8650574]]]}},{"type":"Feature","properties":{"id":"way/1101971457","name":null,"name_en":null,"name_ar":null,"amenity":null,"building":"school","operator_type":null,"capacity_persons":null,"addr_full":null,"addr_city":null,"source":null,"adm0_pcode":"SDN","adm0_name":"Sudan","adm1_pcode":"SD15","adm1_name":"Aj Jazirah","adm2_pcode":"SD15033","adm2_name":"Sharg Al Jazirah","adm3_pcode":null,"adm3_name":null,"adm4_pcode":null,"adm4_name":null,"name_latin":null},"geometry":{"type":"Polygon","coordinates":[[[33.260153,14.865081],[33.2606022,14.8650947],[33.2606063,14.8650319],[33.2601611,14.8650181],[33.260153,14.865081]]]}},{"type":"Feature","properties":{"id":"way/1101971458","name":null,"name_en":null,"name_ar":null,"amenity":null,"building":"school","operator_type":null,"capacity_persons":null,"addr_full":null,"addr_city":null,"source":null,"adm0_pcode":"SDN","adm0_name":"Sudan","adm1_pcode":"SD15","adm1_name":"Aj Jazirah","adm2_pcode":"SD15033","adm2_name":"Sharg Al Jazirah","adm3_pcode":null,"adm3_name":null,"adm4_pcode":null,"adm4_name":null,"name_latin":null},"geometry":{"type":"Polygon","coordinates":[[[33.2607445,14.8651026],[33.2611897,14.8651222],[33.2611937,14.8650574],[33.2607404,14.8650476],[33.2607445,14.8651026]]]}},{"type":"Feature","properties":{"id":"way/1101971455","name":null,"name_en":null,"name_ar":null,"amenity":null,"building":"school","operator_type":null,"capacity_persons":null,"addr_full":null,"addr_city":null,"source":null,"adm0_pcode":"SDN","adm0_name":"Sudan","adm1_pcode":"SD15","adm1_name":"Aj Jazirah","adm2_pcode":"SD15033","adm2_name":"Sharg Al Jazirah","adm3_pcode":null,"adm3_name":null,"adm4_pcode":null,"adm4_name":null,"name_latin":null},"geometry":{"type":"Polygon","coordinates":[[[33.2595594,14.8655977],[33.2599903,14.8656154],[33.2599924,14.8655505],[33.2595452,14.8655368],[33.2595594,14.8655977]]]}},{"type":"Feature","properties":{"id":"way/1101971460","name":null,"name_en":null,"name_ar":null,"amenity":null,"building":"school","operator_type":null,"capacity_persons":null,"addr_full":null,"addr_city":null,"source":null,"adm0_pcode":"SDN","adm0_name":"Sudan","adm1_pcode":"SD15","adm1_name":"Aj Jazirah","adm2_pcode":"SD15033","adm2_name":"Sharg Al Jazirah","adm3_pcode":null,"adm3_name":null,"adm4_pcode":null,"adm4_name":null,"name_latin":null},"geometry":{"type":"Polygon","coordinates":[[[33.2601347,14.8656173],[33.2605717,14.865635],[33.2605819,14.8655761],[33.2601408,14.8655564],[33.2601347,14.8656173]]]}},{"type":"Feature","properties":{"id":"way/1101971459","name":null,"name_en":null,"name_ar":null,"amenity":null,"building":"school","operator_type":null,"capacity_persons":null,"addr_full":null,"addr_city":null,"source":null,"adm0_pcode":"SDN","adm0_name":"Sudan","adm1_pcode":"SD15","adm1_name":"Aj Jazirah","adm2_pcode":"SD15033","adm2_name":"Sharg Al Jazirah","adm3_pcode":null,"adm3_name":null,"adm4_pcode":null,"adm4_name":null,"name_latin":null},"geometry":{"type":"Polygon","coordinates":[[[33.2607242,14.8656468],[33.2611775,14.8656665],[33.2611714,14.8656016],[33.2607242,14.8655898],[33.2607242,14.8656468]]]}},{"type":"Feature","properties":{"id":"way/1102760334","name":null,"name_en":null,"name_ar":null,"amenity":"school","building":null,"operator_type":null,"capacity_persons":null,"addr_full":null,"addr_city":null,"source":null,"adm0_pcode":"SDN","adm0_name":"Sudan","adm1_pcode":"SD15","adm1_name":"Aj Jazirah","adm2_pcode":"SD15033","adm2_name":"Sharg Al Jazirah","adm3_pcode":null,"adm3_name":null,"adm4_pcode":null,"adm4_name":null,"name_latin":null},"geometry":{"type":"Polygon","coordinates":[[[33.2575453,14.8695165],[33.2572447,14.8694329],[33.2572613,14.8693771],[33.2575619,14.8694608],[33.2575453,14.8695165]]]}},{"type":"Feature","properties":{"id":"way/1102760337","name":null,"name_en":null,"name_ar":null,"amenity":"school","building":null,"operator_type":null,"capacity_persons":null,"addr_full":null,"addr_city":null,"source":null,"adm0_pcode":"SDN","adm0_name":"Sudan","adm1_pcode":"SD15","adm1_name":"Aj Jazirah","adm2_pcode":"SD15033","adm2_name":"Sharg Al Jazirah","adm3_pcode":null,"adm3_name":null,"adm4_pcode":null,"adm4_name":null,"name_latin":null},"geometry":{"type":"Polygon","coordinates":[[[33.2570226,14.8698427],[33.2572662,14.8691521],[33.2577558,14.8692815],[33.2575145,14.8699675],[33.2570226,14.8698427]]]}},{"type":"Feature","properties":{"id":"way/1102760335","name":null,"name_en":null,"name_ar":null,"amenity":"school","building":null,"operator_type":null,"capacity_persons":null,"addr_full":null,"addr_city":null,"source":null,"adm0_pcode":"SDN","adm0_name":"Sudan","adm1_pcode":"SD15","adm1_name":"Aj Jazirah","adm2_pcode":"SD15033","adm2_name":"Sharg Al Jazirah","adm3_pcode":null,"adm3_name":null,"adm4_pcode":null,"adm4_name":null,"name_latin":null},"geometry":{"type":"Polygon","coordinates":[[[33.2574555,14.8698114],[33.2575283,14.8696565],[33.2575809,14.8696796],[33.2575081,14.8698345],[33.2574555,14.8698114]]]}},{"type":"Feature","properties":{"id":"way/1102760336","name":null,"name_en":null,"name_ar":null,"amenity":"school","building":null,"operator_type":null,"capacity_persons":null,"addr_full":null,"addr_city":null,"source":null,"adm0_pcode":"SDN","adm0_name":"Sudan","adm1_pcode":"SD15","adm1_name":"Aj Jazirah","adm2_pcode":"SD15033","adm2_name":"Sharg Al Jazirah","adm3_pcode":null,"adm3_name":null,"adm4_pcode":null,"adm4_name":null,"name_latin":null},"geometry":{"type":"Polygon","coordinates":[[[33.2570917,14.8698047],[33.2571146,14.8697214],[33.2571667,14.8697348],[33.2571552,14.8697768],[33.2572375,14.8697979],[33.2572474,14.8697618],[33.2572936,14.8697736],[33.2572838,14.8698092],[33.2573395,14.8698235],[33.257328,14.8698654],[33.2570917,14.8698047]]]}},{"type":"Feature","properties":{"id":"way/1101390566","name":null,"name_en":null,"name_ar":null,"amenity":null,"building":"school","operator_type":null,"capacity_persons":null,"addr_full":null,"addr_city":null,"source":null,"adm0_pcode":"SDN","adm0_name":"Sudan","adm1_pcode":"SD15","adm1_name":"Aj Jazirah","adm2_pcode":"SD15033","adm2_name":"Sharg Al Jazirah","adm3_pcode":null,"adm3_name":null,"adm4_pcode":null,"adm4_name":null,"name_latin":null},"geometry":{"type":"Polygon","coordinates":[[[33.3814448,14.8734817],[33.3814733,14.8734001],[33.381533,14.8734197],[33.3815044,14.8735012],[33.3814448,14.8734817]]]}},{"type":"Feature","properties":{"id":"way/1101353206","name":null,"name_en":null,"name_ar":null,"amenity":"school","building":null,"operator_type":null,"capacity_persons":null,"addr_full":null,"addr_city":null,"source":null,"adm0_pcode":"SDN","adm0_name":"Sudan","adm1_pcode":"SD15","adm1_name":"Aj Jazirah","adm2_pcode":"SD15033","adm2_name":"Sharg Al Jazirah","adm3_pcode":null,"adm3_name":null,"adm4_pcode":null,"adm4_name":null,"name_latin":null},"geometry":{"type":"Polygon","coordinates":[[[33.2554831,14.8784198],[33.2554965,14.8783876],[33.2555988,14.8784243],[33.2555839,14.8784565],[33.2554831,14.8784198]]]}},{"type":"Feature","properties":{"id":"way/1101353202","name":null,"name_en":null,"name_ar":null,"amenity":"school","building":null,"operator_type":null,"capacity_persons":null,"addr_full":null,"addr_city":null,"source":null,"adm0_pcode":"SDN","adm0_name":"Sudan","adm1_pcode":"SD15","adm1_name":"Aj Jazirah","adm2_pcode":"SD15033","adm2_name":"Sharg Al Jazirah","adm3_pcode":null,"adm3_name":null,"adm4_pcode":null,"adm4_name":null,"name_latin":null},"geometry":{"type":"Polygon","coordinates":[[[33.2553483,14.8785378],[33.2553713,14.8784729],[33.2555704,14.878539],[33.2555474,14.8786039],[33.2553483,14.8785378]]]}},{"type":"Feature","properties":{"id":"way/1101353207","name":null,"name_en":null,"name_ar":null,"amenity":"school","building":null,"operator_type":null,"capacity_persons":null,"addr_full":null,"addr_city":null,"source":null,"adm0_pcode":"SDN","adm0_name":"Sudan","adm1_pcode":"SD15","adm1_name":"Aj Jazirah","adm2_pcode":"SD15033","adm2_name":"Sharg Al Jazirah","adm3_pcode":null,"adm3_name":null,"adm4_pcode":null,"adm4_name":null,"name_latin":null},"geometry":{"type":"Polygon","coordinates":[[[33.2543149,14.878622],[33.2545888,14.8780257],[33.2556428,14.8784318],[33.2553431,14.8790633],[33.2543149,14.878622]]]}},{"type":"Feature","properties":{"id":"way/1101353201","name":null,"name_en":null,"name_ar":null,"amenity":"school","building":null,"operator_type":null,"capacity_persons":null,"addr_full":null,"addr_city":null,"source":null,"adm0_pcode":"SDN","adm0_name":"Sudan","adm1_pcode":"SD15","adm1_name":"Aj Jazirah","adm2_pcode":"SD15033","adm2_name":"Sharg Al Jazirah","adm3_pcode":null,"adm3_name":null,"adm4_pcode":null,"adm4_name":null,"name_latin":null},"geometry":{"type":"Polygon","coordinates":[[[33.2547612,14.8787013],[33.2547759,14.8786662],[33.2548595,14.878699],[33.2548447,14.8787341],[33.2547612,14.8787013]]]}},{"type":"Feature","properties":{"id":"way/1101353205","name":null,"name_en":null,"name_ar":null,"amenity":"school","building":null,"operator_type":null,"capacity_persons":null,"addr_full":null,"addr_city":null,"source":null,"adm0_pcode":"SDN","adm0_name":"Sudan","adm1_pcode":"SD15","adm1_name":"Aj Jazirah","adm2_pcode":"SD15033","adm2_name":"Sharg Al Jazirah","adm3_pcode":null,"adm3_name":null,"adm4_pcode":null,"adm4_name":null,"name_latin":null},"geometry":{"type":"Polygon","coordinates":[[[33.2554103,14.8787632],[33.2554284,14.878718],[33.2554826,14.8787382],[33.2554645,14.8787835],[33.2554103,14.8787632]]]}},{"type":"Feature","properties":{"id":"way/1101353203","name":null,"name_en":null,"name_ar":null,"amenity":"school","building":null,"operator_type":null,"capacity_persons":null,"addr_full":null,"addr_city":null,"source":null,"adm0_pcode":"SDN","adm0_name":"Sudan","adm1_pcode":"SD15","adm1_name":"Aj Jazirah","adm2_pcode":"SD15033","adm2_name":"Sharg Al Jazirah","adm3_pcode":null,"adm3_name":null,"adm4_pcode":null,"adm4_name":null,"name_latin":null},"geometry":{"type":"Polygon","coordinates":[[[33.2551901,14.8788922],[33.2552145,14.8788433],[33.2549503,14.8787198],[33.2549259,14.8787687],[33.2551901,14.8788922]]]}},{"type":"Feature","properties":{"id":"way/1101353204","name":null,"name_en":null,"name_ar":null,"amenity":"school","building":null,"operator_type":null,"capacity_persons":null,"addr_full":null,"addr_city":null,"source":null,"adm0_pcode":"SDN","adm0_name":"Sudan","adm1_pcode":"SD15","adm1_name":"Aj Jazirah","adm2_pcode":"SD15033","adm2_name":"Sharg Al Jazirah","adm3_pcode":null,"adm3_name":null,"adm4_pcode":null,"adm4_name":null,"name_latin":null},"geometry":{"type":"Polygon","coordinates":[[[33.2552295,14.8788757],[33.2552681,14.8788277],[33.255312,14.8788607],[33.2553411,14.8788244],[33.2554223,14.8788853],[33.2553613,14.8789614],[33.2552888,14.878907],[33.2552822,14.8789153],[33.2552295,14.8788757]]]}},{"type":"Feature","properties":{"id":"way/1104105461","name":null,"name_en":null,"name_ar":null,"amenity":"school","building":null,"operator_type":null,"capacity_persons":null,"addr_full":null,"addr_city":null,"source":null,"adm0_pcode":"SDN","adm0_name":"Sudan","adm1_pcode":"SD15","adm1_name":"Aj Jazirah","adm2_pcode":"SD15033","adm2_name":"Sharg Al Jazirah","adm3_pcode":null,"adm3_name":null,"adm4_pcode":null,"adm4_name":null,"name_latin":null},"geometry":{"type":"Polygon","coordinates":[[[33.3494898,14.8859061],[33.3492988,14.8858293],[33.3492759,14.8858825],[33.3494669,14.8859593],[33.3494898,14.8859061]]]}},{"type":"Feature","properties":{"id":"way/1104105469","name":null,"name_en":null,"name_ar":null,"amenity":"school","building":null,"operator_type":null,"capacity_persons":null,"addr_full":null,"addr_city":null,"source":null,"adm0_pcode":"SDN","adm0_name":"Sudan","adm1_pcode":"SD15","adm1_name":"Aj Jazirah","adm2_pcode":"SD15033","adm2_name":"Sharg Al Jazirah","adm3_pcode":null,"adm3_name":null,"adm4_pcode":null,"adm4_name":null,"name_latin":null},"geometry":{"type":"Polygon","coordinates":[[[33.3492281,14.885965],[33.3491365,14.885931],[33.3491617,14.8858676],[33.3492533,14.8859016],[33.3492281,14.885965]]]}},{"type":"Feature","properties":{"id":"way/1104105468","name":null,"name_en":null,"name_ar":null,"amenity":"school","building":null,"operator_type":null,"capacity_persons":null,"addr_full":null,"addr_city":null,"source":null,"adm0_pcode":"SDN","adm0_name":"Sudan","adm1_pcode":"SD15","adm1_name":"Aj Jazirah","adm2_pcode":"SD15033","adm2_name":"Sharg Al Jazirah","adm3_pcode":null,"adm3_name":null,"adm4_pcode":null,"adm4_name":null,"name_latin":null},"geometry":{"type":"Polygon","coordinates":[[[33.3495412,14.8860613],[33.349456,14.8860336],[33.349479,14.8859677],[33.3495641,14.8859953],[33.3495412,14.8860613]]]}},{"type":"Feature","properties":{"id":"way/1104105466","name":null,"name_en":null,"name_ar":null,"amenity":"school","building":null,"operator_type":null,"capacity_persons":null,"addr_full":null,"addr_city":null,"source":null,"adm0_pcode":"SDN","adm0_name":"Sudan","adm1_pcode":"SD15","adm1_name":"Aj Jazirah","adm2_pcode":"SD15033","adm2_name":"Sharg Al Jazirah","adm3_pcode":null,"adm3_name":null,"adm4_pcode":null,"adm4_name":null,"name_latin":null},"geometry":{"type":"Polygon","coordinates":[[[33.3491463,14.8861956],[33.3490502,14.8861772],[33.3490653,14.8861034],[33.3491614,14.8861218],[33.3491463,14.8861956]]]}},{"type":"Feature","properties":{"id":"way/1104105467","name":null,"name_en":null,"name_ar":null,"amenity":"school","building":null,"operator_type":null,"capacity_persons":null,"addr_full":null,"addr_city":null,"source":null,"adm0_pcode":"SDN","adm0_name":"Sudan","adm1_pcode":"SD15","adm1_name":"Aj Jazirah","adm2_pcode":"SD15033","adm2_name":"Sharg Al Jazirah","adm3_pcode":null,"adm3_name":null,"adm4_pcode":null,"adm4_name":null,"name_latin":null},"geometry":{"type":"Polygon","coordinates":[[[33.3494925,14.8862448],[33.3493964,14.8862264],[33.3494116,14.8861526],[33.3495077,14.886171],[33.3494925,14.8862448]]]}},{"type":"Feature","properties":{"id":"way/1104105460","name":null,"name_en":null,"name_ar":null,"amenity":"school","building":null,"operator_type":null,"capacity_persons":null,"addr_full":null,"addr_city":null,"source":null,"adm0_pcode":"SDN","adm0_name":"Sudan","adm1_pcode":"SD15","adm1_name":"Aj Jazirah","adm2_pcode":"SD15033","adm2_name":"Sharg Al Jazirah","adm3_pcode":null,"adm3_name":null,"adm4_pcode":null,"adm4_name":null,"name_latin":null},"geometry":{"type":"Polygon","coordinates":[[[33.3493531,14.8863048],[33.3491541,14.8862709],[33.3491657,14.8862074],[33.3492145,14.8862157],[33.3492203,14.8861842],[33.3493368,14.886204],[33.3493315,14.8862332],[33.3493651,14.886239],[33.3493531,14.8863048]]]}},{"type":"Feature","properties":{"id":"way/1104105462","name":null,"name_en":null,"name_ar":null,"amenity":"school","building":null,"operator_type":null,"capacity_persons":null,"addr_full":null,"addr_city":null,"source":null,"adm0_pcode":"SDN","adm0_name":"Sudan","adm1_pcode":"SD15","adm1_name":"Aj Jazirah","adm2_pcode":"SD15033","adm2_name":"Sharg Al Jazirah","adm3_pcode":null,"adm3_name":null,"adm4_pcode":null,"adm4_name":null,"name_latin":null},"geometry":{"type":"Polygon","coordinates":[[[33.3493659,14.8865845],[33.3490603,14.8865442],[33.3490483,14.8866295],[33.3493538,14.8866698],[33.3493659,14.8865845]]]}},{"type":"Feature","properties":{"id":"way/1104105471","name":null,"name_en":null,"name_ar":null,"amenity":"school","building":null,"operator_type":null,"capacity_persons":null,"addr_full":null,"addr_city":null,"source":null,"adm0_pcode":"SDN","adm0_name":"Sudan","adm1_pcode":"SD15","adm1_name":"Aj Jazirah","adm2_pcode":"SD15033","adm2_name":"Sharg Al Jazirah","adm3_pcode":null,"adm3_name":null,"adm4_pcode":null,"adm4_name":null,"name_latin":null},"geometry":{"type":"Polygon","coordinates":[[[33.3494733,14.8866612],[33.3494794,14.8866056],[33.3495268,14.8866105],[33.3495207,14.8866661],[33.3494733,14.8866612]]]}},{"type":"Feature","properties":{"id":"way/1104105472","name":null,"name_en":null,"name_ar":null,"amenity":"school","building":null,"operator_type":null,"capacity_persons":null,"addr_full":null,"addr_city":null,"source":null,"adm0_pcode":"SDN","adm0_name":"Sudan","adm1_pcode":"SD15","adm1_name":"Aj Jazirah","adm2_pcode":"SD15033","adm2_name":"Sharg Al Jazirah","adm3_pcode":null,"adm3_name":null,"adm4_pcode":null,"adm4_name":null,"name_latin":null},"geometry":{"type":"Polygon","coordinates":[[[33.3488888,14.886685],[33.3488949,14.8866294],[33.3489423,14.8866343],[33.3489362,14.8866899],[33.3488888,14.886685]]]}},{"type":"Feature","properties":{"id":"way/1104105470","name":null,"name_en":null,"name_ar":null,"amenity":"school","building":null,"operator_type":null,"capacity_persons":null,"addr_full":null,"addr_city":null,"source":null,"adm0_pcode":"SDN","adm0_name":"Sudan","adm1_pcode":"SD15","adm1_name":"Aj Jazirah","adm2_pcode":"SD15033","adm2_name":"Sharg Al Jazirah","adm3_pcode":null,"adm3_name":null,"adm4_pcode":null,"adm4_name":null,"name_latin":null},"geometry":{"type":"Polygon","coordinates":[[[33.3499607,14.886785],[33.3496999,14.8867424],[33.3497108,14.8866804],[33.3499715,14.886723],[33.3499607,14.886785]]]}},{"type":"Feature","properties":{"id":"way/1104105463","name":null,"name_en":null,"name_ar":null,"amenity":"school","building":null,"operator_type":null,"capacity_persons":null,"addr_full":null,"addr_city":null,"source":null,"adm0_pcode":"SDN","adm0_name":"Sudan","adm1_pcode":"SD15","adm1_name":"Aj Jazirah","adm2_pcode":"SD15033","adm2_name":"Sharg Al Jazirah","adm3_pcode":null,"adm3_name":null,"adm4_pcode":null,"adm4_name":null,"name_latin":null},"geometry":{"type":"Polygon","coordinates":[[[33.3490577,14.8870375],[33.3489408,14.8870251],[33.3489483,14.8869595],[33.3490651,14.8869719],[33.3490577,14.8870375]]]}},{"type":"Feature","properties":{"id":"way/1104105464","name":null,"name_en":null,"name_ar":null,"amenity":"school","building":null,"operator_type":null,"capacity_persons":null,"addr_full":null,"addr_city":null,"source":null,"adm0_pcode":"SDN","adm0_name":"Sudan","adm1_pcode":"SD15","adm1_name":"Aj Jazirah","adm2_pcode":"SD15033","adm2_name":"Sharg Al Jazirah","adm3_pcode":null,"adm3_name":null,"adm4_pcode":null,"adm4_name":null,"name_latin":null},"geometry":{"type":"Polygon","coordinates":[[[33.3493385,14.8870711],[33.3492559,14.8870658],[33.3492606,14.8869985],[33.3493431,14.8870039],[33.3493385,14.8870711]]]}},{"type":"Feature","properties":{"id":"way/1104105465","name":null,"name_en":null,"name_ar":null,"amenity":"school","building":null,"operator_type":null,"capacity_persons":null,"addr_full":null,"addr_city":null,"source":null,"adm0_pcode":"SDN","adm0_name":"Sudan","adm1_pcode":"SD15","adm1_name":"Aj Jazirah","adm2_pcode":"SD15033","adm2_name":"Sharg Al Jazirah","adm3_pcode":null,"adm3_name":null,"adm4_pcode":null,"adm4_name":null,"name_latin":null},"geometry":{"type":"Polygon","coordinates":[[[33.349262,14.8871516],[33.3490236,14.8871158],[33.3490345,14.8870476],[33.349066,14.8870524],[33.3490681,14.8870394],[33.34923,14.8870637],[33.3492267,14.8870843],[33.3492718,14.887091],[33.349262,14.8871516]]]}},{"type":"Feature","properties":{"id":"way/1102365688","name":null,"name_en":null,"name_ar":null,"amenity":null,"building":"school","operator_type":null,"capacity_persons":null,"addr_full":null,"addr_city":null,"source":null,"adm0_pcode":"SDN","adm0_name":"Sudan","adm1_pcode":"SD15","adm1_name":"Aj Jazirah","adm2_pcode":"SD15033","adm2_name":"Sharg Al Jazirah","adm3_pcode":null,"adm3_name":null,"adm4_pcode":null,"adm4_name":null,"name_latin":null},"geometry":{"type":"Polygon","coordinates":[[[33.4051388,14.9086597],[33.405397,14.9086912],[33.4054112,14.9086342],[33.4051469,14.9086008],[33.4051388,14.9086597]]]}},{"type":"Feature","properties":{"id":"way/1101639357","name":null,"name_en":null,"name_ar":null,"amenity":"school","building":null,"operator_type":null,"capacity_persons":null,"addr_full":null,"addr_city":null,"source":null,"adm0_pcode":"SDN","adm0_name":"Sudan","adm1_pcode":"SD15","adm1_name":"Aj Jazirah","adm2_pcode":"SD15033","adm2_name":"Sharg Al Jazirah","adm3_pcode":null,"adm3_name":null,"adm4_pcode":null,"adm4_name":null,"name_latin":null},"geometry":{"type":"Polygon","coordinates":[[[33.5832988,14.908837],[33.5833109,14.9087778],[33.5834759,14.9088091],[33.5834638,14.9088683],[33.5832988,14.908837]]]}},{"type":"Feature","properties":{"id":"way/1102365689","name":null,"name_en":null,"name_ar":null,"amenity":"school","building":null,"operator_type":null,"capacity_persons":null,"addr_full":null,"addr_city":null,"source":null,"adm0_pcode":"SDN","adm0_name":"Sudan","adm1_pcode":"SD15","adm1_name":"Aj Jazirah","adm2_pcode":"SD15033","adm2_name":"Sharg Al Jazirah","adm3_pcode":null,"adm3_name":null,"adm4_pcode":null,"adm4_name":null,"name_latin":null},"geometry":{"type":"Polygon","coordinates":[[[33.404775,14.909139],[33.4057242,14.9092687],[33.4056877,14.908923],[33.4054295,14.9084908],[33.404899,14.9084437],[33.404775,14.909139]]]}},{"type":"Feature","properties":{"id":"way/1101639356","name":null,"name_en":null,"name_ar":null,"amenity":"school","building":null,"operator_type":null,"capacity_persons":null,"addr_full":null,"addr_city":null,"source":null,"adm0_pcode":"SDN","adm0_name":"Sudan","adm1_pcode":"SD15","adm1_name":"Aj Jazirah","adm2_pcode":"SD15033","adm2_name":"Sharg Al Jazirah","adm3_pcode":null,"adm3_name":null,"adm4_pcode":null,"adm4_name":null,"name_latin":null},"geometry":{"type":"Polygon","coordinates":[[[33.5829952,14.9089246],[33.5830014,14.9088702],[33.5832437,14.908896],[33.5832375,14.9089504],[33.5829952,14.9089246]]]}},{"type":"Feature","properties":{"id":"way/1102365686","name":null,"name_en":null,"name_ar":null,"amenity":null,"building":"school","operator_type":null,"capacity_persons":null,"addr_full":null,"addr_city":null,"source":null,"adm0_pcode":"SDN","adm0_name":"Sudan","adm1_pcode":"SD15","adm1_name":"Aj Jazirah","adm2_pcode":"SD15033","adm2_name":"Sharg Al Jazirah","adm3_pcode":null,"adm3_name":null,"adm4_pcode":null,"adm4_name":null,"name_latin":null},"geometry":{"type":"Polygon","coordinates":[[[33.4048908,14.9089406],[33.4053401,14.9089897],[33.4053543,14.9089406],[33.4048969,14.9088876],[33.4048908,14.9089406]]]}},{"type":"Feature","properties":{"id":"way/1102365687","name":null,"name_en":null,"name_ar":null,"amenity":null,"building":"school","operator_type":null,"capacity_persons":null,"addr_full":null,"addr_city":null,"source":null,"adm0_pcode":"SDN","adm0_name":"Sudan","adm1_pcode":"SD15","adm1_name":"Aj Jazirah","adm2_pcode":"SD15033","adm2_name":"Sharg Al Jazirah","adm3_pcode":null,"adm3_name":null,"adm4_pcode":null,"adm4_name":null,"name_latin":null},"geometry":{"type":"Polygon","coordinates":[[[33.405462,14.9090781],[33.4056165,14.9090919],[33.4056267,14.9090447],[33.4054722,14.909029],[33.405462,14.9090781]]]}},{"type":"Feature","properties":{"id":"way/1101639360","name":null,"name_en":null,"name_ar":null,"amenity":"school","building":null,"operator_type":null,"capacity_persons":null,"addr_full":null,"addr_city":null,"source":null,"adm0_pcode":"SDN","adm0_name":"Sudan","adm1_pcode":"SD15","adm1_name":"Aj Jazirah","adm2_pcode":"SD15033","adm2_name":"Sharg Al Jazirah","adm3_pcode":null,"adm3_name":null,"adm4_pcode":null,"adm4_name":null,"name_latin":null},"geometry":{"type":"Polygon","coordinates":[[[33.5828507,14.9094595],[33.5834388,14.9095945],[33.583661,14.9086924],[33.5829234,14.9085538],[33.5828507,14.9094595]]]}},{"type":"Feature","properties":{"id":"way/1101639354","name":null,"name_en":null,"name_ar":null,"amenity":"school","building":null,"operator_type":null,"capacity_persons":null,"addr_full":null,"addr_city":null,"source":null,"adm0_pcode":"SDN","adm0_name":"Sudan","adm1_pcode":"SD15","adm1_name":"Aj Jazirah","adm2_pcode":"SD15033","adm2_name":"Sharg Al Jazirah","adm3_pcode":null,"adm3_name":null,"adm4_pcode":null,"adm4_name":null,"name_latin":null},"geometry":{"type":"Polygon","coordinates":[[[33.5829745,14.9091278],[33.5829867,14.9090763],[33.5831906,14.9091217],[33.5831783,14.9091731],[33.5829745,14.9091278]]]}},{"type":"Feature","properties":{"id":"way/1101639355","name":null,"name_en":null,"name_ar":null,"amenity":"school","building":null,"operator_type":null,"capacity_persons":null,"addr_full":null,"addr_city":null,"source":null,"adm0_pcode":"SDN","adm0_name":"Sudan","adm1_pcode":"SD15","adm1_name":"Aj Jazirah","adm2_pcode":"SD15033","adm2_name":"Sharg Al Jazirah","adm3_pcode":null,"adm3_name":null,"adm4_pcode":null,"adm4_name":null,"name_latin":null},"geometry":{"type":"Polygon","coordinates":[[[33.5833094,14.9091588],[33.5833161,14.9091119],[33.5835169,14.9091384],[33.5835103,14.9091853],[33.5833094,14.9091588]]]}},{"type":"Feature","properties":{"id":"way/1101639358","name":null,"name_en":null,"name_ar":null,"amenity":"school","building":null,"operator_type":null,"capacity_persons":null,"addr_full":null,"addr_city":null,"source":null,"adm0_pcode":"SDN","adm0_name":"Sudan","adm1_pcode":"SD15","adm1_name":"Aj Jazirah","adm2_pcode":"SD15033","adm2_name":"Sharg Al Jazirah","adm3_pcode":null,"adm3_name":null,"adm4_pcode":null,"adm4_name":null,"name_latin":null},"geometry":{"type":"Polygon","coordinates":[[[33.5830138,14.9094419],[33.5830258,14.9093917],[33.5832339,14.9094383],[33.5832219,14.9094884],[33.5830138,14.9094419]]]}},{"type":"Feature","properties":{"id":"way/1101639359","name":null,"name_en":null,"name_ar":null,"amenity":"school","building":null,"operator_type":null,"capacity_persons":null,"addr_full":null,"addr_city":null,"source":null,"adm0_pcode":"SDN","adm0_name":"Sudan","adm1_pcode":"SD15","adm1_name":"Aj Jazirah","adm2_pcode":"SD15033","adm2_name":"Sharg Al Jazirah","adm3_pcode":null,"adm3_name":null,"adm4_pcode":null,"adm4_name":null,"name_latin":null},"geometry":{"type":"Polygon","coordinates":[[[33.5832471,14.90949],[33.5832596,14.9094402],[33.5834486,14.9094844],[33.5834361,14.9095342],[33.5832471,14.90949]]]}},{"type":"Feature","properties":{"id":"way/1102760433","name":null,"name_en":null,"name_ar":null,"amenity":"school","building":null,"operator_type":null,"capacity_persons":null,"addr_full":null,"addr_city":null,"source":null,"adm0_pcode":"SDN","adm0_name":"Sudan","adm1_pcode":"SD15","adm1_name":"Aj Jazirah","adm2_pcode":"SD15033","adm2_name":"Sharg Al Jazirah","adm3_pcode":null,"adm3_name":null,"adm4_pcode":null,"adm4_name":null,"name_latin":null},"geometry":{"type":"Polygon","coordinates":[[[33.3873421,14.9110673],[33.3869175,14.9109288],[33.3868969,14.9109879],[33.3873214,14.9111265],[33.3873421,14.9110673]]]}},{"type":"Feature","properties":{"id":"way/1102760434","name":null,"name_en":null,"name_ar":null,"amenity":"school","building":null,"operator_type":null,"capacity_persons":null,"addr_full":null,"addr_city":null,"source":null,"adm0_pcode":"SDN","adm0_name":"Sudan","adm1_pcode":"SD15","adm1_name":"Aj Jazirah","adm2_pcode":"SD15033","adm2_name":"Sharg Al Jazirah","adm3_pcode":null,"adm3_name":null,"adm4_pcode":null,"adm4_name":null,"name_latin":null},"geometry":{"type":"Polygon","coordinates":[[[33.3871087,14.9112338],[33.3868436,14.9111446],[33.3868225,14.9112032],[33.3870876,14.9112924],[33.3871087,14.9112338]]]}},{"type":"Feature","properties":{"id":"way/1102760432","name":null,"name_en":null,"name_ar":null,"amenity":"school","building":null,"operator_type":null,"capacity_persons":null,"addr_full":null,"addr_city":null,"source":null,"adm0_pcode":"SDN","adm0_name":"Sudan","adm1_pcode":"SD15","adm1_name":"Aj Jazirah","adm2_pcode":"SD15033","adm2_name":"Sharg Al Jazirah","adm3_pcode":null,"adm3_name":null,"adm4_pcode":null,"adm4_name":null,"name_latin":null},"geometry":{"type":"Polygon","coordinates":[[[33.3871971,14.9115156],[33.3868082,14.9113596],[33.386784,14.9114158],[33.387173,14.9115717],[33.3871971,14.9115156]]]}},{"type":"Feature","properties":{"id":"way/1102760435","name":null,"name_en":null,"name_ar":null,"amenity":"school","building":null,"operator_type":null,"capacity_persons":null,"addr_full":null,"addr_city":null,"source":null,"adm0_pcode":"SDN","adm0_name":"Sudan","adm1_pcode":"SD15","adm1_name":"Aj Jazirah","adm2_pcode":"SD15033","adm2_name":"Sharg Al Jazirah","adm3_pcode":null,"adm3_name":null,"adm4_pcode":null,"adm4_name":null,"name_latin":null},"geometry":{"type":"Polygon","coordinates":[[[33.3865825,14.9117067],[33.3868551,14.9108549],[33.3877367,14.9111001],[33.3874653,14.9120849],[33.3874153,14.9121151],[33.3865825,14.9117067]]]}},{"type":"Feature","properties":{"id":"way/1102760431","name":null,"name_en":null,"name_ar":null,"amenity":"school","building":null,"operator_type":null,"capacity_persons":null,"addr_full":null,"addr_city":null,"source":null,"adm0_pcode":"SDN","adm0_name":"Sudan","adm1_pcode":"SD15","adm1_name":"Aj Jazirah","adm2_pcode":"SD15033","adm2_name":"Sharg Al Jazirah","adm3_pcode":null,"adm3_name":null,"adm4_pcode":null,"adm4_name":null,"name_latin":null},"geometry":{"type":"Polygon","coordinates":[[[33.3870888,14.9117956],[33.3866998,14.9116396],[33.3866757,14.9116958],[33.3870647,14.9118517],[33.3870888,14.9117956]]]}},{"type":"Feature","properties":{"id":"way/1101498660","name":null,"name_en":null,"name_ar":null,"amenity":null,"building":"school","operator_type":null,"capacity_persons":null,"addr_full":null,"addr_city":null,"source":null,"adm0_pcode":"SDN","adm0_name":"Sudan","adm1_pcode":"SD15","adm1_name":"Aj Jazirah","adm2_pcode":"SD15033","adm2_name":"Sharg Al Jazirah","adm3_pcode":null,"adm3_name":null,"adm4_pcode":null,"adm4_name":null,"name_latin":null},"geometry":{"type":"Polygon","coordinates":[[[33.443824,14.9123935],[33.4439099,14.9124272],[33.443926,14.9123922],[33.4438428,14.9123533],[33.443824,14.9123935]]]}},{"type":"Feature","properties":{"id":"way/1101498661","name":null,"name_en":null,"name_ar":null,"amenity":null,"building":"school","operator_type":null,"capacity_persons":null,"addr_full":null,"addr_city":null,"source":null,"adm0_pcode":"SDN","adm0_name":"Sudan","adm1_pcode":"SD15","adm1_name":"Aj Jazirah","adm2_pcode":"SD15033","adm2_name":"Sharg Al Jazirah","adm3_pcode":null,"adm3_name":null,"adm4_pcode":null,"adm4_name":null,"name_latin":null},"geometry":{"type":"Polygon","coordinates":[[[33.443938,14.9124414],[33.4440896,14.9124972],[33.4441084,14.9124505],[33.4439461,14.9123948],[33.443938,14.9124414]]]}},{"type":"Feature","properties":{"id":"way/1101498662","name":null,"name_en":null,"name_ar":null,"amenity":null,"building":"school","operator_type":null,"capacity_persons":null,"addr_full":null,"addr_city":null,"source":null,"adm0_pcode":"SDN","adm0_name":"Sudan","adm1_pcode":"SD15","adm1_name":"Aj Jazirah","adm2_pcode":"SD15033","adm2_name":"Sharg Al Jazirah","adm3_pcode":null,"adm3_name":null,"adm4_pcode":null,"adm4_name":null,"name_latin":null},"geometry":{"type":"Polygon","coordinates":[[[33.4441499,14.9125244],[33.4442733,14.9125762],[33.4442934,14.9125295],[33.4441727,14.9124712],[33.4441499,14.9125244]]]}},{"type":"Feature","properties":{"id":"way/1101498659","name":null,"name_en":null,"name_ar":null,"amenity":null,"building":"school","operator_type":null,"capacity_persons":null,"addr_full":null,"addr_city":null,"source":null,"adm0_pcode":"SDN","adm0_name":"Sudan","adm1_pcode":"SD15","adm1_name":"Aj Jazirah","adm2_pcode":"SD15033","adm2_name":"Sharg Al Jazirah","adm3_pcode":null,"adm3_name":null,"adm4_pcode":null,"adm4_name":null,"name_latin":null},"geometry":{"type":"Polygon","coordinates":[[[33.443643,14.912479],[33.4439877,14.9126164],[33.4440011,14.912571],[33.4436524,14.9124311],[33.443643,14.912479]]]}},{"type":"Feature","properties":{"id":"way/1101498657","name":null,"name_en":null,"name_ar":null,"amenity":"school","building":null,"operator_type":null,"capacity_persons":null,"addr_full":null,"addr_city":null,"source":null,"adm0_pcode":"SDN","adm0_name":"Sudan","adm1_pcode":"SD15","adm1_name":"Aj Jazirah","adm2_pcode":"SD15033","adm2_name":"Sharg Al Jazirah","adm3_pcode":null,"adm3_name":null,"adm4_pcode":null,"adm4_name":null,"name_latin":null},"geometry":{"type":"Polygon","coordinates":[[[33.4434181,14.912814],[33.4443623,14.9130576],[33.4444213,14.9128166],[33.4443516,14.91235],[33.4437802,14.9121375],[33.4434181,14.912814]]]}},{"type":"Feature","properties":{"id":"way/1101498658","name":null,"name_en":null,"name_ar":null,"amenity":null,"building":"school","operator_type":null,"capacity_persons":null,"addr_full":null,"addr_city":null,"source":null,"adm0_pcode":"SDN","adm0_name":"Sudan","adm1_pcode":"SD15","adm1_name":"Aj Jazirah","adm2_pcode":"SD15033","adm2_name":"Sharg Al Jazirah","adm3_pcode":null,"adm3_name":null,"adm4_pcode":null,"adm4_name":null,"name_latin":null},"geometry":{"type":"Polygon","coordinates":[[[33.4435142,14.9127874],[33.4438643,14.912882],[33.4438884,14.9128354],[33.4435357,14.9127421],[33.4435142,14.9127874]]]}},{"type":"Feature","properties":{"id":"way/1102760262","name":null,"name_en":null,"name_ar":null,"amenity":null,"building":"school","operator_type":null,"capacity_persons":null,"addr_full":null,"addr_city":null,"source":null,"adm0_pcode":"SDN","adm0_name":"Sudan","adm1_pcode":"SD15","adm1_name":"Aj Jazirah","adm2_pcode":"SD15035","adm2_name":"Al Kamlin","adm3_pcode":null,"adm3_name":null,"adm4_pcode":null,"adm4_name":null,"name_latin":null},"geometry":{"type":"Polygon","coordinates":[[[33.2034578,14.9197623],[33.203459,14.9197127],[33.2035178,14.9197141],[33.2035165,14.9197637],[33.2034578,14.9197623]]]}},{"type":"Feature","properties":{"id":"way/1102760263","name":null,"name_en":null,"name_ar":null,"amenity":null,"building":"school","operator_type":null,"capacity_persons":null,"addr_full":null,"addr_city":null,"source":null,"adm0_pcode":"SDN","adm0_name":"Sudan","adm1_pcode":"SD15","adm1_name":"Aj Jazirah","adm2_pcode":"SD15035","adm2_name":"Al Kamlin","adm3_pcode":null,"adm3_name":null,"adm4_pcode":null,"adm4_name":null,"name_latin":null},"geometry":{"type":"Polygon","coordinates":[[[33.2023075,14.9199819],[33.2023043,14.9199097],[33.2023294,14.9199087],[33.2023311,14.919945],[33.2023635,14.9199437],[33.2023619,14.9199069],[33.2023903,14.9199057],[33.2023936,14.9199783],[33.2023075,14.9199819]]]}},{"type":"Feature","properties":{"id":"way/1102760253","name":null,"name_en":null,"name_ar":null,"amenity":"school","building":null,"operator_type":null,"capacity_persons":null,"addr_full":null,"addr_city":null,"source":null,"adm0_pcode":"SDN","adm0_name":"Sudan","adm1_pcode":"SD15","adm1_name":"Aj Jazirah","adm2_pcode":"SD15035","adm2_name":"Al Kamlin","adm3_pcode":null,"adm3_name":null,"adm4_pcode":null,"adm4_name":null,"name_latin":null},"geometry":{"type":"Polygon","coordinates":[[[33.2032293,14.9200511],[33.203158,14.9200539],[33.2031586,14.9200677],[33.2026092,14.9200894],[33.2026116,14.9201472],[33.2028194,14.920139],[33.2028209,14.920176],[33.2028614,14.9201744],[33.2028592,14.9201247],[33.2031433,14.9201134],[33.2031439,14.9201259],[33.2031855,14.9201243],[33.2031858,14.9201321],[33.2032326,14.9201303],[33.2032293,14.9200511]]]}},{"type":"Feature","properties":{"id":"way/1102760261","name":null,"name_en":null,"name_ar":null,"amenity":"school","building":null,"operator_type":null,"capacity_persons":null,"addr_full":null,"addr_city":null,"source":null,"adm0_pcode":"SDN","adm0_name":"Sudan","adm1_pcode":"SD15","adm1_name":"Aj Jazirah","adm2_pcode":"SD15035","adm2_name":"Al Kamlin","adm3_pcode":null,"adm3_name":null,"adm4_pcode":null,"adm4_name":null,"name_latin":null},"geometry":{"type":"Polygon","coordinates":[[[33.2026033,14.9201687],[33.2026003,14.9201143],[33.2025129,14.9201188],[33.2025159,14.9201732],[33.2026033,14.9201687]]]}},{"type":"Feature","properties":{"id":"way/1101399119","name":null,"name_en":null,"name_ar":null,"amenity":null,"building":"school","operator_type":null,"capacity_persons":null,"addr_full":null,"addr_city":null,"source":null,"adm0_pcode":"SDN","adm0_name":"Sudan","adm1_pcode":"SD15","adm1_name":"Aj Jazirah","adm2_pcode":"SD15033","adm2_name":"Sharg Al Jazirah","adm3_pcode":null,"adm3_name":null,"adm4_pcode":null,"adm4_name":null,"name_latin":null},"geometry":{"type":"Polygon","coordinates":[[[33.3456128,14.9202863],[33.3459192,14.9203074],[33.3459235,14.9202493],[33.3456171,14.9202282],[33.3456128,14.9202863]]]}},{"type":"Feature","properties":{"id":"way/1102760256","name":null,"name_en":null,"name_ar":null,"amenity":"school","building":null,"operator_type":null,"capacity_persons":null,"addr_full":null,"addr_city":null,"source":null,"adm0_pcode":"SDN","adm0_name":"Sudan","adm1_pcode":"SD15","adm1_name":"Aj Jazirah","adm2_pcode":"SD15035","adm2_name":"Al Kamlin","adm3_pcode":null,"adm3_name":null,"adm4_pcode":null,"adm4_name":null,"name_latin":null},"geometry":{"type":"Polygon","coordinates":[[[33.2031537,14.9203444],[33.2031513,14.9202661],[33.2032354,14.9202637],[33.2032378,14.920342],[33.2031537,14.9203444]]]}},{"type":"Feature","properties":{"id":"way/1102760257","name":null,"name_en":null,"name_ar":null,"amenity":"school","building":null,"operator_type":null,"capacity_persons":null,"addr_full":null,"addr_city":null,"source":null,"adm0_pcode":"SDN","adm0_name":"Sudan","adm1_pcode":"SD15","adm1_name":"Aj Jazirah","adm2_pcode":"SD15035","adm2_name":"Al Kamlin","adm3_pcode":null,"adm3_name":null,"adm4_pcode":null,"adm4_name":null,"name_latin":null},"geometry":{"type":"Polygon","coordinates":[[[33.2025384,14.9204129],[33.202532,14.9202617],[33.2025823,14.9202597],[33.2025808,14.920226],[33.2026124,14.9202247],[33.2026164,14.9203172],[33.2025924,14.9203181],[33.2025964,14.9204106],[33.2025384,14.9204129]]]}},{"type":"Feature","properties":{"id":"way/1101399120","name":null,"name_en":null,"name_ar":null,"amenity":null,"building":"school","operator_type":null,"capacity_persons":null,"addr_full":null,"addr_city":null,"source":null,"adm0_pcode":"SDN","adm0_name":"Sudan","adm1_pcode":"SD15","adm1_name":"Aj Jazirah","adm2_pcode":"SD15033","adm2_name":"Sharg Al Jazirah","adm3_pcode":null,"adm3_name":null,"adm4_pcode":null,"adm4_name":null,"name_latin":null},"geometry":{"type":"Polygon","coordinates":[[[33.3459993,14.9203811],[33.3460114,14.9202982],[33.346057,14.9203099],[33.3460449,14.9203863],[33.3459993,14.9203811]]]}},{"type":"Feature","properties":{"id":"way/1102760260","name":null,"name_en":null,"name_ar":null,"amenity":"school","building":null,"operator_type":null,"capacity_persons":null,"addr_full":null,"addr_city":null,"source":null,"adm0_pcode":"SDN","adm0_name":"Sudan","adm1_pcode":"SD15","adm1_name":"Aj Jazirah","adm2_pcode":"SD15035","adm2_name":"Al Kamlin","adm3_pcode":null,"adm3_name":null,"adm4_pcode":null,"adm4_name":null,"name_latin":null},"geometry":{"type":"Polygon","coordinates":[[[33.2025971,14.9203656],[33.2025957,14.9203269],[33.2026238,14.9203259],[33.2026253,14.9203646],[33.2025971,14.9203656]]]}},{"type":"Feature","properties":{"id":"way/1102760266","name":null,"name_en":null,"name_ar":null,"amenity":null,"building":"school","operator_type":null,"capacity_persons":null,"addr_full":null,"addr_city":null,"source":null,"adm0_pcode":"SDN","adm0_name":"Sudan","adm1_pcode":"SD15","adm1_name":"Aj Jazirah","adm2_pcode":"SD15035","adm2_name":"Al Kamlin","adm3_pcode":null,"adm3_name":null,"adm4_pcode":null,"adm4_name":null,"name_latin":null},"geometry":{"type":"Polygon","coordinates":[[[33.2036946,14.9204031],[33.2036924,14.9203638],[33.2036123,14.920368],[33.2036145,14.9204073],[33.2036946,14.9204031]]]}},{"type":"Feature","properties":{"id":"way/1102760265","name":null,"name_en":null,"name_ar":null,"amenity":null,"building":"school","operator_type":null,"capacity_persons":null,"addr_full":null,"addr_city":null,"source":null,"adm0_pcode":"SDN","adm0_name":"Sudan","adm1_pcode":"SD15","adm1_name":"Aj Jazirah","adm2_pcode":"SD15035","adm2_name":"Al Kamlin","adm3_pcode":null,"adm3_name":null,"adm4_pcode":null,"adm4_name":null,"name_latin":null},"geometry":{"type":"Polygon","coordinates":[[[33.2038532,14.9203662],[33.2036979,14.9203704],[33.2036996,14.9204293],[33.2038549,14.9204251],[33.2038532,14.9203662]]]}},{"type":"Feature","properties":{"id":"way/1102760277","name":null,"name_en":null,"name_ar":null,"amenity":"school","building":null,"operator_type":null,"capacity_persons":null,"addr_full":null,"addr_city":null,"source":null,"adm0_pcode":"SDN","adm0_name":"Sudan","adm1_pcode":"SD15","adm1_name":"Aj Jazirah","adm2_pcode":"SD15035","adm2_name":"Al Kamlin","adm3_pcode":null,"adm3_name":null,"adm4_pcode":null,"adm4_name":null,"name_latin":null},"geometry":{"type":"Polygon","coordinates":[[[33.2020917,14.9196807],[33.203836,14.9196409],[33.2038635,14.9211596],[33.2026494,14.9211451],[33.2023456,14.9203682],[33.2020917,14.9196807]]]}},{"type":"Feature","properties":{"id":"way/1102760259","name":null,"name_en":null,"name_ar":null,"amenity":"school","building":null,"operator_type":null,"capacity_persons":null,"addr_full":null,"addr_city":null,"source":null,"adm0_pcode":"SDN","adm0_name":"Sudan","adm1_pcode":"SD15","adm1_name":"Aj Jazirah","adm2_pcode":"SD15035","adm2_name":"Al Kamlin","adm3_pcode":null,"adm3_name":null,"adm4_pcode":null,"adm4_name":null,"name_latin":null},"geometry":{"type":"Polygon","coordinates":[[[33.2026075,14.9205071],[33.2026001,14.9203835],[33.2026229,14.9203822],[33.2026304,14.9205058],[33.2026075,14.9205071]]]}},{"type":"Feature","properties":{"id":"way/1102760258","name":null,"name_en":null,"name_ar":null,"amenity":"school","building":null,"operator_type":null,"capacity_persons":null,"addr_full":null,"addr_city":null,"source":null,"adm0_pcode":"SDN","adm0_name":"Sudan","adm1_pcode":"SD15","adm1_name":"Aj Jazirah","adm2_pcode":"SD15035","adm2_name":"Al Kamlin","adm3_pcode":null,"adm3_name":null,"adm4_pcode":null,"adm4_name":null,"name_latin":null},"geometry":{"type":"Polygon","coordinates":[[[33.2025493,14.9205133],[33.2025426,14.920428],[33.2025953,14.9204242],[33.202602,14.9205095],[33.2025493,14.9205133]]]}},{"type":"Feature","properties":{"id":"way/1102760255","name":null,"name_en":null,"name_ar":null,"amenity":"school","building":null,"operator_type":null,"capacity_persons":null,"addr_full":null,"addr_city":null,"source":null,"adm0_pcode":"SDN","adm0_name":"Sudan","adm1_pcode":"SD15","adm1_name":"Aj Jazirah","adm2_pcode":"SD15035","adm2_name":"Al Kamlin","adm3_pcode":null,"adm3_name":null,"adm4_pcode":null,"adm4_name":null,"name_latin":null},"geometry":{"type":"Polygon","coordinates":[[[33.2031472,14.9205492],[33.2031472,14.9204722],[33.2032655,14.9204722],[33.2032655,14.9205492],[33.2031472,14.9205492]]]}},{"type":"Feature","properties":{"id":"way/1102760254","name":null,"name_en":null,"name_ar":null,"amenity":"school","building":null,"operator_type":null,"capacity_persons":null,"addr_full":null,"addr_city":null,"source":null,"adm0_pcode":"SDN","adm0_name":"Sudan","adm1_pcode":"SD15","adm1_name":"Aj Jazirah","adm2_pcode":"SD15035","adm2_name":"Al Kamlin","adm3_pcode":null,"adm3_name":null,"adm4_pcode":null,"adm4_name":null,"name_latin":null},"geometry":{"type":"Polygon","coordinates":[[[33.2025595,14.9205868],[33.2028184,14.9205653],[33.202819,14.9205699],[33.2028607,14.9205664],[33.2028599,14.9205578],[33.2028996,14.9205544],[33.2029002,14.9205616],[33.2029425,14.9205581],[33.2029416,14.9205476],[33.2031004,14.9205342],[33.2030963,14.9204883],[33.2028931,14.9205054],[33.2028891,14.9204617],[33.2028488,14.9204651],[33.2028534,14.9205166],[33.2025554,14.9205418],[33.2025595,14.9205868]]]}},{"type":"Feature","properties":{"id":"way/1101399118","name":null,"name_en":null,"name_ar":null,"amenity":null,"building":"school","operator_type":null,"capacity_persons":null,"addr_full":null,"addr_city":null,"source":null,"adm0_pcode":"SDN","adm0_name":"Sudan","adm1_pcode":"SD15","adm1_name":"Aj Jazirah","adm2_pcode":"SD15033","adm2_name":"Sharg Al Jazirah","adm3_pcode":null,"adm3_name":null,"adm4_pcode":null,"adm4_name":null,"name_latin":null},"geometry":{"type":"Polygon","coordinates":[[[33.345609,14.9205522],[33.3459953,14.9205794],[33.3460047,14.9205211],[33.345605,14.9204939],[33.345609,14.9205522]]]}},{"type":"Feature","properties":{"id":"way/1102760264","name":null,"name_en":null,"name_ar":null,"amenity":null,"building":"school","operator_type":null,"capacity_persons":null,"addr_full":null,"addr_city":null,"source":null,"adm0_pcode":"SDN","adm0_name":"Sudan","adm1_pcode":"SD15","adm1_name":"Aj Jazirah","adm2_pcode":"SD15035","adm2_name":"Al Kamlin","adm3_pcode":null,"adm3_name":null,"adm4_pcode":null,"adm4_name":null,"name_latin":null},"geometry":{"type":"Polygon","coordinates":[[[33.2024738,14.9205696],[33.2024734,14.920531],[33.2025284,14.9205304],[33.2025288,14.920569],[33.2024738,14.9205696]]]}},{"type":"Feature","properties":{"id":"way/1102760269","name":null,"name_en":null,"name_ar":null,"amenity":null,"building":"school","operator_type":null,"capacity_persons":null,"addr_full":null,"addr_city":null,"source":null,"adm0_pcode":"SDN","adm0_name":"Sudan","adm1_pcode":"SD15","adm1_name":"Aj Jazirah","adm2_pcode":"SD15035","adm2_name":"Al Kamlin","adm3_pcode":null,"adm3_name":null,"adm4_pcode":null,"adm4_name":null,"name_latin":null},"geometry":{"type":"Polygon","coordinates":[[[33.2037203,14.9205297],[33.2036614,14.9205329],[33.2036636,14.920571],[33.2037225,14.9205678],[33.2037203,14.9205297]]]}},{"type":"Feature","properties":{"id":"way/1102760270","name":null,"name_en":null,"name_ar":null,"amenity":null,"building":"school","operator_type":null,"capacity_persons":null,"addr_full":null,"addr_city":null,"source":null,"adm0_pcode":"SDN","adm0_name":"Sudan","adm1_pcode":"SD15","adm1_name":"Aj Jazirah","adm2_pcode":"SD15035","adm2_name":"Al Kamlin","adm3_pcode":null,"adm3_name":null,"adm4_pcode":null,"adm4_name":null,"name_latin":null},"geometry":{"type":"Polygon","coordinates":[[[33.2037221,14.9205992],[33.203663,14.9205991],[33.203663,14.9206373],[33.203722,14.9206373],[33.2037221,14.9205992]]]}},{"type":"Feature","properties":{"id":"way/1101399117","name":null,"name_en":null,"name_ar":null,"amenity":"school","building":null,"operator_type":null,"capacity_persons":null,"addr_full":null,"addr_city":null,"source":null,"adm0_pcode":"SDN","adm0_name":"Sudan","adm1_pcode":"SD15","adm1_name":"Aj Jazirah","adm2_pcode":"SD15033","adm2_name":"Sharg Al Jazirah","adm3_pcode":null,"adm3_name":null,"adm4_pcode":null,"adm4_name":null,"name_latin":null},"geometry":{"type":"Polygon","coordinates":[[[33.3453639,14.9212373],[33.3453943,14.9201118],[33.3461993,14.9201963],[33.3461261,14.9213532],[33.3453639,14.9212373]]]}},{"type":"Feature","properties":{"id":"way/1102760275","name":null,"name_en":null,"name_ar":null,"amenity":null,"building":"school","operator_type":null,"capacity_persons":null,"addr_full":null,"addr_city":null,"source":null,"adm0_pcode":"SDN","adm0_name":"Sudan","adm1_pcode":"SD15","adm1_name":"Aj Jazirah","adm2_pcode":"SD15035","adm2_name":"Al Kamlin","adm3_pcode":null,"adm3_name":null,"adm4_pcode":null,"adm4_name":null,"name_latin":null},"geometry":{"type":"Polygon","coordinates":[[[33.2034663,14.9207744],[33.2034179,14.9207788],[33.2034213,14.9208147],[33.2034697,14.9208103],[33.2034663,14.9207744]]]}},{"type":"Feature","properties":{"id":"way/1101399116","name":null,"name_en":null,"name_ar":null,"amenity":null,"building":"school","operator_type":null,"capacity_persons":null,"addr_full":null,"addr_city":null,"source":null,"adm0_pcode":"SDN","adm0_name":"Sudan","adm1_pcode":"SD15","adm1_name":"Aj Jazirah","adm2_pcode":"SD15033","adm2_name":"Sharg Al Jazirah","adm3_pcode":null,"adm3_name":null,"adm4_pcode":null,"adm4_name":null,"name_latin":null},"geometry":{"type":"Polygon","coordinates":[[[33.3457555,14.9208277],[33.3459447,14.9208522],[33.3459535,14.9207882],[33.3457644,14.9207637],[33.3457555,14.9208277]]]}},{"type":"Feature","properties":{"id":"way/1102760272","name":null,"name_en":null,"name_ar":null,"amenity":null,"building":"school","operator_type":null,"capacity_persons":null,"addr_full":null,"addr_city":null,"source":null,"adm0_pcode":"SDN","adm0_name":"Sudan","adm1_pcode":"SD15","adm1_name":"Aj Jazirah","adm2_pcode":"SD15035","adm2_name":"Al Kamlin","adm3_pcode":null,"adm3_name":null,"adm4_pcode":null,"adm4_name":null,"name_latin":null},"geometry":{"type":"Polygon","coordinates":[[[33.2035723,14.9208412],[33.2035709,14.9207981],[33.2036169,14.9207967],[33.2036183,14.9208398],[33.2035723,14.9208412]]]}},{"type":"Feature","properties":{"id":"way/1102760276","name":null,"name_en":null,"name_ar":null,"amenity":null,"building":"school","operator_type":null,"capacity_persons":null,"addr_full":null,"addr_city":null,"source":null,"adm0_pcode":"SDN","adm0_name":"Sudan","adm1_pcode":"SD15","adm1_name":"Aj Jazirah","adm2_pcode":"SD15035","adm2_name":"Al Kamlin","adm3_pcode":null,"adm3_name":null,"adm4_pcode":null,"adm4_name":null,"name_latin":null},"geometry":{"type":"Polygon","coordinates":[[[33.2034711,14.9208138],[33.2034291,14.9208178],[33.2034324,14.9208501],[33.2034744,14.9208461],[33.2034711,14.9208138]]]}},{"type":"Feature","properties":{"id":"way/1101399115","name":null,"name_en":null,"name_ar":null,"amenity":null,"building":"school","operator_type":null,"capacity_persons":null,"addr_full":null,"addr_city":null,"source":null,"adm0_pcode":"SDN","adm0_name":"Sudan","adm1_pcode":"SD15","adm1_name":"Aj Jazirah","adm2_pcode":"SD15033","adm2_name":"Sharg Al Jazirah","adm3_pcode":null,"adm3_name":null,"adm4_pcode":null,"adm4_name":null,"name_latin":null},"geometry":{"type":"Polygon","coordinates":[[[33.3455908,14.9209056],[33.3457386,14.920919],[33.3457448,14.9208546],[33.3455971,14.9208412],[33.3455908,14.9209056]]]}},{"type":"Feature","properties":{"id":"way/1102760271","name":null,"name_en":null,"name_ar":null,"amenity":null,"building":"school","operator_type":null,"capacity_persons":null,"addr_full":null,"addr_city":null,"source":null,"adm0_pcode":"SDN","adm0_name":"Sudan","adm1_pcode":"SD15","adm1_name":"Aj Jazirah","adm2_pcode":"SD15035","adm2_name":"Al Kamlin","adm3_pcode":null,"adm3_name":null,"adm4_pcode":null,"adm4_name":null,"name_latin":null},"geometry":{"type":"Polygon","coordinates":[[[33.2036765,14.9208994],[33.2035028,14.9209066],[33.2035051,14.9209587],[33.2036788,14.9209516],[33.2036765,14.9208994]]]}},{"type":"Feature","properties":{"id":"way/1102760268","name":null,"name_en":null,"name_ar":null,"amenity":null,"building":"school","operator_type":null,"capacity_persons":null,"addr_full":null,"addr_city":null,"source":null,"adm0_pcode":"SDN","adm0_name":"Sudan","adm1_pcode":"SD15","adm1_name":"Aj Jazirah","adm2_pcode":"SD15035","adm2_name":"Al Kamlin","adm3_pcode":null,"adm3_name":null,"adm4_pcode":null,"adm4_name":null,"name_latin":null},"geometry":{"type":"Polygon","coordinates":[[[33.2026708,14.9210076],[33.2026705,14.9209735],[33.2027051,14.9209732],[33.2027054,14.9210073],[33.2026708,14.9210076]]]}},{"type":"Feature","properties":{"id":"way/1102760267","name":null,"name_en":null,"name_ar":null,"amenity":null,"building":"school","operator_type":null,"capacity_persons":null,"addr_full":null,"addr_city":null,"source":null,"adm0_pcode":"SDN","adm0_name":"Sudan","adm1_pcode":"SD15","adm1_name":"Aj Jazirah","adm2_pcode":"SD15035","adm2_name":"Al Kamlin","adm3_pcode":null,"adm3_name":null,"adm4_pcode":null,"adm4_name":null,"name_latin":null},"geometry":{"type":"Polygon","coordinates":[[[33.2026139,14.9210173],[33.2026108,14.9209778],[33.2026592,14.9209742],[33.2026623,14.9210137],[33.2026139,14.9210173]]]}},{"type":"Feature","properties":{"id":"way/1102760274","name":null,"name_en":null,"name_ar":null,"amenity":null,"building":"school","operator_type":null,"capacity_persons":null,"addr_full":null,"addr_city":null,"source":null,"adm0_pcode":"SDN","adm0_name":"Sudan","adm1_pcode":"SD15","adm1_name":"Aj Jazirah","adm2_pcode":"SD15035","adm2_name":"Al Kamlin","adm3_pcode":null,"adm3_name":null,"adm4_pcode":null,"adm4_name":null,"name_latin":null},"geometry":{"type":"Polygon","coordinates":[[[33.2034693,14.9211308],[33.2034572,14.9210084],[33.2035133,14.9210032],[33.2035215,14.9210864],[33.203558,14.921083],[33.2035619,14.9211223],[33.2034693,14.9211308]]]}},{"type":"Feature","properties":{"id":"way/1102760273","name":null,"name_en":null,"name_ar":null,"amenity":null,"building":"school","operator_type":null,"capacity_persons":null,"addr_full":null,"addr_city":null,"source":null,"adm0_pcode":"SDN","adm0_name":"Sudan","adm1_pcode":"SD15","adm1_name":"Aj Jazirah","adm2_pcode":"SD15035","adm2_name":"Al Kamlin","adm3_pcode":null,"adm3_name":null,"adm4_pcode":null,"adm4_name":null,"name_latin":null},"geometry":{"type":"Polygon","coordinates":[[[33.2033953,14.921136],[33.2033816,14.9210162],[33.2034377,14.9210102],[33.2034515,14.92113],[33.2033953,14.921136]]]}},{"type":"Feature","properties":{"id":"way/1101399114","name":null,"name_en":null,"name_ar":null,"amenity":null,"building":"school","operator_type":null,"capacity_persons":null,"addr_full":null,"addr_city":null,"source":null,"adm0_pcode":"SDN","adm0_name":"Sudan","adm1_pcode":"SD15","adm1_name":"Aj Jazirah","adm2_pcode":"SD15033","adm2_name":"Sharg Al Jazirah","adm3_pcode":null,"adm3_name":null,"adm4_pcode":null,"adm4_name":null,"name_latin":null},"geometry":{"type":"Polygon","coordinates":[[[33.3459252,14.9211026],[33.3460926,14.9211284],[33.3461033,14.9210635],[33.345936,14.9210376],[33.3459252,14.9211026]]]}},{"type":"Feature","properties":{"id":"way/1101399113","name":null,"name_en":null,"name_ar":null,"amenity":null,"building":"school","operator_type":null,"capacity_persons":null,"addr_full":null,"addr_city":null,"source":null,"adm0_pcode":"SDN","adm0_name":"Sudan","adm1_pcode":"SD15","adm1_name":"Aj Jazirah","adm2_pcode":"SD15033","adm2_name":"Sharg Al Jazirah","adm3_pcode":null,"adm3_name":null,"adm4_pcode":null,"adm4_name":null,"name_latin":null},"geometry":{"type":"Polygon","coordinates":[[[33.3456685,14.9211626],[33.345907,14.9211839],[33.3459132,14.9211189],[33.3456747,14.9210977],[33.3456685,14.9211626]]]}},{"type":"Feature","properties":{"id":"way/1101512458","name":null,"name_en":null,"name_ar":null,"amenity":null,"building":"school","operator_type":null,"capacity_persons":null,"addr_full":null,"addr_city":null,"source":null,"adm0_pcode":"SDN","adm0_name":"Sudan","adm1_pcode":"SD15","adm1_name":"Aj Jazirah","adm2_pcode":"SD15033","adm2_name":"Sharg Al Jazirah","adm3_pcode":null,"adm3_name":null,"adm4_pcode":null,"adm4_name":null,"name_latin":null},"geometry":{"type":"Polygon","coordinates":[[[33.4259044,14.9230092],[33.4265743,14.9231507],[33.4266068,14.9230878],[33.4259195,14.9229428],[33.4259044,14.9230092]]]}},{"type":"Feature","properties":{"id":"way/1101513043","name":null,"name_en":null,"name_ar":null,"amenity":null,"building":"school","operator_type":null,"capacity_persons":null,"addr_full":null,"addr_city":null,"source":null,"adm0_pcode":"SDN","adm0_name":"Sudan","adm1_pcode":"SD15","adm1_name":"Aj Jazirah","adm2_pcode":"SD15033","adm2_name":"Sharg Al Jazirah","adm3_pcode":null,"adm3_name":null,"adm4_pcode":null,"adm4_name":null,"name_latin":null},"geometry":{"type":"Polygon","coordinates":[[[33.4259034,14.9230103],[33.4265812,14.9231607],[33.4266059,14.9230981],[33.4259203,14.9229433],[33.4259034,14.9230103]]]}},{"type":"Feature","properties":{"id":"way/1101512459","name":null,"name_en":null,"name_ar":null,"amenity":null,"building":"school","operator_type":null,"capacity_persons":null,"addr_full":null,"addr_city":null,"source":null,"adm0_pcode":"SDN","adm0_name":"Sudan","adm1_pcode":"SD15","adm1_name":"Aj Jazirah","adm2_pcode":"SD15033","adm2_name":"Sharg Al Jazirah","adm3_pcode":null,"adm3_name":null,"adm4_pcode":null,"adm4_name":null,"name_latin":null},"geometry":{"type":"Polygon","coordinates":[[[33.4266068,14.9231635],[33.4267409,14.9232037],[33.4267562,14.9231536],[33.4267338,14.9231536],[33.4267348,14.9231095],[33.42662,14.9230849],[33.4266068,14.9231635]]]}},{"type":"Feature","properties":{"id":"way/1101513044","name":null,"name_en":null,"name_ar":null,"amenity":null,"building":"school","operator_type":null,"capacity_persons":null,"addr_full":null,"addr_city":null,"source":null,"adm0_pcode":"SDN","adm0_name":"Sudan","adm1_pcode":"SD15","adm1_name":"Aj Jazirah","adm2_pcode":"SD15033","adm2_name":"Sharg Al Jazirah","adm3_pcode":null,"adm3_name":null,"adm4_pcode":null,"adm4_name":null,"name_latin":null},"geometry":{"type":"Polygon","coordinates":[[[33.4266079,14.9231674],[33.4266185,14.923099],[33.4267309,14.9231187],[33.4267353,14.9231546],[33.4267521,14.9231571],[33.4267406,14.9232025],[33.4266079,14.9231674]]]}},{"type":"Feature","properties":{"id":"way/1101513045","name":null,"name_en":null,"name_ar":null,"amenity":null,"building":"school","operator_type":null,"capacity_persons":null,"addr_full":null,"addr_city":null,"source":null,"adm0_pcode":"SDN","adm0_name":"Sudan","adm1_pcode":"SD15","adm1_name":"Aj Jazirah","adm2_pcode":"SD15033","adm2_name":"Sharg Al Jazirah","adm3_pcode":null,"adm3_name":null,"adm4_pcode":null,"adm4_name":null,"name_latin":null},"geometry":{"type":"Polygon","coordinates":[[[33.425893,14.9232503],[33.425907,14.9231916],[33.4259432,14.9231984],[33.425928,14.923257],[33.425893,14.9232503]]]}},{"type":"Feature","properties":{"id":"way/1101512460","name":null,"name_en":null,"name_ar":null,"amenity":null,"building":"school","operator_type":null,"capacity_persons":null,"addr_full":null,"addr_city":null,"source":null,"adm0_pcode":"SDN","adm0_name":"Sudan","adm1_pcode":"SD15","adm1_name":"Aj Jazirah","adm2_pcode":"SD15033","adm2_name":"Sharg Al Jazirah","adm3_pcode":null,"adm3_name":null,"adm4_pcode":null,"adm4_name":null,"name_latin":null},"geometry":{"type":"Polygon","coordinates":[[[33.425891,14.9232455],[33.4259104,14.9231868],[33.4259632,14.9232031],[33.4259438,14.9232618],[33.425891,14.9232455]]]}},{"type":"Feature","properties":{"id":"way/1101512461","name":null,"name_en":null,"name_ar":null,"amenity":"school","building":null,"operator_type":null,"capacity_persons":null,"addr_full":null,"addr_city":null,"source":null,"adm0_pcode":"SDN","adm0_name":"Sudan","adm1_pcode":"SD15","adm1_name":"Aj Jazirah","adm2_pcode":"SD15033","adm2_name":"Sharg Al Jazirah","adm3_pcode":null,"adm3_name":null,"adm4_pcode":null,"adm4_name":null,"name_latin":null},"geometry":{"type":"Polygon","coordinates":[[[33.4256191,14.923773],[33.4266507,14.9239679],[33.4268312,14.9228291],[33.4257819,14.9226615],[33.4256191,14.923773]]]}},{"type":"Feature","properties":{"id":"way/1101513038","name":null,"name_en":null,"name_ar":null,"amenity":"school","building":null,"operator_type":null,"capacity_persons":null,"addr_full":null,"addr_city":null,"source":null,"adm0_pcode":"SDN","adm0_name":"Sudan","adm1_pcode":"SD15","adm1_name":"Aj Jazirah","adm2_pcode":"SD15033","adm2_name":"Sharg Al Jazirah","adm3_pcode":null,"adm3_name":null,"adm4_pcode":null,"adm4_name":null,"name_latin":null},"geometry":{"type":"Polygon","coordinates":[[[33.4256147,14.9237741],[33.4266314,14.9239646],[33.4268317,14.9228244],[33.4257841,14.9226726],[33.4256147,14.9237741]]]}},{"type":"Feature","properties":{"id":"way/1101513042","name":null,"name_en":null,"name_ar":null,"amenity":null,"building":"school","operator_type":null,"capacity_persons":null,"addr_full":null,"addr_city":null,"source":null,"adm0_pcode":"SDN","adm0_name":"Sudan","adm1_pcode":"SD15","adm1_name":"Aj Jazirah","adm2_pcode":"SD15033","adm2_name":"Sharg Al Jazirah","adm3_pcode":null,"adm3_name":null,"adm4_pcode":null,"adm4_name":null,"name_latin":null},"geometry":{"type":"Polygon","coordinates":[[[33.4265099,14.9233939],[33.4265583,14.9232881],[33.4264676,14.9232494],[33.4264192,14.9233552],[33.4265099,14.9233939]]]}},{"type":"Feature","properties":{"id":"way/1101512457","name":null,"name_en":null,"name_ar":null,"amenity":null,"building":"school","operator_type":null,"capacity_persons":null,"addr_full":null,"addr_city":null,"source":null,"adm0_pcode":"SDN","adm0_name":"Sudan","adm1_pcode":"SD15","adm1_name":"Aj Jazirah","adm2_pcode":"SD15033","adm2_name":"Sharg Al Jazirah","adm3_pcode":null,"adm3_name":null,"adm4_pcode":null,"adm4_name":null,"name_latin":null},"geometry":{"type":"Polygon","coordinates":[[[33.4264167,14.923352],[33.4265133,14.9233923],[33.426561,14.9232882],[33.4264686,14.9232558],[33.4264167,14.923352]]]}},{"type":"Feature","properties":{"id":"way/1101513039","name":null,"name_en":null,"name_ar":null,"amenity":null,"building":"school","operator_type":null,"capacity_persons":null,"addr_full":null,"addr_city":null,"source":null,"adm0_pcode":"SDN","adm0_name":"Sudan","adm1_pcode":"SD15","adm1_name":"Aj Jazirah","adm2_pcode":"SD15033","adm2_name":"Sharg Al Jazirah","adm3_pcode":null,"adm3_name":null,"adm4_pcode":null,"adm4_name":null,"name_latin":null},"geometry":{"type":"Polygon","coordinates":[[[33.4257828,14.9233708],[33.4260054,14.9234241],[33.4260213,14.9233623],[33.4257987,14.9233089],[33.4257828,14.9233708]]]}},{"type":"Feature","properties":{"id":"way/1101512455","name":null,"name_en":null,"name_ar":null,"amenity":null,"building":"school","operator_type":null,"capacity_persons":null,"addr_full":null,"addr_city":null,"source":null,"adm0_pcode":"SDN","adm0_name":"Sudan","adm1_pcode":"SD15","adm1_name":"Aj Jazirah","adm2_pcode":"SD15033","adm2_name":"Sharg Al Jazirah","adm3_pcode":null,"adm3_name":null,"adm4_pcode":null,"adm4_name":null,"name_latin":null},"geometry":{"type":"Polygon","coordinates":[[[33.4257884,14.9233831],[33.4260052,14.9234235],[33.4260168,14.9233655],[33.4258,14.9233251],[33.4257884,14.9233831]]]}},{"type":"Feature","properties":{"id":"way/1101512456","name":null,"name_en":null,"name_ar":null,"amenity":null,"building":"school","operator_type":null,"capacity_persons":null,"addr_full":null,"addr_city":null,"source":null,"adm0_pcode":"SDN","adm0_name":"Sudan","adm1_pcode":"SD15","adm1_name":"Aj Jazirah","adm2_pcode":"SD15033","adm2_name":"Sharg Al Jazirah","adm3_pcode":null,"adm3_name":null,"adm4_pcode":null,"adm4_name":null,"name_latin":null},"geometry":{"type":"Polygon","coordinates":[[[33.4263066,14.9234882],[33.4265173,14.9235435],[33.4265488,14.9234915],[33.4263223,14.9234321],[33.4263066,14.9234882]]]}},{"type":"Feature","properties":{"id":"way/1101513041","name":null,"name_en":null,"name_ar":null,"amenity":null,"building":"school","operator_type":null,"capacity_persons":null,"addr_full":null,"addr_city":null,"source":null,"adm0_pcode":"SDN","adm0_name":"Sudan","adm1_pcode":"SD15","adm1_name":"Aj Jazirah","adm2_pcode":"SD15033","adm2_name":"Sharg Al Jazirah","adm3_pcode":null,"adm3_name":null,"adm4_pcode":null,"adm4_name":null,"name_latin":null},"geometry":{"type":"Polygon","coordinates":[[[33.4262916,14.9234905],[33.4265182,14.9235515],[33.4265361,14.9234894],[33.4263094,14.9234284],[33.4262916,14.9234905]]]}},{"type":"Feature","properties":{"id":"way/1101513040","name":null,"name_en":null,"name_ar":null,"amenity":null,"building":"school","operator_type":null,"capacity_persons":null,"addr_full":null,"addr_city":null,"source":null,"adm0_pcode":"SDN","adm0_name":"Sudan","adm1_pcode":"SD15","adm1_name":"Aj Jazirah","adm2_pcode":"SD15033","adm2_name":"Sharg Al Jazirah","adm3_pcode":null,"adm3_name":null,"adm4_pcode":null,"adm4_name":null,"name_latin":null},"geometry":{"type":"Polygon","coordinates":[[[33.4259789,14.9235223],[33.4262667,14.9235705],[33.4262992,14.9235057],[33.4259912,14.9234541],[33.4259789,14.9235223]]]}},{"type":"Feature","properties":{"id":"way/1101512454","name":null,"name_en":null,"name_ar":null,"amenity":null,"building":"school","operator_type":null,"capacity_persons":null,"addr_full":null,"addr_city":null,"source":null,"adm0_pcode":"SDN","adm0_name":"Sudan","adm1_pcode":"SD15","adm1_name":"Aj Jazirah","adm2_pcode":"SD15033","adm2_name":"Sharg Al Jazirah","adm3_pcode":null,"adm3_name":null,"adm4_pcode":null,"adm4_name":null,"name_latin":null},"geometry":{"type":"Polygon","coordinates":[[[33.42599,14.923506],[33.426269,14.9235753],[33.4262857,14.9235131],[33.4260048,14.9234509],[33.42599,14.923506]]]}},{"type":"Feature","properties":{"id":"way/1104101062","name":null,"name_en":null,"name_ar":null,"amenity":"school","building":null,"operator_type":null,"capacity_persons":null,"addr_full":null,"addr_city":null,"source":null,"adm0_pcode":"SDN","adm0_name":"Sudan","adm1_pcode":"SD15","adm1_name":"Aj Jazirah","adm2_pcode":"SD15033","adm2_name":"Sharg Al Jazirah","adm3_pcode":null,"adm3_name":null,"adm4_pcode":null,"adm4_name":null,"name_latin":null},"geometry":{"type":"Polygon","coordinates":[[[33.4310184,14.9318022],[33.4310329,14.931741],[33.4310766,14.9317507],[33.4310621,14.9318119],[33.4310184,14.9318022]]]}},{"type":"Feature","properties":{"id":"way/1104101061","name":null,"name_en":null,"name_ar":null,"amenity":"school","building":null,"operator_type":null,"capacity_persons":null,"addr_full":null,"addr_city":null,"source":null,"adm0_pcode":"SDN","adm0_name":"Sudan","adm1_pcode":"SD15","adm1_name":"Aj Jazirah","adm2_pcode":"SD15033","adm2_name":"Sharg Al Jazirah","adm3_pcode":null,"adm3_name":null,"adm4_pcode":null,"adm4_name":null,"name_latin":null},"geometry":{"type":"Polygon","coordinates":[[[33.4318668,14.9318509],[33.4318685,14.931807],[33.4319345,14.9318092],[33.4319329,14.9318531],[33.4318668,14.9318509]]]}},{"type":"Feature","properties":{"id":"way/1104101048","name":null,"name_en":null,"name_ar":null,"amenity":"school","building":null,"operator_type":null,"capacity_persons":null,"addr_full":null,"addr_city":null,"source":null,"adm0_pcode":"SDN","adm0_name":"Sudan","adm1_pcode":"SD15","adm1_name":"Aj Jazirah","adm2_pcode":"SD15033","adm2_name":"Sharg Al Jazirah","adm3_pcode":null,"adm3_name":null,"adm4_pcode":null,"adm4_name":null,"name_latin":null},"geometry":{"type":"Polygon","coordinates":[[[33.4314735,14.9318753],[33.4311677,14.9318467],[33.4311733,14.9317909],[33.4314791,14.9318193],[33.4314735,14.9318753]]]}},{"type":"Feature","properties":{"id":"way/1104101060","name":null,"name_en":null,"name_ar":null,"amenity":"school","building":null,"operator_type":null,"capacity_persons":null,"addr_full":null,"addr_city":null,"source":null,"adm0_pcode":"SDN","adm0_name":"Sudan","adm1_pcode":"SD15","adm1_name":"Aj Jazirah","adm2_pcode":"SD15033","adm2_name":"Sharg Al Jazirah","adm3_pcode":null,"adm3_name":null,"adm4_pcode":null,"adm4_name":null,"name_latin":null},"geometry":{"type":"Polygon","coordinates":[[[33.4318028,14.9319168],[33.4318023,14.9318195],[33.4318432,14.9318193],[33.4318437,14.9319166],[33.4318028,14.9319168]]]}},{"type":"Feature","properties":{"id":"way/1104101058","name":null,"name_en":null,"name_ar":null,"amenity":"school","building":null,"operator_type":null,"capacity_persons":null,"addr_full":null,"addr_city":null,"source":null,"adm0_pcode":"SDN","adm0_name":"Sudan","adm1_pcode":"SD15","adm1_name":"Aj Jazirah","adm2_pcode":"SD15033","adm2_name":"Sharg Al Jazirah","adm3_pcode":null,"adm3_name":null,"adm4_pcode":null,"adm4_name":null,"name_latin":null},"geometry":{"type":"Polygon","coordinates":[[[33.4315873,14.9318998],[33.4315051,14.9319],[33.431505,14.9318436],[33.4315872,14.9318434],[33.4315873,14.9318998]]]}},{"type":"Feature","properties":{"id":"way/1104101059","name":null,"name_en":null,"name_ar":null,"amenity":"school","building":null,"operator_type":null,"capacity_persons":null,"addr_full":null,"addr_city":null,"source":null,"adm0_pcode":"SDN","adm0_name":"Sudan","adm1_pcode":"SD15","adm1_name":"Aj Jazirah","adm2_pcode":"SD15033","adm2_name":"Sharg Al Jazirah","adm3_pcode":null,"adm3_name":null,"adm4_pcode":null,"adm4_name":null,"name_latin":null},"geometry":{"type":"Polygon","coordinates":[[[33.4315873,14.9318998],[33.4315872,14.9318434],[33.4317983,14.931844],[33.431798,14.9319007],[33.4315873,14.9318998]]]}},{"type":"Feature","properties":{"id":"way/1104101051","name":null,"name_en":null,"name_ar":null,"amenity":"school","building":null,"operator_type":null,"capacity_persons":null,"addr_full":null,"addr_city":null,"source":null,"adm0_pcode":"SDN","adm0_name":"Sudan","adm1_pcode":"SD15","adm1_name":"Aj Jazirah","adm2_pcode":"SD15033","adm2_name":"Sharg Al Jazirah","adm3_pcode":null,"adm3_name":null,"adm4_pcode":null,"adm4_name":null,"name_latin":null},"geometry":{"type":"Polygon","coordinates":[[[33.4313792,14.9319881],[33.4313882,14.9319288],[33.4314335,14.9319352],[33.4314245,14.9319945],[33.4313792,14.9319881]]]}},{"type":"Feature","properties":{"id":"way/1104101050","name":null,"name_en":null,"name_ar":null,"amenity":"school","building":null,"operator_type":null,"capacity_persons":null,"addr_full":null,"addr_city":null,"source":null,"adm0_pcode":"SDN","adm0_name":"Sudan","adm1_pcode":"SD15","adm1_name":"Aj Jazirah","adm2_pcode":"SD15033","adm2_name":"Sharg Al Jazirah","adm3_pcode":null,"adm3_name":null,"adm4_pcode":null,"adm4_name":null,"name_latin":null},"geometry":{"type":"Polygon","coordinates":[[[33.4310158,14.9320774],[33.4310511,14.9318713],[33.43111,14.9318807],[33.4310746,14.9320868],[33.4310158,14.9320774]]]}},{"type":"Feature","properties":{"id":"way/1104101057","name":null,"name_en":null,"name_ar":null,"amenity":"school","building":null,"operator_type":null,"capacity_persons":null,"addr_full":null,"addr_city":null,"source":null,"adm0_pcode":"SDN","adm0_name":"Sudan","adm1_pcode":"SD15","adm1_name":"Aj Jazirah","adm2_pcode":"SD15033","adm2_name":"Sharg Al Jazirah","adm3_pcode":null,"adm3_name":null,"adm4_pcode":null,"adm4_name":null,"name_latin":null},"geometry":{"type":"Polygon","coordinates":[[[33.4318736,14.9320404],[33.4317676,14.9320268],[33.4317731,14.9319862],[33.4318792,14.9319997],[33.4318736,14.9320404]]]}},{"type":"Feature","properties":{"id":"way/1104101049","name":null,"name_en":null,"name_ar":null,"amenity":"school","building":null,"operator_type":null,"capacity_persons":null,"addr_full":null,"addr_city":null,"source":null,"adm0_pcode":"SDN","adm0_name":"Sudan","adm1_pcode":"SD15","adm1_name":"Aj Jazirah","adm2_pcode":"SD15033","adm2_name":"Sharg Al Jazirah","adm3_pcode":null,"adm3_name":null,"adm4_pcode":null,"adm4_name":null,"name_latin":null},"geometry":{"type":"Polygon","coordinates":[[[33.4309968,14.9320469],[33.4307849,14.9319998],[33.4307694,14.9320651],[33.4309813,14.9321121],[33.4309968,14.9320469]]]}},{"type":"Feature","properties":{"id":"way/1104101056","name":null,"name_en":null,"name_ar":null,"amenity":"school","building":null,"operator_type":null,"capacity_persons":null,"addr_full":null,"addr_city":null,"source":null,"adm0_pcode":"SDN","adm0_name":"Sudan","adm1_pcode":"SD15","adm1_name":"Aj Jazirah","adm2_pcode":"SD15033","adm2_name":"Sharg Al Jazirah","adm3_pcode":null,"adm3_name":null,"adm4_pcode":null,"adm4_name":null,"name_latin":null},"geometry":{"type":"Polygon","coordinates":[[[33.4317335,14.9320916],[33.431741,14.932031],[33.4317814,14.9320356],[33.4317739,14.9320963],[33.4317335,14.9320916]]]}},{"type":"Feature","properties":{"id":"way/1104101064","name":null,"name_en":null,"name_ar":null,"amenity":"school","building":null,"operator_type":null,"capacity_persons":null,"addr_full":null,"addr_city":null,"source":null,"adm0_pcode":"SDN","adm0_name":"Sudan","adm1_pcode":"SD15","adm1_name":"Aj Jazirah","adm2_pcode":"SD15033","adm2_name":"Sharg Al Jazirah","adm3_pcode":null,"adm3_name":null,"adm4_pcode":null,"adm4_name":null,"name_latin":null},"geometry":{"type":"Polygon","coordinates":[[[33.4306886,14.9321868],[33.4307922,14.9316916],[33.4319463,14.9317979],[33.4317733,14.932455],[33.4306886,14.9321868]]]}},{"type":"Feature","properties":{"id":"way/1104101052","name":null,"name_en":null,"name_ar":null,"amenity":"school","building":null,"operator_type":null,"capacity_persons":null,"addr_full":null,"addr_city":null,"source":null,"adm0_pcode":"SDN","adm0_name":"Sudan","adm1_pcode":"SD15","adm1_name":"Aj Jazirah","adm2_pcode":"SD15033","adm2_name":"Sharg Al Jazirah","adm3_pcode":null,"adm3_name":null,"adm4_pcode":null,"adm4_name":null,"name_latin":null},"geometry":{"type":"Polygon","coordinates":[[[33.4313877,14.9321943],[33.4314055,14.9321399],[33.431492,14.9321663],[33.4314742,14.9322207],[33.4313877,14.9321943]]]}},{"type":"Feature","properties":{"id":"way/1104101047","name":null,"name_en":null,"name_ar":null,"amenity":"school","building":null,"operator_type":null,"capacity_persons":null,"addr_full":null,"addr_city":null,"source":null,"adm0_pcode":"SDN","adm0_name":"Sudan","adm1_pcode":"SD15","adm1_name":"Aj Jazirah","adm2_pcode":"SD15033","adm2_name":"Sharg Al Jazirah","adm3_pcode":null,"adm3_name":null,"adm4_pcode":null,"adm4_name":null,"name_latin":null},"geometry":{"type":"Polygon","coordinates":[[[33.4313697,14.932279],[33.4310742,14.9321979],[33.43109,14.9321439],[33.4313856,14.932225],[33.4313697,14.932279]]]}},{"type":"Feature","properties":{"id":"way/1104101055","name":null,"name_en":null,"name_ar":null,"amenity":"school","building":null,"operator_type":null,"capacity_persons":null,"addr_full":null,"addr_city":null,"source":null,"adm0_pcode":"SDN","adm0_name":"Sudan","adm1_pcode":"SD15","adm1_name":"Aj Jazirah","adm2_pcode":"SD15033","adm2_name":"Sharg Al Jazirah","adm3_pcode":null,"adm3_name":null,"adm4_pcode":null,"adm4_name":null,"name_latin":null},"geometry":{"type":"Polygon","coordinates":[[[33.4317977,14.9323134],[33.4316844,14.932277],[33.4317037,14.932221],[33.431817,14.9322574],[33.4317977,14.9323134]]]}},{"type":"Feature","properties":{"id":"way/1104101053","name":null,"name_en":null,"name_ar":null,"amenity":"school","building":null,"operator_type":null,"capacity_persons":null,"addr_full":null,"addr_city":null,"source":null,"adm0_pcode":"SDN","adm0_name":"Sudan","adm1_pcode":"SD15","adm1_name":"Aj Jazirah","adm2_pcode":"SD15033","adm2_name":"Sharg Al Jazirah","adm3_pcode":null,"adm3_name":null,"adm4_pcode":null,"adm4_name":null,"name_latin":null},"geometry":{"type":"Polygon","coordinates":[[[33.4316835,14.932304],[33.4314677,14.9322376],[33.4314477,14.9322985],[33.4316634,14.9323648],[33.4316835,14.932304]]]}},{"type":"Feature","properties":{"id":"way/1104101063","name":null,"name_en":null,"name_ar":null,"amenity":"school","building":null,"operator_type":null,"capacity_persons":null,"addr_full":null,"addr_city":null,"source":null,"adm0_pcode":"SDN","adm0_name":"Sudan","adm1_pcode":"SD15","adm1_name":"Aj Jazirah","adm2_pcode":"SD15033","adm2_name":"Sharg Al Jazirah","adm3_pcode":null,"adm3_name":null,"adm4_pcode":null,"adm4_name":null,"name_latin":null},"geometry":{"type":"Polygon","coordinates":[[[33.4313516,14.9323331],[33.4313607,14.9322914],[33.4313231,14.9322838],[33.4313194,14.9323007],[33.4312963,14.932296],[33.4312909,14.9323207],[33.4313516,14.9323331]]]}},{"type":"Feature","properties":{"id":"way/1104101054","name":null,"name_en":null,"name_ar":null,"amenity":"school","building":null,"operator_type":null,"capacity_persons":null,"addr_full":null,"addr_city":null,"source":null,"adm0_pcode":"SDN","adm0_name":"Sudan","adm1_pcode":"SD15","adm1_name":"Aj Jazirah","adm2_pcode":"SD15033","adm2_name":"Sharg Al Jazirah","adm3_pcode":null,"adm3_name":null,"adm4_pcode":null,"adm4_name":null,"name_latin":null},"geometry":{"type":"Polygon","coordinates":[[[33.4316953,14.9324146],[33.4317107,14.9323655],[33.4317875,14.9323879],[33.4317722,14.932437],[33.4316953,14.9324146]]]}},{"type":"Feature","properties":{"id":"way/1103036818","name":null,"name_en":null,"name_ar":null,"amenity":"school","building":null,"operator_type":null,"capacity_persons":null,"addr_full":null,"addr_city":null,"source":null,"adm0_pcode":"SDN","adm0_name":"Sudan","adm1_pcode":"SD15","adm1_name":"Aj Jazirah","adm2_pcode":"SD15033","adm2_name":"Sharg Al Jazirah","adm3_pcode":null,"adm3_name":null,"adm4_pcode":null,"adm4_name":null,"name_latin":null},"geometry":{"type":"Polygon","coordinates":[[[33.5267464,14.9386169],[33.5268245,14.9386376],[33.5268379,14.9385903],[33.5267599,14.9385696],[33.5267464,14.9386169]]]}},{"type":"Feature","properties":{"id":"way/1103036817","name":null,"name_en":null,"name_ar":null,"amenity":"school","building":null,"operator_type":null,"capacity_persons":null,"addr_full":null,"addr_city":null,"source":null,"adm0_pcode":"SDN","adm0_name":"Sudan","adm1_pcode":"SD15","adm1_name":"Aj Jazirah","adm2_pcode":"SD15033","adm2_name":"Sharg Al Jazirah","adm3_pcode":null,"adm3_name":null,"adm4_pcode":null,"adm4_name":null,"name_latin":null},"geometry":{"type":"Polygon","coordinates":[[[33.526845,14.9386496],[33.5268599,14.9385996],[33.5271525,14.9386811],[33.5271376,14.9387312],[33.526845,14.9386496]]]}},{"type":"Feature","properties":{"id":"way/1103036816","name":null,"name_en":null,"name_ar":null,"amenity":"school","building":null,"operator_type":null,"capacity_persons":null,"addr_full":null,"addr_city":null,"source":null,"adm0_pcode":"SDN","adm0_name":"Sudan","adm1_pcode":"SD15","adm1_name":"Aj Jazirah","adm2_pcode":"SD15033","adm2_name":"Sharg Al Jazirah","adm3_pcode":null,"adm3_name":null,"adm4_pcode":null,"adm4_name":null,"name_latin":null},"geometry":{"type":"Polygon","coordinates":[[[33.527001,14.9388838],[33.5270151,14.9388253],[33.5272232,14.9388725],[33.527209,14.9389309],[33.527001,14.9388838]]]}},{"type":"Feature","properties":{"id":"way/1103036819","name":null,"name_en":null,"name_ar":null,"amenity":"school","building":null,"operator_type":null,"capacity_persons":null,"addr_full":null,"addr_city":null,"source":null,"adm0_pcode":"SDN","adm0_name":"Sudan","adm1_pcode":"SD15","adm1_name":"Aj Jazirah","adm2_pcode":"SD15033","adm2_name":"Sharg Al Jazirah","adm3_pcode":null,"adm3_name":null,"adm4_pcode":null,"adm4_name":null,"name_latin":null},"geometry":{"type":"Polygon","coordinates":[[[33.5263908,14.939375],[33.5272056,14.9396067],[33.5274206,14.9389173],[33.5274857,14.9387737],[33.5275559,14.9385284],[33.5267393,14.938341],[33.5267284,14.938476],[33.5266321,14.9384594],[33.5263908,14.939375]]]}},{"type":"Feature","properties":{"id":"way/1103036815","name":null,"name_en":null,"name_ar":null,"amenity":"school","building":null,"operator_type":null,"capacity_persons":null,"addr_full":null,"addr_city":null,"source":null,"adm0_pcode":"SDN","adm0_name":"Sudan","adm1_pcode":"SD15","adm1_name":"Aj Jazirah","adm2_pcode":"SD15033","adm2_name":"Sharg Al Jazirah","adm3_pcode":null,"adm3_name":null,"adm4_pcode":null,"adm4_name":null,"name_latin":null},"geometry":{"type":"Polygon","coordinates":[[[33.5267481,14.9390008],[33.5267623,14.938949],[33.5270521,14.939023],[33.5270379,14.9390748],[33.5267481,14.9390008]]]}},{"type":"Feature","properties":{"id":"way/1101492207","name":null,"name_en":null,"name_ar":null,"amenity":null,"building":"school","operator_type":null,"capacity_persons":null,"addr_full":null,"addr_city":null,"source":null,"adm0_pcode":"SDN","adm0_name":"Sudan","adm1_pcode":"SD15","adm1_name":"Aj Jazirah","adm2_pcode":"SD15033","adm2_name":"Sharg Al Jazirah","adm3_pcode":null,"adm3_name":null,"adm4_pcode":null,"adm4_name":null,"name_latin":null},"geometry":{"type":"Polygon","coordinates":[[[33.2411453,14.9410864],[33.2414705,14.9410726],[33.2414685,14.940998],[33.2411453,14.9410058],[33.2411453,14.9410864]]]}},{"type":"Feature","properties":{"id":"way/1101197638","name":null,"name_en":null,"name_ar":null,"amenity":"school","building":null,"operator_type":null,"capacity_persons":null,"addr_full":null,"addr_city":null,"source":null,"adm0_pcode":"SDN","adm0_name":"Sudan","adm1_pcode":"SD15","adm1_name":"Aj Jazirah","adm2_pcode":"SD15033","adm2_name":"Sharg Al Jazirah","adm3_pcode":null,"adm3_name":null,"adm4_pcode":null,"adm4_name":null,"name_latin":null},"geometry":{"type":"Polygon","coordinates":[[[33.2422916,14.9411048],[33.2422903,14.9410263],[33.2423471,14.941025],[33.2423471,14.9411039],[33.2422916,14.9411048]]]}},{"type":"Feature","properties":{"id":"way/1101197637","name":null,"name_en":null,"name_ar":null,"amenity":"school","building":null,"operator_type":null,"capacity_persons":null,"addr_full":null,"addr_city":null,"source":null,"adm0_pcode":"SDN","adm0_name":"Sudan","adm1_pcode":"SD15","adm1_name":"Aj Jazirah","adm2_pcode":"SD15033","adm2_name":"Sharg Al Jazirah","adm3_pcode":null,"adm3_name":null,"adm4_pcode":null,"adm4_name":null,"name_latin":null},"geometry":{"type":"Polygon","coordinates":[[[33.2423503,14.9410503],[33.2425533,14.9410485],[33.2425528,14.9410987],[33.2423494,14.9410987],[33.2423503,14.9410503]]]}},{"type":"Feature","properties":{"id":"way/1101197636","name":null,"name_en":null,"name_ar":null,"amenity":"school","building":null,"operator_type":null,"capacity_persons":null,"addr_full":null,"addr_city":null,"source":null,"adm0_pcode":"SDN","adm0_name":"Sudan","adm1_pcode":"SD15","adm1_name":"Aj Jazirah","adm2_pcode":"SD15033","adm2_name":"Sharg Al Jazirah","adm3_pcode":null,"adm3_name":null,"adm4_pcode":null,"adm4_name":null,"name_latin":null},"geometry":{"type":"Polygon","coordinates":[[[33.2421184,14.9410485],[33.2422867,14.9410485],[33.2422898,14.9411008],[33.242118,14.9411043],[33.2421184,14.9410485]]]}},{"type":"Feature","properties":{"id":"way/1101492206","name":null,"name_en":null,"name_ar":null,"amenity":null,"building":"school","operator_type":null,"capacity_persons":null,"addr_full":null,"addr_city":null,"source":null,"adm0_pcode":"SDN","adm0_name":"Sudan","adm1_pcode":"SD15","adm1_name":"Aj Jazirah","adm2_pcode":"SD15033","adm2_name":"Sharg Al Jazirah","adm3_pcode":null,"adm3_name":null,"adm4_pcode":null,"adm4_name":null,"name_latin":null},"geometry":{"type":"Polygon","coordinates":[[[33.2409233,14.9412581],[33.2411369,14.9412541],[33.2411352,14.9411689],[33.2409216,14.9411729],[33.2409233,14.9412581]]]}},{"type":"Feature","properties":{"id":"way/1101197639","name":null,"name_en":null,"name_ar":null,"amenity":"school","building":null,"operator_type":null,"capacity_persons":null,"addr_full":null,"addr_city":null,"source":null,"adm0_pcode":"SDN","adm0_name":"Sudan","adm1_pcode":"SD15","adm1_name":"Aj Jazirah","adm2_pcode":"SD15033","adm2_name":"Sharg Al Jazirah","adm3_pcode":null,"adm3_name":null,"adm4_pcode":null,"adm4_name":null,"name_latin":null},"geometry":{"type":"Polygon","coordinates":[[[33.2421289,14.9414918],[33.2421047,14.9409412],[33.2427505,14.9409375],[33.2427799,14.9414836],[33.2421289,14.9414918]]]}},{"type":"Feature","properties":{"id":"way/1101492204","name":null,"name_en":null,"name_ar":null,"amenity":"school","building":null,"operator_type":null,"capacity_persons":null,"addr_full":null,"addr_city":null,"source":null,"adm0_pcode":"SDN","adm0_name":"Sudan","adm1_pcode":"SD15","adm1_name":"Aj Jazirah","adm2_pcode":"SD15033","adm2_name":"Sharg Al Jazirah","adm3_pcode":null,"adm3_name":null,"adm4_pcode":null,"adm4_name":null,"name_latin":null},"geometry":{"type":"Polygon","coordinates":[[[33.2419482,14.9409234],[33.2419604,14.9414988],[33.2409826,14.9415243],[33.2408647,14.9415185],[33.2409013,14.9409626],[33.2419482,14.9409234]]]}},{"type":"Feature","properties":{"id":"way/1101197634","name":null,"name_en":null,"name_ar":null,"amenity":"school","building":null,"operator_type":null,"capacity_persons":null,"addr_full":null,"addr_city":null,"source":null,"adm0_pcode":"SDN","adm0_name":"Sudan","adm1_pcode":"SD15","adm1_name":"Aj Jazirah","adm2_pcode":"SD15033","adm2_name":"Sharg Al Jazirah","adm3_pcode":null,"adm3_name":null,"adm4_pcode":null,"adm4_name":null,"name_latin":null},"geometry":{"type":"Polygon","coordinates":[[[33.2425604,14.9412551],[33.2426816,14.9412551],[33.2426845,14.9413083],[33.2425595,14.9413073],[33.2425604,14.9412551]]]}},{"type":"Feature","properties":{"id":"way/1101369648","name":null,"name_en":null,"name_ar":null,"amenity":null,"building":"school","operator_type":null,"capacity_persons":null,"addr_full":null,"addr_city":null,"source":null,"adm0_pcode":"SDN","adm0_name":"Sudan","adm1_pcode":"SD15","adm1_name":"Aj Jazirah","adm2_pcode":"SD15033","adm2_name":"Sharg Al Jazirah","adm3_pcode":null,"adm3_name":null,"adm4_pcode":null,"adm4_name":null,"name_latin":null},"geometry":{"type":"Polygon","coordinates":[[[33.5643778,14.9413017],[33.5643927,14.9412497],[33.564448,14.9412644],[33.5644332,14.9413165],[33.5643778,14.9413017]]]}},{"type":"Feature","properties":{"id":"way/1101197635","name":null,"name_en":null,"name_ar":null,"amenity":"school","building":null,"operator_type":null,"capacity_persons":null,"addr_full":null,"addr_city":null,"source":null,"adm0_pcode":"SDN","adm0_name":"Sudan","adm1_pcode":"SD15","adm1_name":"Aj Jazirah","adm2_pcode":"SD15033","adm2_name":"Sharg Al Jazirah","adm3_pcode":null,"adm3_name":null,"adm4_pcode":null,"adm4_name":null,"name_latin":null},"geometry":{"type":"Polygon","coordinates":[[[33.2422274,14.9413102],[33.2422274,14.9412566],[33.2423654,14.9412566],[33.2423604,14.9413107],[33.2422274,14.9413102]]]}},{"type":"Feature","properties":{"id":"way/1101369649","name":null,"name_en":null,"name_ar":null,"amenity":null,"building":"school","operator_type":null,"capacity_persons":null,"addr_full":null,"addr_city":null,"source":null,"adm0_pcode":"SDN","adm0_name":"Sudan","adm1_pcode":"SD15","adm1_name":"Aj Jazirah","adm2_pcode":"SD15033","adm2_name":"Sharg Al Jazirah","adm3_pcode":null,"adm3_name":null,"adm4_pcode":null,"adm4_name":null,"name_latin":null},"geometry":{"type":"Polygon","coordinates":[[[33.5644471,14.9413131],[33.5644597,14.9412676],[33.5648358,14.9413649],[33.5648232,14.9414104],[33.5644471,14.9413131]]]}},{"type":"Feature","properties":{"id":"way/1101492210","name":null,"name_en":null,"name_ar":null,"amenity":null,"building":"school","operator_type":null,"capacity_persons":null,"addr_full":null,"addr_city":null,"source":null,"adm0_pcode":"SDN","adm0_name":"Sudan","adm1_pcode":"SD15","adm1_name":"Aj Jazirah","adm2_pcode":"SD15033","adm2_name":"Sharg Al Jazirah","adm3_pcode":null,"adm3_name":null,"adm4_pcode":null,"adm4_name":null,"name_latin":null},"geometry":{"type":"Polygon","coordinates":[[[33.2410389,14.941367],[33.2411184,14.9413729],[33.2411228,14.9413188],[33.2410432,14.9413128],[33.2410389,14.941367]]]}},{"type":"Feature","properties":{"id":"way/1101492205","name":null,"name_en":null,"name_ar":null,"amenity":null,"building":"school","operator_type":null,"capacity_persons":null,"addr_full":null,"addr_city":null,"source":null,"adm0_pcode":"SDN","adm0_name":"Sudan","adm1_pcode":"SD15","adm1_name":"Aj Jazirah","adm2_pcode":"SD15033","adm2_name":"Sharg Al Jazirah","adm3_pcode":null,"adm3_name":null,"adm4_pcode":null,"adm4_name":null,"name_latin":null},"geometry":{"type":"Polygon","coordinates":[[[33.2411595,14.9413986],[33.2415254,14.9413986],[33.2415355,14.9413063],[33.2411595,14.9413201],[33.2411595,14.9413986]]]}},{"type":"Feature","properties":{"id":"way/1101197633","name":null,"name_en":null,"name_ar":null,"amenity":"school","building":null,"operator_type":null,"capacity_persons":null,"addr_full":null,"addr_city":null,"source":null,"adm0_pcode":"SDN","adm0_name":"Sudan","adm1_pcode":"SD15","adm1_name":"Aj Jazirah","adm2_pcode":"SD15033","adm2_name":"Sharg Al Jazirah","adm3_pcode":null,"adm3_name":null,"adm4_pcode":null,"adm4_name":null,"name_latin":null},"geometry":{"type":"Polygon","coordinates":[[[33.2423601,14.9413229],[33.2425579,14.9413254],[33.242563,14.9413809],[33.2423601,14.9413883],[33.2423601,14.9413229]]]}},{"type":"Feature","properties":{"id":"way/1101492208","name":null,"name_en":null,"name_ar":null,"amenity":null,"building":"school","operator_type":null,"capacity_persons":null,"addr_full":null,"addr_city":null,"source":null,"adm0_pcode":"SDN","adm0_name":"Sudan","adm1_pcode":"SD15","adm1_name":"Aj Jazirah","adm2_pcode":"SD15033","adm2_name":"Sharg Al Jazirah","adm3_pcode":null,"adm3_name":null,"adm4_pcode":null,"adm4_name":null,"name_latin":null},"geometry":{"type":"Polygon","coordinates":[[[33.2408932,14.9415067],[33.2410213,14.9414988],[33.2410213,14.9414458],[33.2409806,14.9414497],[33.2409806,14.9413397],[33.2409298,14.9413378],[33.2409237,14.9413731],[33.2408871,14.9413751],[33.2408932,14.9415067]]]}},{"type":"Feature","properties":{"id":"way/1101492209","name":null,"name_en":null,"name_ar":null,"amenity":null,"building":"school","operator_type":null,"capacity_persons":null,"addr_full":null,"addr_city":null,"source":null,"adm0_pcode":"SDN","adm0_name":"Sudan","adm1_pcode":"SD15","adm1_name":"Aj Jazirah","adm2_pcode":"SD15033","adm2_name":"Sharg Al Jazirah","adm3_pcode":null,"adm3_name":null,"adm4_pcode":null,"adm4_name":null,"name_latin":null},"geometry":{"type":"Polygon","coordinates":[[[33.2411209,14.9414929],[33.2418242,14.9414831],[33.2418283,14.9414261],[33.2411249,14.9414458],[33.2411209,14.9414929]]]}},{"type":"Feature","properties":{"id":"way/1101642088","name":null,"name_en":null,"name_ar":null,"amenity":"school","building":null,"operator_type":null,"capacity_persons":null,"addr_full":null,"addr_city":null,"source":null,"adm0_pcode":"SDN","adm0_name":"Sudan","adm1_pcode":"SD15","adm1_name":"Aj Jazirah","adm2_pcode":"SD15033","adm2_name":"Sharg Al Jazirah","adm3_pcode":null,"adm3_name":null,"adm4_pcode":null,"adm4_name":null,"name_latin":null},"geometry":{"type":"Polygon","coordinates":[[[33.5195705,14.9441594],[33.5195717,14.9441334],[33.5196246,14.9441357],[33.5196234,14.9441616],[33.5195705,14.9441594]]]}},{"type":"Feature","properties":{"id":"way/1101642087","name":null,"name_en":null,"name_ar":null,"amenity":"school","building":null,"operator_type":null,"capacity_persons":null,"addr_full":null,"addr_city":null,"source":null,"adm0_pcode":"SDN","adm0_name":"Sudan","adm1_pcode":"SD15","adm1_name":"Aj Jazirah","adm2_pcode":"SD15033","adm2_name":"Sharg Al Jazirah","adm3_pcode":null,"adm3_name":null,"adm4_pcode":null,"adm4_name":null,"name_latin":null},"geometry":{"type":"Polygon","coordinates":[[[33.5196576,14.9441709],[33.5196675,14.9441176],[33.5199314,14.9441633],[33.5199215,14.9442166],[33.5196576,14.9441709]]]}},{"type":"Feature","properties":{"id":"way/1101642085","name":null,"name_en":null,"name_ar":null,"amenity":"school","building":null,"operator_type":null,"capacity_persons":null,"addr_full":null,"addr_city":null,"source":null,"adm0_pcode":"SDN","adm0_name":"Sudan","adm1_pcode":"SD15","adm1_name":"Aj Jazirah","adm2_pcode":"SD15033","adm2_name":"Sharg Al Jazirah","adm3_pcode":null,"adm3_name":null,"adm4_pcode":null,"adm4_name":null,"name_latin":null},"geometry":{"type":"Polygon","coordinates":[[[33.5194898,14.9443027],[33.5194969,14.9442521],[33.5196581,14.9442734],[33.519651,14.9443239],[33.5194898,14.9443027]]]}},{"type":"Feature","properties":{"id":"way/1101642086","name":null,"name_en":null,"name_ar":null,"amenity":"school","building":null,"operator_type":null,"capacity_persons":null,"addr_full":null,"addr_city":null,"source":null,"adm0_pcode":"SDN","adm0_name":"Sudan","adm1_pcode":"SD15","adm1_name":"Aj Jazirah","adm2_pcode":"SD15033","adm2_name":"Sharg Al Jazirah","adm3_pcode":null,"adm3_name":null,"adm4_pcode":null,"adm4_name":null,"name_latin":null},"geometry":{"type":"Polygon","coordinates":[[[33.5198841,14.9443794],[33.5198949,14.944317],[33.5201035,14.9443505],[33.5200928,14.9444129],[33.5198841,14.9443794]]]}},{"type":"Feature","properties":{"id":"way/1101642084","name":null,"name_en":null,"name_ar":null,"amenity":"school","building":null,"operator_type":null,"capacity_persons":null,"addr_full":null,"addr_city":null,"source":null,"adm0_pcode":"SDN","adm0_name":"Sudan","adm1_pcode":"SD15","adm1_name":"Aj Jazirah","adm2_pcode":"SD15033","adm2_name":"Sharg Al Jazirah","adm3_pcode":null,"adm3_name":null,"adm4_pcode":null,"adm4_name":null,"name_latin":null},"geometry":{"type":"Polygon","coordinates":[[[33.5196805,14.9445006],[33.5196938,14.9444183],[33.5198571,14.944443],[33.5198438,14.9445253],[33.5196805,14.9445006]]]}},{"type":"Feature","properties":{"id":"way/1101350420","name":null,"name_en":null,"name_ar":null,"amenity":"school","building":null,"operator_type":null,"capacity_persons":null,"addr_full":null,"addr_city":null,"source":null,"adm0_pcode":"SDN","adm0_name":"Sudan","adm1_pcode":"SD15","adm1_name":"Aj Jazirah","adm2_pcode":"SD15033","adm2_name":"Sharg Al Jazirah","adm3_pcode":null,"adm3_name":null,"adm4_pcode":null,"adm4_name":null,"name_latin":null},"geometry":{"type":"Polygon","coordinates":[[[33.3168514,14.9452368],[33.3168588,14.9451754],[33.3172758,14.9452222],[33.3172684,14.9452837],[33.3168514,14.9452368]]]}},{"type":"Feature","properties":{"id":"way/1101350421","name":null,"name_en":null,"name_ar":null,"amenity":"school","building":null,"operator_type":null,"capacity_persons":null,"addr_full":null,"addr_city":null,"source":null,"adm0_pcode":"SDN","adm0_name":"Sudan","adm1_pcode":"SD15","adm1_name":"Aj Jazirah","adm2_pcode":"SD15033","adm2_name":"Sharg Al Jazirah","adm3_pcode":null,"adm3_name":null,"adm4_pcode":null,"adm4_name":null,"name_latin":null},"geometry":{"type":"Polygon","coordinates":[[[33.3167552,14.9459132],[33.3171716,14.9459651],[33.317174,14.945947],[33.317239,14.9459551],[33.3173422,14.9451809],[33.3168609,14.945121],[33.3167552,14.9459132]]]}},{"type":"Feature","properties":{"id":"way/1101350419","name":null,"name_en":null,"name_ar":null,"amenity":"school","building":null,"operator_type":null,"capacity_persons":null,"addr_full":null,"addr_city":null,"source":null,"adm0_pcode":"SDN","adm0_name":"Sudan","adm1_pcode":"SD15","adm1_name":"Aj Jazirah","adm2_pcode":"SD15033","adm2_name":"Sharg Al Jazirah","adm3_pcode":null,"adm3_name":null,"adm4_pcode":null,"adm4_name":null,"name_latin":null},"geometry":{"type":"Polygon","coordinates":[[[33.3167552,14.9459132],[33.3167729,14.9458421],[33.3171819,14.9459002],[33.317174,14.945947],[33.3171716,14.9459651],[33.3167552,14.9459132]]]}},{"type":"Feature","properties":{"id":"way/1102155111","name":null,"name_en":null,"name_ar":null,"amenity":"school","building":null,"operator_type":null,"capacity_persons":null,"addr_full":null,"addr_city":null,"source":null,"adm0_pcode":"SDN","adm0_name":"Sudan","adm1_pcode":"SD15","adm1_name":"Aj Jazirah","adm2_pcode":"SD15033","adm2_name":"Sharg Al Jazirah","adm3_pcode":null,"adm3_name":null,"adm4_pcode":null,"adm4_name":null,"name_latin":null},"geometry":{"type":"Polygon","coordinates":[[[33.3682336,14.9490402],[33.3683107,14.9490534],[33.3683182,14.9490119],[33.3682412,14.9489988],[33.3682336,14.9490402]]]}},{"type":"Feature","properties":{"id":"way/1102155109","name":null,"name_en":null,"name_ar":null,"amenity":"school","building":null,"operator_type":null,"capacity_persons":null,"addr_full":null,"addr_city":null,"source":null,"adm0_pcode":"SDN","adm0_name":"Sudan","adm1_pcode":"SD15","adm1_name":"Aj Jazirah","adm2_pcode":"SD15033","adm2_name":"Sharg Al Jazirah","adm3_pcode":null,"adm3_name":null,"adm4_pcode":null,"adm4_name":null,"name_latin":null},"geometry":{"type":"Polygon","coordinates":[[[33.3683565,14.9490621],[33.3684393,14.9490825],[33.368453,14.9490307],[33.3683702,14.9490103],[33.3683565,14.9490621]]]}},{"type":"Feature","properties":{"id":"way/1102155107","name":null,"name_en":null,"name_ar":null,"amenity":"school","building":null,"operator_type":null,"capacity_persons":null,"addr_full":null,"addr_city":null,"source":null,"adm0_pcode":"SDN","adm0_name":"Sudan","adm1_pcode":"SD15","adm1_name":"Aj Jazirah","adm2_pcode":"SD15033","adm2_name":"Sharg Al Jazirah","adm3_pcode":null,"adm3_name":null,"adm4_pcode":null,"adm4_name":null,"name_latin":null},"geometry":{"type":"Polygon","coordinates":[[[33.368445,14.9490905],[33.3686376,14.9491483],[33.3686518,14.9491042],[33.3684592,14.9490464],[33.368445,14.9490905]]]}},{"type":"Feature","properties":{"id":"way/1103111106","name":null,"name_en":null,"name_ar":null,"amenity":"school","building":null,"operator_type":null,"capacity_persons":null,"addr_full":null,"addr_city":null,"source":null,"adm0_pcode":"SDN","adm0_name":"Sudan","adm1_pcode":"SD15","adm1_name":"Aj Jazirah","adm2_pcode":"SD15033","adm2_name":"Sharg Al Jazirah","adm3_pcode":null,"adm3_name":null,"adm4_pcode":null,"adm4_name":null,"name_latin":null},"geometry":{"type":"Polygon","coordinates":[[[33.510071,14.9492878],[33.510451,14.9493724],[33.5104617,14.9493275],[33.5100817,14.9492428],[33.510071,14.9492878]]]}},{"type":"Feature","properties":{"id":"way/1102155110","name":null,"name_en":null,"name_ar":null,"amenity":"school","building":null,"operator_type":null,"capacity_persons":null,"addr_full":null,"addr_city":null,"source":null,"adm0_pcode":"SDN","adm0_name":"Sudan","adm1_pcode":"SD15","adm1_name":"Aj Jazirah","adm2_pcode":"SD15033","adm2_name":"Sharg Al Jazirah","adm3_pcode":null,"adm3_name":null,"adm4_pcode":null,"adm4_name":null,"name_latin":null},"geometry":{"type":"Polygon","coordinates":[[[33.3681591,14.9493447],[33.3682434,14.9493646],[33.368258,14.9493071],[33.3681737,14.9492871],[33.3681591,14.9493447]]]}},{"type":"Feature","properties":{"id":"way/1102155108","name":null,"name_en":null,"name_ar":null,"amenity":"school","building":null,"operator_type":null,"capacity_persons":null,"addr_full":null,"addr_city":null,"source":null,"adm0_pcode":"SDN","adm0_name":"Sudan","adm1_pcode":"SD15","adm1_name":"Aj Jazirah","adm2_pcode":"SD15033","adm2_name":"Sharg Al Jazirah","adm3_pcode":null,"adm3_name":null,"adm4_pcode":null,"adm4_name":null,"name_latin":null},"geometry":{"type":"Polygon","coordinates":[[[33.3682749,14.9493795],[33.3683573,14.9494054],[33.3683741,14.9493555],[33.3682916,14.9493296],[33.3682749,14.9493795]]]}},{"type":"Feature","properties":{"id":"way/1102155106","name":null,"name_en":null,"name_ar":null,"amenity":"school","building":null,"operator_type":null,"capacity_persons":null,"addr_full":null,"addr_city":null,"source":null,"adm0_pcode":"SDN","adm0_name":"Sudan","adm1_pcode":"SD15","adm1_name":"Aj Jazirah","adm2_pcode":"SD15033","adm2_name":"Sharg Al Jazirah","adm3_pcode":null,"adm3_name":null,"adm4_pcode":null,"adm4_name":null,"name_latin":null},"geometry":{"type":"Polygon","coordinates":[[[33.3683663,14.9494094],[33.3686453,14.9494871],[33.36866,14.9494378],[33.3683811,14.9493601],[33.3683663,14.9494094]]]}},{"type":"Feature","properties":{"id":"way/1102155105","name":null,"name_en":null,"name_ar":null,"amenity":"school","building":null,"operator_type":null,"capacity_persons":null,"addr_full":null,"addr_city":null,"source":null,"adm0_pcode":"SDN","adm0_name":"Sudan","adm1_pcode":"SD15","adm1_name":"Aj Jazirah","adm2_pcode":"SD15033","adm2_name":"Sharg Al Jazirah","adm3_pcode":null,"adm3_name":null,"adm4_pcode":null,"adm4_name":null,"name_latin":null},"geometry":{"type":"Polygon","coordinates":[[[33.3687274,14.9495134],[33.3687976,14.9495392],[33.3688177,14.9494881],[33.3687475,14.9494623],[33.3687274,14.9495134]]]}},{"type":"Feature","properties":{"id":"way/1103111107","name":null,"name_en":null,"name_ar":null,"amenity":"school","building":null,"operator_type":null,"capacity_persons":null,"addr_full":null,"addr_city":null,"source":null,"adm0_pcode":"SDN","adm0_name":"Sudan","adm1_pcode":"SD15","adm1_name":"Aj Jazirah","adm2_pcode":"SD15033","adm2_name":"Sharg Al Jazirah","adm3_pcode":null,"adm3_name":null,"adm4_pcode":null,"adm4_name":null,"name_latin":null},"geometry":{"type":"Polygon","coordinates":[[[33.5089915,14.9498978],[33.5103884,14.9501528],[33.5105826,14.9492552],[33.5092554,14.9489577],[33.5089915,14.9498978]]]}},{"type":"Feature","properties":{"id":"way/1103111105","name":null,"name_en":null,"name_ar":null,"amenity":"school","building":null,"operator_type":null,"capacity_persons":null,"addr_full":null,"addr_city":null,"source":null,"adm0_pcode":"SDN","adm0_name":"Sudan","adm1_pcode":"SD15","adm1_name":"Aj Jazirah","adm2_pcode":"SD15033","adm2_name":"Sharg Al Jazirah","adm3_pcode":null,"adm3_name":null,"adm4_pcode":null,"adm4_name":null,"name_latin":null},"geometry":{"type":"Polygon","coordinates":[[[33.5099478,14.9498387],[33.510296,14.9499144],[33.5103083,14.9498617],[33.5099601,14.9497859],[33.5099478,14.9498387]]]}},{"type":"Feature","properties":{"id":"way/1101640310","name":null,"name_en":null,"name_ar":null,"amenity":"school","building":null,"operator_type":null,"capacity_persons":null,"addr_full":null,"addr_city":null,"source":null,"adm0_pcode":"SDN","adm0_name":"Sudan","adm1_pcode":"SD15","adm1_name":"Aj Jazirah","adm2_pcode":"SD15033","adm2_name":"Sharg Al Jazirah","adm3_pcode":null,"adm3_name":null,"adm4_pcode":null,"adm4_name":null,"name_latin":null},"geometry":{"type":"Polygon","coordinates":[[[33.5137012,14.9555674],[33.5137132,14.955518],[33.5140701,14.9555992],[33.5140581,14.9556485],[33.5137012,14.9555674]]]}},{"type":"Feature","properties":{"id":"way/1101640309","name":null,"name_en":null,"name_ar":null,"amenity":"school","building":null,"operator_type":null,"capacity_persons":null,"addr_full":null,"addr_city":null,"source":null,"adm0_pcode":"SDN","adm0_name":"Sudan","adm1_pcode":"SD15","adm1_name":"Aj Jazirah","adm2_pcode":"SD15033","adm2_name":"Sharg Al Jazirah","adm3_pcode":null,"adm3_name":null,"adm4_pcode":null,"adm4_name":null,"name_latin":null},"geometry":{"type":"Polygon","coordinates":[[[33.5136909,14.9556706],[33.5137019,14.9556212],[33.5138514,14.9556523],[33.5138404,14.9557017],[33.5136909,14.9556706]]]}},{"type":"Feature","properties":{"id":"way/1101640307","name":null,"name_en":null,"name_ar":null,"amenity":"school","building":null,"operator_type":null,"capacity_persons":null,"addr_full":null,"addr_city":null,"source":null,"adm0_pcode":"SDN","adm0_name":"Sudan","adm1_pcode":"SD15","adm1_name":"Aj Jazirah","adm2_pcode":"SD15033","adm2_name":"Sharg Al Jazirah","adm3_pcode":null,"adm3_name":null,"adm4_pcode":null,"adm4_name":null,"name_latin":null},"geometry":{"type":"Polygon","coordinates":[[[33.513567,14.9559433],[33.5135822,14.9558889],[33.5138669,14.9559631],[33.5138517,14.9560175],[33.513567,14.9559433]]]}},{"type":"Feature","properties":{"id":"way/1101640308","name":null,"name_en":null,"name_ar":null,"amenity":"school","building":null,"operator_type":null,"capacity_persons":null,"addr_full":null,"addr_city":null,"source":null,"adm0_pcode":"SDN","adm0_name":"Sudan","adm1_pcode":"SD15","adm1_name":"Aj Jazirah","adm2_pcode":"SD15033","adm2_name":"Sharg Al Jazirah","adm3_pcode":null,"adm3_name":null,"adm4_pcode":null,"adm4_name":null,"name_latin":null},"geometry":{"type":"Polygon","coordinates":[[[33.5138872,14.9560237],[33.513902,14.9559689],[33.5141594,14.9560341],[33.5141445,14.9560888],[33.5138872,14.9560237]]]}},{"type":"Feature","properties":{"id":"way/1104069603","name":null,"name_en":null,"name_ar":null,"amenity":"school","building":null,"operator_type":null,"capacity_persons":null,"addr_full":null,"addr_city":null,"source":null,"adm0_pcode":"SDN","adm0_name":"Sudan","adm1_pcode":"SD15","adm1_name":"Aj Jazirah","adm2_pcode":"SD15033","adm2_name":"Sharg Al Jazirah","adm3_pcode":null,"adm3_name":null,"adm4_pcode":null,"adm4_name":null,"name_latin":null},"geometry":{"type":"Polygon","coordinates":[[[33.5977732,14.9607544],[33.59805,14.9608753],[33.5980164,14.9609472],[33.5976731,14.9607971],[33.597808,14.960509],[33.5981571,14.9606616],[33.5981267,14.9607265],[33.5978441,14.9606031],[33.5977732,14.9607544]]]}},{"type":"Feature","properties":{"id":"way/1104069604","name":null,"name_en":null,"name_ar":null,"amenity":"school","building":null,"operator_type":null,"capacity_persons":null,"addr_full":null,"addr_city":null,"source":null,"adm0_pcode":"SDN","adm0_name":"Sudan","adm1_pcode":"SD15","adm1_name":"Aj Jazirah","adm2_pcode":"SD15033","adm2_name":"Sharg Al Jazirah","adm3_pcode":null,"adm3_name":null,"adm4_pcode":null,"adm4_name":null,"name_latin":null},"geometry":{"type":"Polygon","coordinates":[[[33.5986312,14.960752],[33.5983162,14.9606328],[33.5982967,14.9606809],[33.5985585,14.96078],[33.5985479,14.9608062],[33.598601,14.9608263],[33.5986312,14.960752]]]}},{"type":"Feature","properties":{"id":"way/1104069605","name":null,"name_en":null,"name_ar":null,"amenity":"school","building":null,"operator_type":null,"capacity_persons":null,"addr_full":null,"addr_city":null,"source":null,"adm0_pcode":"SDN","adm0_name":"Sudan","adm1_pcode":"SD15","adm1_name":"Aj Jazirah","adm2_pcode":"SD15033","adm2_name":"Sharg Al Jazirah","adm3_pcode":null,"adm3_name":null,"adm4_pcode":null,"adm4_name":null,"name_latin":null},"geometry":{"type":"Polygon","coordinates":[[[33.5985255,14.9610088],[33.598481,14.9609922],[33.5984689,14.9610223],[33.5982138,14.9609268],[33.5981976,14.9609671],[33.5984973,14.9610793],[33.5985255,14.9610088]]]}},{"type":"Feature","properties":{"id":"way/1104069609","name":null,"name_en":null,"name_ar":null,"amenity":"school","building":null,"operator_type":null,"capacity_persons":null,"addr_full":null,"addr_city":null,"source":null,"adm0_pcode":"SDN","adm0_name":"Sudan","adm1_pcode":"SD15","adm1_name":"Aj Jazirah","adm2_pcode":"SD15033","adm2_name":"Sharg Al Jazirah","adm3_pcode":null,"adm3_name":null,"adm4_pcode":null,"adm4_name":null,"name_latin":null},"geometry":{"type":"Polygon","coordinates":[[[33.5979152,14.9610699],[33.5978385,14.9610296],[33.5978661,14.9609805],[33.5979428,14.9610207],[33.5979152,14.9610699]]]}},{"type":"Feature","properties":{"id":"way/1104069606","name":null,"name_en":null,"name_ar":null,"amenity":"school","building":null,"operator_type":null,"capacity_persons":null,"addr_full":null,"addr_city":null,"source":null,"adm0_pcode":"SDN","adm0_name":"Sudan","adm1_pcode":"SD15","adm1_name":"Aj Jazirah","adm2_pcode":"SD15033","adm2_name":"Sharg Al Jazirah","adm3_pcode":null,"adm3_name":null,"adm4_pcode":null,"adm4_name":null,"name_latin":null},"geometry":{"type":"Polygon","coordinates":[[[33.598173,14.961057],[33.5979759,14.9609622],[33.5979513,14.96101],[33.5981484,14.9611047],[33.598173,14.961057]]]}},{"type":"Feature","properties":{"id":"way/1104069608","name":null,"name_en":null,"name_ar":null,"amenity":"school","building":null,"operator_type":null,"capacity_persons":null,"addr_full":null,"addr_city":null,"source":null,"adm0_pcode":"SDN","adm0_name":"Sudan","adm1_pcode":"SD15","adm1_name":"Aj Jazirah","adm2_pcode":"SD15033","adm2_name":"Sharg Al Jazirah","adm3_pcode":null,"adm3_name":null,"adm4_pcode":null,"adm4_name":null,"name_latin":null},"geometry":{"type":"Polygon","coordinates":[[[33.5978168,14.9612704],[33.5977401,14.9612302],[33.5977677,14.961181],[33.5978444,14.9612213],[33.5978168,14.9612704]]]}},{"type":"Feature","properties":{"id":"way/1104069610","name":null,"name_en":null,"name_ar":null,"amenity":"school","building":null,"operator_type":null,"capacity_persons":null,"addr_full":null,"addr_city":null,"source":null,"adm0_pcode":"SDN","adm0_name":"Sudan","adm1_pcode":"SD15","adm1_name":"Aj Jazirah","adm2_pcode":"SD15033","adm2_name":"Sharg Al Jazirah","adm3_pcode":null,"adm3_name":null,"adm4_pcode":null,"adm4_name":null,"name_latin":null},"geometry":{"type":"Polygon","coordinates":[[[33.5974904,14.9613006],[33.5974137,14.9612604],[33.5974414,14.9612112],[33.5975181,14.9612515],[33.5974904,14.9613006]]]}},{"type":"Feature","properties":{"id":"way/1104069607","name":null,"name_en":null,"name_ar":null,"amenity":"school","building":null,"operator_type":null,"capacity_persons":null,"addr_full":null,"addr_city":null,"source":null,"adm0_pcode":"SDN","adm0_name":"Sudan","adm1_pcode":"SD15","adm1_name":"Aj Jazirah","adm2_pcode":"SD15033","adm2_name":"Sharg Al Jazirah","adm3_pcode":null,"adm3_name":null,"adm4_pcode":null,"adm4_name":null,"name_latin":null},"geometry":{"type":"Polygon","coordinates":[[[33.597797,14.961331],[33.5979109,14.9613859],[33.5979392,14.9613311],[33.5978253,14.9612762],[33.597797,14.961331]]]}},{"type":"Feature","properties":{"id":"way/1104069602","name":null,"name_en":null,"name_ar":null,"amenity":"school","building":null,"operator_type":null,"capacity_persons":null,"addr_full":null,"addr_city":null,"source":null,"adm0_pcode":"SDN","adm0_name":"Sudan","adm1_pcode":"SD15","adm1_name":"Aj Jazirah","adm2_pcode":"SD15033","adm2_name":"Sharg Al Jazirah","adm3_pcode":null,"adm3_name":null,"adm4_pcode":null,"adm4_name":null,"name_latin":null},"geometry":{"type":"Polygon","coordinates":[[[33.5981373,14.9612224],[33.5983672,14.9613296],[33.5983747,14.9613502],[33.5983185,14.9614722],[33.5982922,14.9614734],[33.5980131,14.9613464],[33.5979743,14.961426],[33.5983331,14.9615893],[33.598362,14.9615302],[33.5983188,14.9615105],[33.5983231,14.9615018],[33.5983701,14.9615235],[33.5984616,14.9613385],[33.5984423,14.9613296],[33.5984615,14.9612909],[33.5981268,14.9611352],[33.5981071,14.9611747],[33.5981509,14.9611951],[33.5981373,14.9612224]]]}},{"type":"Feature","properties":{"id":"way/1101200128","name":null,"name_en":null,"name_ar":null,"amenity":"school","building":null,"operator_type":null,"capacity_persons":null,"addr_full":null,"addr_city":null,"source":null,"adm0_pcode":"SDN","adm0_name":"Sudan","adm1_pcode":"SD15","adm1_name":"Aj Jazirah","adm2_pcode":"SD15037","adm2_name":"Al Qurashi","adm3_pcode":null,"adm3_name":null,"adm4_pcode":null,"adm4_name":null,"name_latin":null},"geometry":{"type":"Polygon","coordinates":[[[32.4682001,14.5312055],[32.4682354,14.5312483],[32.4682935,14.5312035],[32.4682582,14.5311606],[32.4682001,14.5312055]]]}},{"type":"Feature","properties":{"id":"way/1101200130","name":null,"name_en":null,"name_ar":null,"amenity":"school","building":null,"operator_type":null,"capacity_persons":null,"addr_full":null,"addr_city":null,"source":null,"adm0_pcode":"SDN","adm0_name":"Sudan","adm1_pcode":"SD15","adm1_name":"Aj Jazirah","adm2_pcode":"SD15037","adm2_name":"Al Qurashi","adm3_pcode":null,"adm3_name":null,"adm4_pcode":null,"adm4_name":null,"name_latin":null},"geometry":{"type":"Polygon","coordinates":[[[32.4682835,14.5312295],[32.468329,14.5312817],[32.4685146,14.5311299],[32.468471,14.53108],[32.4684468,14.5310998],[32.4684314,14.5310821],[32.4682969,14.5311921],[32.4683104,14.5312075],[32.4682835,14.5312295]]]}},{"type":"Feature","properties":{"id":"way/1101200129","name":null,"name_en":null,"name_ar":null,"amenity":"school","building":null,"operator_type":null,"capacity_persons":null,"addr_full":null,"addr_city":null,"source":null,"adm0_pcode":"SDN","adm0_name":"Sudan","adm1_pcode":"SD15","adm1_name":"Aj Jazirah","adm2_pcode":"SD15037","adm2_name":"Al Qurashi","adm3_pcode":null,"adm3_name":null,"adm4_pcode":null,"adm4_name":null,"name_latin":null},"geometry":{"type":"Polygon","coordinates":[[[32.4684054,14.5310376],[32.4684404,14.5310808],[32.4684989,14.5310365],[32.468464,14.5309933],[32.4684054,14.5310376]]]}},{"type":"Feature","properties":{"id":"way/1101200132","name":null,"name_en":null,"name_ar":null,"amenity":"school","building":null,"operator_type":null,"capacity_persons":null,"addr_full":null,"addr_city":null,"source":null,"adm0_pcode":"SDN","adm0_name":"Sudan","adm1_pcode":"SD15","adm1_name":"Aj Jazirah","adm2_pcode":"SD15037","adm2_name":"Al Qurashi","adm3_pcode":null,"adm3_name":null,"adm4_pcode":null,"adm4_name":null,"name_latin":null},"geometry":{"type":"Polygon","coordinates":[[[32.4685284,14.5310585],[32.4685602,14.5310937],[32.4687433,14.5309391],[32.4687115,14.5309038],[32.4685284,14.5310585]]]}},{"type":"Feature","properties":{"id":"way/1101200131","name":null,"name_en":null,"name_ar":null,"amenity":"school","building":null,"operator_type":null,"capacity_persons":null,"addr_full":null,"addr_city":null,"source":null,"adm0_pcode":"SDN","adm0_name":"Sudan","adm1_pcode":"SD15","adm1_name":"Aj Jazirah","adm2_pcode":"SD15037","adm2_name":"Al Qurashi","adm3_pcode":null,"adm3_name":null,"adm4_pcode":null,"adm4_name":null,"name_latin":null},"geometry":{"type":"Polygon","coordinates":[[[32.4684171,14.530841],[32.4685135,14.5309523],[32.4685557,14.5309181],[32.4684593,14.5308067],[32.4684171,14.530841]]]}},{"type":"Feature","properties":{"id":"way/1101200133","name":null,"name_en":null,"name_ar":null,"amenity":"school","building":null,"operator_type":null,"capacity_persons":null,"addr_full":null,"addr_city":null,"source":null,"adm0_pcode":"SDN","adm0_name":"Sudan","adm1_pcode":"SD15","adm1_name":"Aj Jazirah","adm2_pcode":"SD15037","adm2_name":"Al Qurashi","adm3_pcode":null,"adm3_name":null,"adm4_pcode":null,"adm4_name":null,"name_latin":null},"geometry":{"type":"Polygon","coordinates":[[[32.468732,14.5308816],[32.4687624,14.5309167],[32.4689812,14.5307393],[32.4689508,14.5307042],[32.468732,14.5308816]]]}},{"type":"Feature","properties":{"id":"way/1101200134","name":null,"name_en":null,"name_ar":null,"amenity":"school","building":null,"operator_type":null,"capacity_persons":null,"addr_full":null,"addr_city":null,"source":null,"adm0_pcode":"SDN","adm0_name":"Sudan","adm1_pcode":"SD15","adm1_name":"Aj Jazirah","adm2_pcode":"SD15037","adm2_name":"Al Qurashi","adm3_pcode":null,"adm3_name":null,"adm4_pcode":null,"adm4_name":null,"name_latin":null},"geometry":{"type":"Polygon","coordinates":[[[32.4682819,14.5307743],[32.4683116,14.5308067],[32.4684242,14.5307102],[32.4683945,14.5306778],[32.4682819,14.5307743]]]}},{"type":"Feature","properties":{"id":"way/1101200135","name":null,"name_en":null,"name_ar":null,"amenity":"school","building":null,"operator_type":null,"capacity_persons":null,"addr_full":null,"addr_city":null,"source":null,"adm0_pcode":"SDN","adm0_name":"Sudan","adm1_pcode":"SD15","adm1_name":"Aj Jazirah","adm2_pcode":"SD15037","adm2_name":"Al Qurashi","adm3_pcode":null,"adm3_name":null,"adm4_pcode":null,"adm4_name":null,"name_latin":null},"geometry":{"type":"Polygon","coordinates":[[[32.4684634,14.5306101],[32.4684969,14.5306481],[32.4685893,14.5305717],[32.4685991,14.5305828],[32.4686336,14.5305542],[32.4686221,14.5305411],[32.4687726,14.5304167],[32.4687408,14.5303807],[32.4684634,14.5306101]]]}},{"type":"Feature","properties":{"id":"way/1101639734","name":null,"name_en":null,"name_ar":null,"amenity":"school","building":null,"operator_type":null,"capacity_persons":null,"addr_full":null,"addr_city":null,"source":null,"adm0_pcode":"SDN","adm0_name":"Sudan","adm1_pcode":"SD15","adm1_name":"Aj Jazirah","adm2_pcode":"SD15037","adm2_name":"Al Qurashi","adm3_pcode":null,"adm3_name":null,"adm4_pcode":null,"adm4_name":null,"name_latin":null},"geometry":{"type":"Polygon","coordinates":[[[32.5148063,14.5192387],[32.5147781,14.5191987],[32.5148519,14.5191499],[32.5148802,14.5191899],[32.5148063,14.5192387]]]}},{"type":"Feature","properties":{"id":"way/1101639735","name":null,"name_en":null,"name_ar":null,"amenity":"school","building":null,"operator_type":null,"capacity_persons":null,"addr_full":null,"addr_city":null,"source":null,"adm0_pcode":"SDN","adm0_name":"Sudan","adm1_pcode":"SD15","adm1_name":"Aj Jazirah","adm2_pcode":"SD15037","adm2_name":"Al Qurashi","adm3_pcode":null,"adm3_name":null,"adm4_pcode":null,"adm4_name":null,"name_latin":null},"geometry":{"type":"Polygon","coordinates":[[[32.514952,14.5192392],[32.5149227,14.5191985],[32.5150652,14.5191025],[32.5150945,14.5191433],[32.514952,14.5192392]]]}},{"type":"Feature","properties":{"id":"way/1101639733","name":null,"name_en":null,"name_ar":null,"amenity":"school","building":null,"operator_type":null,"capacity_persons":null,"addr_full":null,"addr_city":null,"source":null,"adm0_pcode":"SDN","adm0_name":"Sudan","adm1_pcode":"SD15","adm1_name":"Aj Jazirah","adm2_pcode":"SD15037","adm2_name":"Al Qurashi","adm3_pcode":null,"adm3_name":null,"adm4_pcode":null,"adm4_name":null,"name_latin":null},"geometry":{"type":"Polygon","coordinates":[[[32.5147695,14.5190841],[32.5147423,14.519043],[32.5147929,14.5190117],[32.51482,14.5190528],[32.5147695,14.5190841]]]}},{"type":"Feature","properties":{"id":"way/1101639736","name":null,"name_en":null,"name_ar":null,"amenity":"school","building":null,"operator_type":null,"capacity_persons":null,"addr_full":null,"addr_city":null,"source":null,"adm0_pcode":"SDN","adm0_name":"Sudan","adm1_pcode":"SD15","adm1_name":"Aj Jazirah","adm2_pcode":"SD15037","adm2_name":"Al Qurashi","adm3_pcode":null,"adm3_name":null,"adm4_pcode":null,"adm4_name":null,"name_latin":null},"geometry":{"type":"Polygon","coordinates":[[[32.5144873,14.5189936],[32.5147453,14.5193833],[32.5154641,14.5188718],[32.5151664,14.5185031],[32.5144873,14.5189936]]]}},{"type":"Feature","properties":{"id":"way/1101639731","name":null,"name_en":null,"name_ar":null,"amenity":"school","building":null,"operator_type":null,"capacity_persons":null,"addr_full":null,"addr_city":null,"source":null,"adm0_pcode":"SDN","adm0_name":"Sudan","adm1_pcode":"SD15","adm1_name":"Aj Jazirah","adm2_pcode":"SD15037","adm2_name":"Al Qurashi","adm3_pcode":null,"adm3_name":null,"adm4_pcode":null,"adm4_name":null,"name_latin":null},"geometry":{"type":"Polygon","coordinates":[[[32.5151329,14.5188958],[32.515178,14.5188552],[32.515229,14.5189082],[32.5151839,14.5189488],[32.5151329,14.5188958]]]}},{"type":"Feature","properties":{"id":"way/1101639730","name":null,"name_en":null,"name_ar":null,"amenity":"school","building":null,"operator_type":null,"capacity_persons":null,"addr_full":null,"addr_city":null,"source":null,"adm0_pcode":"SDN","adm0_name":"Sudan","adm1_pcode":"SD15","adm1_name":"Aj Jazirah","adm2_pcode":"SD15037","adm2_name":"Al Qurashi","adm3_pcode":null,"adm3_name":null,"adm4_pcode":null,"adm4_name":null,"name_latin":null},"geometry":{"type":"Polygon","coordinates":[[[32.5146139,14.5189729],[32.5145763,14.5189189],[32.5148355,14.5187495],[32.5148731,14.5188036],[32.5146139,14.5189729]]]}},{"type":"Feature","properties":{"id":"way/1101639732","name":null,"name_en":null,"name_ar":null,"amenity":"school","building":null,"operator_type":null,"capacity_persons":null,"addr_full":null,"addr_city":null,"source":null,"adm0_pcode":"SDN","adm0_name":"Sudan","adm1_pcode":"SD15","adm1_name":"Aj Jazirah","adm2_pcode":"SD15037","adm2_name":"Al Qurashi","adm3_pcode":null,"adm3_name":null,"adm4_pcode":null,"adm4_name":null,"name_latin":null},"geometry":{"type":"Polygon","coordinates":[[[32.5150311,14.5187788],[32.5150014,14.5187332],[32.5150533,14.5187016],[32.5150829,14.5187471],[32.5150311,14.5187788]]]}},{"type":"Feature","properties":{"id":"way/1101806565","name":null,"name_en":null,"name_ar":null,"amenity":null,"building":"school","operator_type":null,"capacity_persons":null,"addr_full":null,"addr_city":null,"source":null,"adm0_pcode":"SDN","adm0_name":"Sudan","adm1_pcode":"SD15","adm1_name":"Aj Jazirah","adm2_pcode":"SD15037","adm2_name":"Al Qurashi","adm3_pcode":null,"adm3_name":null,"adm4_pcode":null,"adm4_name":null,"name_latin":null},"geometry":{"type":"Polygon","coordinates":[[[32.5351768,14.0001615],[32.5353792,14.0001881],[32.5353858,14.0001411],[32.5351834,14.0001145],[32.5351768,14.0001615]]]}},{"type":"Feature","properties":{"id":"way/1101806566","name":null,"name_en":null,"name_ar":null,"amenity":null,"building":"school","operator_type":null,"capacity_persons":null,"addr_full":null,"addr_city":null,"source":null,"adm0_pcode":"SDN","adm0_name":"Sudan","adm1_pcode":"SD15","adm1_name":"Aj Jazirah","adm2_pcode":"SD15037","adm2_name":"Al Qurashi","adm3_pcode":null,"adm3_name":null,"adm4_pcode":null,"adm4_name":null,"name_latin":null},"geometry":{"type":"Polygon","coordinates":[[[32.5348176,14.0003599],[32.5349234,14.0003906],[32.5349347,14.0003536],[32.5348289,14.000323],[32.5348176,14.0003599]]]}},{"type":"Feature","properties":{"id":"way/1101806563","name":null,"name_en":null,"name_ar":null,"amenity":null,"building":"school","operator_type":null,"capacity_persons":null,"addr_full":null,"addr_city":null,"source":null,"adm0_pcode":"SDN","adm0_name":"Sudan","adm1_pcode":"SD15","adm1_name":"Aj Jazirah","adm2_pcode":"SD15037","adm2_name":"Al Qurashi","adm3_pcode":null,"adm3_name":null,"adm4_pcode":null,"adm4_name":null,"name_latin":null},"geometry":{"type":"Polygon","coordinates":[[[32.5354349,14.0004962],[32.5355609,14.0005407],[32.5355823,14.0004838],[32.5354562,14.0004393],[32.5354349,14.0004962]]]}},{"type":"Feature","properties":{"id":"way/1101806562","name":null,"name_en":null,"name_ar":null,"amenity":null,"building":"school","operator_type":null,"capacity_persons":null,"addr_full":null,"addr_city":null,"source":null,"adm0_pcode":"SDN","adm0_name":"Sudan","adm1_pcode":"SD15","adm1_name":"Aj Jazirah","adm2_pcode":"SD15037","adm2_name":"Al Qurashi","adm3_pcode":null,"adm3_name":null,"adm4_pcode":null,"adm4_name":null,"name_latin":null},"geometry":{"type":"Polygon","coordinates":[[[32.5352083,14.000497],[32.5353941,14.0005588],[32.5354145,14.0005141],[32.535234,14.0004523],[32.5352083,14.000497]]]}},{"type":"Feature","properties":{"id":"way/1102478941","name":null,"name_en":null,"name_ar":null,"amenity":null,"building":"school","operator_type":null,"capacity_persons":null,"addr_full":null,"addr_city":null,"source":null,"adm0_pcode":"SDN","adm0_name":"Sudan","adm1_pcode":"SD15","adm1_name":"Aj Jazirah","adm2_pcode":"SD15037","adm2_name":"Al Qurashi","adm3_pcode":null,"adm3_name":null,"adm4_pcode":null,"adm4_name":null,"name_latin":null},"geometry":{"type":"Polygon","coordinates":[[[32.589189,14.3807361],[32.5893014,14.3807212],[32.5893091,14.3807689],[32.5891936,14.3807913],[32.589189,14.3807361]]]}},{"type":"Feature","properties":{"id":"way/1102478940","name":null,"name_en":null,"name_ar":null,"amenity":null,"building":"school","operator_type":null,"capacity_persons":null,"addr_full":null,"addr_city":null,"source":null,"adm0_pcode":"SDN","adm0_name":"Sudan","adm1_pcode":"SD15","adm1_name":"Aj Jazirah","adm2_pcode":"SD15037","adm2_name":"Al Qurashi","adm3_pcode":null,"adm3_name":null,"adm4_pcode":null,"adm4_name":null,"name_latin":null},"geometry":{"type":"Polygon","coordinates":[[[32.5888978,14.3807915],[32.5891563,14.3807543],[32.5891633,14.3807999],[32.5889048,14.3808371],[32.5888978,14.3807915]]]}},{"type":"Feature","properties":{"id":"way/1102478939","name":null,"name_en":null,"name_ar":null,"amenity":null,"building":"school","operator_type":null,"capacity_persons":null,"addr_full":null,"addr_city":null,"source":null,"adm0_pcode":"SDN","adm0_name":"Sudan","adm1_pcode":"SD15","adm1_name":"Aj Jazirah","adm2_pcode":"SD15037","adm2_name":"Al Qurashi","adm3_pcode":null,"adm3_name":null,"adm4_pcode":null,"adm4_name":null,"name_latin":null},"geometry":{"type":"Polygon","coordinates":[[[32.5894432,14.3809704],[32.5896943,14.3808838],[32.5897112,14.3809286],[32.5894678,14.3810211],[32.5894432,14.3809704]]]}},{"type":"Feature","properties":{"id":"way/1102478938","name":null,"name_en":null,"name_ar":null,"amenity":null,"building":"school","operator_type":null,"capacity_persons":null,"addr_full":null,"addr_city":null,"source":null,"adm0_pcode":"SDN","adm0_name":"Sudan","adm1_pcode":"SD15","adm1_name":"Aj Jazirah","adm2_pcode":"SD15037","adm2_name":"Al Qurashi","adm3_pcode":null,"adm3_name":null,"adm4_pcode":null,"adm4_name":null,"name_latin":null},"geometry":{"type":"Polygon","coordinates":[[[32.5892152,14.3810584],[32.5893661,14.3810047],[32.5893769,14.381042],[32.5892337,14.3811047],[32.5892152,14.3810584]]]}},{"type":"Feature","properties":{"id":"way/1102478937","name":null,"name_en":null,"name_ar":null,"amenity":null,"building":"school","operator_type":null,"capacity_persons":null,"addr_full":null,"addr_city":null,"source":null,"adm0_pcode":"SDN","adm0_name":"Sudan","adm1_pcode":"SD15","adm1_name":"Aj Jazirah","adm2_pcode":"SD15037","adm2_name":"Al Qurashi","adm3_pcode":null,"adm3_name":null,"adm4_pcode":null,"adm4_name":null,"name_latin":null},"geometry":{"type":"Polygon","coordinates":[[[32.589063,14.3811196],[32.589189,14.3810706],[32.5892063,14.3811124],[32.5890803,14.3811614],[32.589063,14.3811196]]]}},{"type":"Feature","properties":{"id":"way/1102478936","name":null,"name_en":null,"name_ar":null,"amenity":null,"building":"school","operator_type":null,"capacity_persons":null,"addr_full":null,"addr_city":null,"source":null,"adm0_pcode":"SDN","adm0_name":"Sudan","adm1_pcode":"SD15","adm1_name":"Aj Jazirah","adm2_pcode":"SD15037","adm2_name":"Al Qurashi","adm3_pcode":null,"adm3_name":null,"adm4_pcode":null,"adm4_name":null,"name_latin":null},"geometry":{"type":"Polygon","coordinates":[[[32.5895148,14.3812709],[32.5898908,14.3811193],[32.5899071,14.3811626],[32.5895351,14.3813162],[32.5895148,14.3812709]]]}},{"type":"Feature","properties":{"id":"way/1101213335","name":null,"name_en":null,"name_ar":null,"amenity":"school","building":null,"operator_type":null,"capacity_persons":null,"addr_full":null,"addr_city":null,"source":null,"adm0_pcode":"SDN","adm0_name":"Sudan","adm1_pcode":"SD15","adm1_name":"Aj Jazirah","adm2_pcode":"SD15037","adm2_name":"Al Qurashi","adm3_pcode":null,"adm3_name":null,"adm4_pcode":null,"adm4_name":null,"name_latin":null},"geometry":{"type":"Polygon","coordinates":[[[32.5752328,14.4286769],[32.575518,14.4287397],[32.5755271,14.4287009],[32.5752419,14.4286381],[32.5752328,14.4286769]]]}},{"type":"Feature","properties":{"id":"way/1101213333","name":null,"name_en":null,"name_ar":null,"amenity":"school","building":null,"operator_type":null,"capacity_persons":null,"addr_full":null,"addr_city":null,"source":null,"adm0_pcode":"SDN","adm0_name":"Sudan","adm1_pcode":"SD15","adm1_name":"Aj Jazirah","adm2_pcode":"SD15037","adm2_name":"Al Qurashi","adm3_pcode":null,"adm3_name":null,"adm4_pcode":null,"adm4_name":null,"name_latin":null},"geometry":{"type":"Polygon","coordinates":[[[32.5751485,14.4289082],[32.5753334,14.4289518],[32.5753435,14.4289117],[32.5751586,14.428868],[32.5751485,14.4289082]]]}},{"type":"Feature","properties":{"id":"way/1101213334","name":null,"name_en":null,"name_ar":null,"amenity":"school","building":null,"operator_type":null,"capacity_persons":null,"addr_full":null,"addr_city":null,"source":null,"adm0_pcode":"SDN","adm0_name":"Sudan","adm1_pcode":"SD15","adm1_name":"Aj Jazirah","adm2_pcode":"SD15037","adm2_name":"Al Qurashi","adm3_pcode":null,"adm3_name":null,"adm4_pcode":null,"adm4_name":null,"name_latin":null},"geometry":{"type":"Polygon","coordinates":[[[32.575403,14.4289632],[32.5754763,14.4289826],[32.5754869,14.428945],[32.5754136,14.4289256],[32.575403,14.4289632]]]}},{"type":"Feature","properties":{"id":"way/1101213332","name":null,"name_en":null,"name_ar":null,"amenity":"school","building":null,"operator_type":null,"capacity_persons":null,"addr_full":null,"addr_city":null,"source":null,"adm0_pcode":"SDN","adm0_name":"Sudan","adm1_pcode":"SD15","adm1_name":"Aj Jazirah","adm2_pcode":"SD15037","adm2_name":"Al Qurashi","adm3_pcode":null,"adm3_name":null,"adm4_pcode":null,"adm4_name":null,"name_latin":null},"geometry":{"type":"Polygon","coordinates":[[[32.575037,14.4289998],[32.5752327,14.4290461],[32.575243,14.4290051],[32.5750473,14.4289589],[32.575037,14.4289998]]]}},{"type":"Feature","properties":{"id":"way/1101213331","name":null,"name_en":null,"name_ar":null,"amenity":"school","building":null,"operator_type":null,"capacity_persons":null,"addr_full":null,"addr_city":null,"source":null,"adm0_pcode":"SDN","adm0_name":"Sudan","adm1_pcode":"SD15","adm1_name":"Aj Jazirah","adm2_pcode":"SD15037","adm2_name":"Al Qurashi","adm3_pcode":null,"adm3_name":null,"adm4_pcode":null,"adm4_name":null,"name_latin":null},"geometry":{"type":"Polygon","coordinates":[[[32.5749788,14.4291893],[32.5750572,14.4291998],[32.5750633,14.4291568],[32.5749849,14.4291463],[32.5749788,14.4291893]]]}},{"type":"Feature","properties":{"id":"way/1101213330","name":null,"name_en":null,"name_ar":null,"amenity":"school","building":null,"operator_type":null,"capacity_persons":null,"addr_full":null,"addr_city":null,"source":null,"adm0_pcode":"SDN","adm0_name":"Sudan","adm1_pcode":"SD15","adm1_name":"Aj Jazirah","adm2_pcode":"SD15037","adm2_name":"Al Qurashi","adm3_pcode":null,"adm3_name":null,"adm4_pcode":null,"adm4_name":null,"name_latin":null},"geometry":{"type":"Polygon","coordinates":[[[32.5750494,14.4292807],[32.5754145,14.429321],[32.5754195,14.4292785],[32.5750544,14.4292382],[32.5750494,14.4292807]]]}},{"type":"Feature","properties":{"id":"way/1101440379","name":null,"name_en":null,"name_ar":null,"amenity":"school","building":null,"operator_type":null,"capacity_persons":null,"addr_full":null,"addr_city":null,"source":null,"adm0_pcode":"SDN","adm0_name":"Sudan","adm1_pcode":"SD15","adm1_name":"Aj Jazirah","adm2_pcode":"SD15037","adm2_name":"Al Qurashi","adm3_pcode":null,"adm3_name":null,"adm4_pcode":null,"adm4_name":null,"name_latin":null},"geometry":{"type":"Polygon","coordinates":[[[32.5364931,14.4352905],[32.536532,14.4352302],[32.5367539,14.4353644],[32.536715,14.4354248],[32.5364931,14.4352905]]]}},{"type":"Feature","properties":{"id":"way/1101440378","name":null,"name_en":null,"name_ar":null,"amenity":"school","building":null,"operator_type":null,"capacity_persons":null,"addr_full":null,"addr_city":null,"source":null,"adm0_pcode":"SDN","adm0_name":"Sudan","adm1_pcode":"SD15","adm1_name":"Aj Jazirah","adm2_pcode":"SD15037","adm2_name":"Al Qurashi","adm3_pcode":null,"adm3_name":null,"adm4_pcode":null,"adm4_name":null,"name_latin":null},"geometry":{"type":"Polygon","coordinates":[[[32.5362791,14.4356226],[32.5363121,14.4355696],[32.5365406,14.4357029],[32.5365076,14.4357559],[32.5362791,14.4356226]]]}},{"type":"Feature","properties":{"id":"way/1101548116","name":null,"name_en":null,"name_ar":null,"amenity":null,"building":"school","operator_type":null,"capacity_persons":null,"addr_full":null,"addr_city":null,"source":null,"adm0_pcode":"SDN","adm0_name":"Sudan","adm1_pcode":"SD15","adm1_name":"Aj Jazirah","adm2_pcode":"SD15037","adm2_name":"Al Qurashi","adm3_pcode":null,"adm3_name":null,"adm4_pcode":null,"adm4_name":null,"name_latin":null},"geometry":{"type":"Polygon","coordinates":[[[32.5671797,14.5048225],[32.5671463,14.5047751],[32.5671848,14.5047496],[32.5672182,14.504797],[32.5671797,14.5048225]]]}},{"type":"Feature","properties":{"id":"way/1101548110","name":null,"name_en":null,"name_ar":null,"amenity":"school","building":null,"operator_type":null,"capacity_persons":null,"addr_full":null,"addr_city":null,"source":null,"adm0_pcode":"SDN","adm0_name":"Sudan","adm1_pcode":"SD15","adm1_name":"Aj Jazirah","adm2_pcode":"SD15037","adm2_name":"Al Qurashi","adm3_pcode":null,"adm3_name":null,"adm4_pcode":null,"adm4_name":null,"name_latin":null},"geometry":{"type":"Polygon","coordinates":[[[32.5668432,14.5050825],[32.5672007,14.5048423],[32.5672293,14.5048822],[32.5668717,14.5051223],[32.5668432,14.5050825]]]}},{"type":"Feature","properties":{"id":"way/1101548115","name":null,"name_en":null,"name_ar":null,"amenity":"school","building":null,"operator_type":null,"capacity_persons":null,"addr_full":null,"addr_city":null,"source":null,"adm0_pcode":"SDN","adm0_name":"Sudan","adm1_pcode":"SD15","adm1_name":"Aj Jazirah","adm2_pcode":"SD15037","adm2_name":"Al Qurashi","adm3_pcode":null,"adm3_name":null,"adm4_pcode":null,"adm4_name":null,"name_latin":null},"geometry":{"type":"Polygon","coordinates":[[[32.5672593,14.5051342],[32.5672306,14.504979],[32.5672726,14.5049717],[32.5673013,14.5051269],[32.5672593,14.5051342]]]}},{"type":"Feature","properties":{"id":"way/1101548114","name":null,"name_en":null,"name_ar":null,"amenity":"school","building":null,"operator_type":null,"capacity_persons":null,"addr_full":null,"addr_city":null,"source":null,"adm0_pcode":"SDN","adm0_name":"Sudan","adm1_pcode":"SD15","adm1_name":"Aj Jazirah","adm2_pcode":"SD15037","adm2_name":"Al Qurashi","adm3_pcode":null,"adm3_name":null,"adm4_pcode":null,"adm4_name":null,"name_latin":null},"geometry":{"type":"Polygon","coordinates":[[[32.5668084,14.5051722],[32.5668727,14.5051379],[32.5668977,14.5051817],[32.5668334,14.5052161],[32.5668084,14.5051722]]]}},{"type":"Feature","properties":{"id":"way/1101548113","name":null,"name_en":null,"name_ar":null,"amenity":"school","building":null,"operator_type":null,"capacity_persons":null,"addr_full":null,"addr_city":null,"source":null,"adm0_pcode":"SDN","adm0_name":"Sudan","adm1_pcode":"SD15","adm1_name":"Aj Jazirah","adm2_pcode":"SD15037","adm2_name":"Al Qurashi","adm3_pcode":null,"adm3_name":null,"adm4_pcode":null,"adm4_name":null,"name_latin":null},"geometry":{"type":"Polygon","coordinates":[[[32.5672812,14.5052937],[32.5673685,14.5052669],[32.5673484,14.5052055],[32.5672611,14.5052324],[32.5672812,14.5052937]]]}},{"type":"Feature","properties":{"id":"way/1101548112","name":null,"name_en":null,"name_ar":null,"amenity":"school","building":null,"operator_type":null,"capacity_persons":null,"addr_full":null,"addr_city":null,"source":null,"adm0_pcode":"SDN","adm0_name":"Sudan","adm1_pcode":"SD15","adm1_name":"Aj Jazirah","adm2_pcode":"SD15037","adm2_name":"Al Qurashi","adm3_pcode":null,"adm3_name":null,"adm4_pcode":null,"adm4_name":null,"name_latin":null},"geometry":{"type":"Polygon","coordinates":[[[32.56691,14.5053836],[32.5670298,14.5053504],[32.5670114,14.505288],[32.5668915,14.5053213],[32.56691,14.5053836]]]}},{"type":"Feature","properties":{"id":"way/1101548111","name":null,"name_en":null,"name_ar":null,"amenity":"school","building":null,"operator_type":null,"capacity_persons":null,"addr_full":null,"addr_city":null,"source":null,"adm0_pcode":"SDN","adm0_name":"Sudan","adm1_pcode":"SD15","adm1_name":"Aj Jazirah","adm2_pcode":"SD15037","adm2_name":"Al Qurashi","adm3_pcode":null,"adm3_name":null,"adm4_pcode":null,"adm4_name":null,"name_latin":null},"geometry":{"type":"Polygon","coordinates":[[[32.5669966,14.5053919],[32.5673235,14.5053056],[32.5673383,14.5053579],[32.5670114,14.5054442],[32.5669966,14.5053919]]]}},{"type":"Feature","properties":{"id":"way/1101548109","name":null,"name_en":null,"name_ar":null,"amenity":"school","building":null,"operator_type":null,"capacity_persons":null,"addr_full":null,"addr_city":null,"source":null,"adm0_pcode":"SDN","adm0_name":"Sudan","adm1_pcode":"SD15","adm1_name":"Aj Jazirah","adm2_pcode":"SD15037","adm2_name":"Al Qurashi","adm3_pcode":null,"adm3_name":null,"adm4_pcode":null,"adm4_name":null,"name_latin":null},"geometry":{"type":"Polygon","coordinates":[[[32.56639,14.5054147],[32.566576,14.5053204],[32.5665999,14.5053645],[32.5664138,14.5054588],[32.56639,14.5054147]]]}},{"type":"Feature","properties":{"id":"way/1101548108","name":null,"name_en":null,"name_ar":null,"amenity":"school","building":null,"operator_type":null,"capacity_persons":null,"addr_full":null,"addr_city":null,"source":null,"adm0_pcode":"SDN","adm0_name":"Sudan","adm1_pcode":"SD15","adm1_name":"Aj Jazirah","adm2_pcode":"SD15037","adm2_name":"Al Qurashi","adm3_pcode":null,"adm3_name":null,"adm4_pcode":null,"adm4_name":null,"name_latin":null},"geometry":{"type":"Polygon","coordinates":[[[32.5661266,14.505571],[32.56626,14.5054799],[32.5662948,14.5055276],[32.5661614,14.5056188],[32.5661266,14.505571]]]}},{"type":"Feature","properties":{"id":"way/1101548107","name":null,"name_en":null,"name_ar":null,"amenity":"school","building":null,"operator_type":null,"capacity_persons":null,"addr_full":null,"addr_city":null,"source":null,"adm0_pcode":"SDN","adm0_name":"Sudan","adm1_pcode":"SD15","adm1_name":"Aj Jazirah","adm2_pcode":"SD15037","adm2_name":"Al Qurashi","adm3_pcode":null,"adm3_name":null,"adm4_pcode":null,"adm4_name":null,"name_latin":null},"geometry":{"type":"Polygon","coordinates":[[[32.5665518,14.50576],[32.5668043,14.5056108],[32.5668338,14.5056578],[32.5665813,14.5058068],[32.5665518,14.50576]]]}},{"type":"Feature","properties":{"id":"way/1101426916","name":null,"name_en":null,"name_ar":null,"amenity":"school","building":null,"operator_type":null,"capacity_persons":null,"addr_full":null,"addr_city":null,"source":null,"adm0_pcode":"SDN","adm0_name":"Sudan","adm1_pcode":"SD15","adm1_name":"Aj Jazirah","adm2_pcode":"SD15034","adm2_name":"Al Hasahisa","adm3_pcode":null,"adm3_name":null,"adm4_pcode":null,"adm4_name":null,"name_latin":null},"geometry":{"type":"Polygon","coordinates":[[[32.6506268,14.8397461],[32.6504874,14.8396987],[32.6505044,14.839652],[32.6506438,14.8396994],[32.6506268,14.8397461]]]}},{"type":"Feature","properties":{"id":"way/1101426919","name":null,"name_en":null,"name_ar":null,"amenity":"school","building":null,"operator_type":null,"capacity_persons":null,"addr_full":null,"addr_city":null,"source":null,"adm0_pcode":"SDN","adm0_name":"Sudan","adm1_pcode":"SD15","adm1_name":"Aj Jazirah","adm2_pcode":"SD15034","adm2_name":"Al Hasahisa","adm3_pcode":null,"adm3_name":null,"adm4_pcode":null,"adm4_name":null,"name_latin":null},"geometry":{"type":"Polygon","coordinates":[[[32.6507945,14.8398118],[32.6506599,14.8397622],[32.6506788,14.8397145],[32.6508133,14.8397642],[32.6507945,14.8398118]]]}},{"type":"Feature","properties":{"id":"way/1101426920","name":null,"name_en":null,"name_ar":null,"amenity":"school","building":null,"operator_type":null,"capacity_persons":null,"addr_full":null,"addr_city":null,"source":null,"adm0_pcode":"SDN","adm0_name":"Sudan","adm1_pcode":"SD15","adm1_name":"Aj Jazirah","adm2_pcode":"SD15034","adm2_name":"Al Hasahisa","adm3_pcode":null,"adm3_name":null,"adm4_pcode":null,"adm4_name":null,"name_latin":null},"geometry":{"type":"Polygon","coordinates":[[[32.6508328,14.8397791],[32.6508575,14.8397268],[32.6509352,14.839761],[32.6509105,14.8398133],[32.6508328,14.8397791]]]}},{"type":"Feature","properties":{"id":"way/1101426917","name":null,"name_en":null,"name_ar":null,"amenity":"school","building":null,"operator_type":null,"capacity_persons":null,"addr_full":null,"addr_city":null,"source":null,"adm0_pcode":"SDN","adm0_name":"Sudan","adm1_pcode":"SD15","adm1_name":"Aj Jazirah","adm2_pcode":"SD15034","adm2_name":"Al Hasahisa","adm3_pcode":null,"adm3_name":null,"adm4_pcode":null,"adm4_name":null,"name_latin":null},"geometry":{"type":"Polygon","coordinates":[[[32.6505389,14.8400662],[32.650366,14.839995],[32.6503864,14.8399487],[32.6505593,14.8400199],[32.6505389,14.8400662]]]}},{"type":"Feature","properties":{"id":"way/1101426918","name":null,"name_en":null,"name_ar":null,"amenity":"school","building":null,"operator_type":null,"capacity_persons":null,"addr_full":null,"addr_city":null,"source":null,"adm0_pcode":"SDN","adm0_name":"Sudan","adm1_pcode":"SD15","adm1_name":"Aj Jazirah","adm2_pcode":"SD15034","adm2_name":"Al Hasahisa","adm3_pcode":null,"adm3_name":null,"adm4_pcode":null,"adm4_name":null,"name_latin":null},"geometry":{"type":"Polygon","coordinates":[[[32.6507163,14.8400528],[32.6507328,14.8400043],[32.6508157,14.8400309],[32.6508239,14.8400069],[32.6508733,14.8400228],[32.6508485,14.8400951],[32.6507163,14.8400528]]]}},{"type":"Feature","properties":{"id":"way/1103039874","name":null,"name_en":null,"name_ar":null,"amenity":"school","building":null,"operator_type":null,"capacity_persons":null,"addr_full":null,"addr_city":null,"source":null,"adm0_pcode":"SDN","adm0_name":"Sudan","adm1_pcode":"SD15","adm1_name":"Aj Jazirah","adm2_pcode":"SD15034","adm2_name":"Al Hasahisa","adm3_pcode":null,"adm3_name":null,"adm4_pcode":null,"adm4_name":null,"name_latin":null},"geometry":{"type":"Polygon","coordinates":[[[32.6491628,14.9609928],[32.6492068,14.9609936],[32.6492082,14.9609195],[32.6491641,14.9609187],[32.6491628,14.9609928]]]}},{"type":"Feature","properties":{"id":"way/1103039873","name":null,"name_en":null,"name_ar":null,"amenity":"school","building":null,"operator_type":null,"capacity_persons":null,"addr_full":null,"addr_city":null,"source":null,"adm0_pcode":"SDN","adm0_name":"Sudan","adm1_pcode":"SD15","adm1_name":"Aj Jazirah","adm2_pcode":"SD15034","adm2_name":"Al Hasahisa","adm3_pcode":null,"adm3_name":null,"adm4_pcode":null,"adm4_name":null,"name_latin":null},"geometry":{"type":"Polygon","coordinates":[[[32.6492137,14.9609904],[32.6492206,14.9609297],[32.6495118,14.9609605],[32.6495069,14.9610035],[32.6492571,14.9609771],[32.6492551,14.9609948],[32.6492137,14.9609904]]]}},{"type":"Feature","properties":{"id":"way/1103039875","name":null,"name_en":null,"name_ar":null,"amenity":"school","building":null,"operator_type":null,"capacity_persons":null,"addr_full":null,"addr_city":null,"source":null,"adm0_pcode":"SDN","adm0_name":"Sudan","adm1_pcode":"SD15","adm1_name":"Aj Jazirah","adm2_pcode":"SD15034","adm2_name":"Al Hasahisa","adm3_pcode":null,"adm3_name":null,"adm4_pcode":null,"adm4_name":null,"name_latin":null},"geometry":{"type":"Polygon","coordinates":[[[32.6495487,14.9610075],[32.6495496,14.9609644],[32.6496276,14.9609659],[32.6496267,14.961009],[32.6495487,14.9610075]]]}},{"type":"Feature","properties":{"id":"way/1103039876","name":null,"name_en":null,"name_ar":null,"amenity":"school","building":null,"operator_type":null,"capacity_persons":null,"addr_full":null,"addr_city":null,"source":null,"adm0_pcode":"SDN","adm0_name":"Sudan","adm1_pcode":"SD15","adm1_name":"Aj Jazirah","adm2_pcode":"SD15034","adm2_name":"Al Hasahisa","adm3_pcode":null,"adm3_name":null,"adm4_pcode":null,"adm4_name":null,"name_latin":null},"geometry":{"type":"Polygon","coordinates":[[[32.6490295,14.9613703],[32.6498542,14.9614245],[32.6499369,14.9608675],[32.6491441,14.9607927],[32.6491054,14.9609195],[32.6490462,14.9611658],[32.6490295,14.9613703]]]}},{"type":"Feature","properties":{"id":"way/1103039872","name":null,"name_en":null,"name_ar":null,"amenity":"school","building":null,"operator_type":null,"capacity_persons":null,"addr_full":null,"addr_city":null,"source":null,"adm0_pcode":"SDN","adm0_name":"Sudan","adm1_pcode":"SD15","adm1_name":"Aj Jazirah","adm2_pcode":"SD15034","adm2_name":"Al Hasahisa","adm3_pcode":null,"adm3_name":null,"adm4_pcode":null,"adm4_name":null,"name_latin":null},"geometry":{"type":"Polygon","coordinates":[[[32.6491686,14.9612975],[32.6495013,14.9613159],[32.6495039,14.9612724],[32.6492255,14.9612571],[32.649227,14.961233],[32.6491726,14.96123],[32.6491686,14.9612975]]]}},{"type":"Feature","properties":{"id":"way/1101195904","name":null,"name_en":null,"name_ar":null,"amenity":null,"building":"school","operator_type":null,"capacity_persons":null,"addr_full":null,"addr_city":null,"source":null,"adm0_pcode":"SDN","adm0_name":"Sudan","adm1_pcode":"SD15","adm1_name":"Aj Jazirah","adm2_pcode":"SD15032","adm2_name":"Um Algura","adm3_pcode":null,"adm3_name":null,"adm4_pcode":null,"adm4_name":null,"name_latin":null},"geometry":{"type":"Polygon","coordinates":[[[34.0218356,14.2588545],[34.0218511,14.2588103],[34.0221218,14.2588997],[34.0221063,14.2589438],[34.0218356,14.2588545]]]}},{"type":"Feature","properties":{"id":"way/1101195905","name":null,"name_en":null,"name_ar":null,"amenity":null,"building":"school","operator_type":null,"capacity_persons":null,"addr_full":null,"addr_city":null,"source":null,"adm0_pcode":"SDN","adm0_name":"Sudan","adm1_pcode":"SD15","adm1_name":"Aj Jazirah","adm2_pcode":"SD15032","adm2_name":"Um Algura","adm3_pcode":null,"adm3_name":null,"adm4_pcode":null,"adm4_name":null,"name_latin":null},"geometry":{"type":"Polygon","coordinates":[[[34.0223804,14.2587083],[34.0223995,14.2586573],[34.0222125,14.2585916],[34.0221935,14.2586426],[34.0223804,14.2587083]]]}},{"type":"Feature","properties":{"id":"way/1101195906","name":null,"name_en":null,"name_ar":null,"amenity":null,"building":"school","operator_type":null,"capacity_persons":null,"addr_full":null,"addr_city":null,"source":null,"adm0_pcode":"SDN","adm0_name":"Sudan","adm1_pcode":"SD15","adm1_name":"Aj Jazirah","adm2_pcode":"SD15032","adm2_name":"Um Algura","adm3_pcode":null,"adm3_name":null,"adm4_pcode":null,"adm4_name":null,"name_latin":null},"geometry":{"type":"Polygon","coordinates":[[[34.02205,14.2585905],[34.0220676,14.2585434],[34.0221436,14.2585702],[34.0221259,14.2586172],[34.02205,14.2585905]]]}},{"type":"Feature","properties":{"id":"way/1101195907","name":null,"name_en":null,"name_ar":null,"amenity":null,"building":"school","operator_type":null,"capacity_persons":null,"addr_full":null,"addr_city":null,"source":null,"adm0_pcode":"SDN","adm0_name":"Sudan","adm1_pcode":"SD15","adm1_name":"Aj Jazirah","adm2_pcode":"SD15032","adm2_name":"Um Algura","adm3_pcode":null,"adm3_name":null,"adm4_pcode":null,"adm4_name":null,"name_latin":null},"geometry":{"type":"Polygon","coordinates":[[[34.0219571,14.2585534],[34.0219731,14.2585122],[34.0220463,14.2585388],[34.0220303,14.25858],[34.0219571,14.2585534]]]}},{"type":"Feature","properties":{"id":"way/971003582","name":null,"name_en":null,"name_ar":null,"amenity":null,"building":"school","operator_type":null,"capacity_persons":null,"addr_full":null,"addr_city":null,"source":null,"adm0_pcode":"SDN","adm0_name":"Sudan","adm1_pcode":"SD15","adm1_name":"Aj Jazirah","adm2_pcode":"SD15035","adm2_name":"Al Kamlin","adm3_pcode":null,"adm3_name":null,"adm4_pcode":null,"adm4_name":null,"name_latin":null},"geometry":{"type":"Polygon","coordinates":[[[32.7369092,15.3597975],[32.7369682,15.359737],[32.7369045,15.3596792],[32.7368455,15.3597396],[32.7369092,15.3597975]]]}},{"type":"Feature","properties":{"id":"way/971003584","name":null,"name_en":null,"name_ar":null,"amenity":null,"building":"school","operator_type":null,"capacity_persons":null,"addr_full":null,"addr_city":null,"source":null,"adm0_pcode":"SDN","adm0_name":"Sudan","adm1_pcode":"SD15","adm1_name":"Aj Jazirah","adm2_pcode":"SD15035","adm2_name":"Al Kamlin","adm3_pcode":null,"adm3_name":null,"adm4_pcode":null,"adm4_name":null,"name_latin":null},"geometry":{"type":"Polygon","coordinates":[[[32.7369766,15.3597283],[32.7370305,15.3596703],[32.736881,15.359541],[32.7368271,15.359599],[32.7369766,15.3597283]]]}},{"type":"Feature","properties":{"id":"way/971003589","name":null,"name_en":null,"name_ar":null,"amenity":null,"building":"school","operator_type":null,"capacity_persons":null,"addr_full":null,"addr_city":null,"source":null,"adm0_pcode":"SDN","adm0_name":"Sudan","adm1_pcode":"SD15","adm1_name":"Aj Jazirah","adm2_pcode":"SD15035","adm2_name":"Al Kamlin","adm3_pcode":null,"adm3_name":null,"adm4_pcode":null,"adm4_name":null,"name_latin":null},"geometry":{"type":"Polygon","coordinates":[[[32.736695,15.3596141],[32.7367492,15.3595555],[32.7366043,15.359431],[32.7365501,15.3594897],[32.736695,15.3596141]]]}},{"type":"Feature","properties":{"id":"way/971003585","name":null,"name_en":null,"name_ar":null,"amenity":null,"building":"school","operator_type":null,"capacity_persons":null,"addr_full":null,"addr_city":null,"source":null,"adm0_pcode":"SDN","adm0_name":"Sudan","adm1_pcode":"SD15","adm1_name":"Aj Jazirah","adm2_pcode":"SD15035","adm2_name":"Al Kamlin","adm3_pcode":null,"adm3_name":null,"adm4_pcode":null,"adm4_name":null,"name_latin":null},"geometry":{"type":"Polygon","coordinates":[[[32.7371141,15.3595821],[32.7371713,15.3595215],[32.7370291,15.3593967],[32.7369719,15.3594573],[32.7371141,15.3595821]]]}},{"type":"Feature","properties":{"id":"way/971003588","name":null,"name_en":null,"name_ar":null,"amenity":null,"building":"school","operator_type":null,"capacity_persons":null,"addr_full":null,"addr_city":null,"source":null,"adm0_pcode":"SDN","adm0_name":"Sudan","adm1_pcode":"SD15","adm1_name":"Aj Jazirah","adm2_pcode":"SD15035","adm2_name":"Al Kamlin","adm3_pcode":null,"adm3_name":null,"adm4_pcode":null,"adm4_name":null,"name_latin":null},"geometry":{"type":"Polygon","coordinates":[[[32.7368364,15.3594638],[32.7368871,15.3594104],[32.7367382,15.3592792],[32.7366876,15.3593326],[32.7368364,15.3594638]]]}},{"type":"Feature","properties":{"id":"way/971003587","name":null,"name_en":null,"name_ar":null,"amenity":null,"building":"school","operator_type":null,"capacity_persons":null,"addr_full":null,"addr_city":null,"source":null,"adm0_pcode":"SDN","adm0_name":"Sudan","adm1_pcode":"SD15","adm1_name":"Aj Jazirah","adm2_pcode":"SD15035","adm2_name":"Al Kamlin","adm3_pcode":null,"adm3_name":null,"adm4_pcode":null,"adm4_name":null,"name_latin":null},"geometry":{"type":"Polygon","coordinates":[[[32.7364992,15.3592879],[32.736555,15.3593308],[32.736675,15.3591853],[32.7366192,15.3591425],[32.7364992,15.3592879]]]}},{"type":"Feature","properties":{"id":"way/971003586","name":null,"name_en":null,"name_ar":null,"amenity":null,"building":"school","operator_type":null,"capacity_persons":null,"addr_full":null,"addr_city":null,"source":null,"adm0_pcode":"SDN","adm0_name":"Sudan","adm1_pcode":"SD15","adm1_name":"Aj Jazirah","adm2_pcode":"SD15035","adm2_name":"Al Kamlin","adm3_pcode":null,"adm3_name":null,"adm4_pcode":null,"adm4_name":null,"name_latin":null},"geometry":{"type":"Polygon","coordinates":[[[32.7369679,15.3593216],[32.7370243,15.3592629],[32.7368399,15.359098],[32.7367835,15.3591567],[32.7369679,15.3593216]]]}},{"type":"Feature","properties":{"id":"way/1101470361","name":null,"name_en":null,"name_ar":null,"amenity":null,"building":"school","operator_type":null,"capacity_persons":null,"addr_full":null,"addr_city":null,"source":null,"adm0_pcode":"SDN","adm0_name":"Sudan","adm1_pcode":"SD15","adm1_name":"Aj Jazirah","adm2_pcode":"SD15035","adm2_name":"Al Kamlin","adm3_pcode":null,"adm3_name":null,"adm4_pcode":null,"adm4_name":null,"name_latin":null},"geometry":{"type":"Polygon","coordinates":[[[32.7874652,15.3377627],[32.7875336,15.3377459],[32.7875188,15.3376899],[32.7874504,15.3377067],[32.7874652,15.3377627]]]}},{"type":"Feature","properties":{"id":"way/1101470360","name":null,"name_en":null,"name_ar":null,"amenity":null,"building":"school","operator_type":null,"capacity_persons":null,"addr_full":null,"addr_city":null,"source":null,"adm0_pcode":"SDN","adm0_name":"Sudan","adm1_pcode":"SD15","adm1_name":"Aj Jazirah","adm2_pcode":"SD15035","adm2_name":"Al Kamlin","adm3_pcode":null,"adm3_name":null,"adm4_pcode":null,"adm4_name":null,"name_latin":null},"geometry":{"type":"Polygon","coordinates":[[[32.7875443,15.3377394],[32.7877263,15.3377093],[32.7877149,15.3376453],[32.7875329,15.3376754],[32.7875443,15.3377394]]]}},{"type":"Feature","properties":{"id":"way/1101470359","name":null,"name_en":null,"name_ar":null,"amenity":null,"building":"school","operator_type":null,"capacity_persons":null,"addr_full":null,"addr_city":null,"source":null,"adm0_pcode":"SDN","adm0_name":"Sudan","adm1_pcode":"SD15","adm1_name":"Aj Jazirah","adm2_pcode":"SD15035","adm2_name":"Al Kamlin","adm3_pcode":null,"adm3_name":null,"adm4_pcode":null,"adm4_name":null,"name_latin":null},"geometry":{"type":"Polygon","coordinates":[[[32.7877481,15.3376896],[32.7878785,15.3376883],[32.7878779,15.3376281],[32.7877475,15.3376295],[32.7877481,15.3376896]]]}},{"type":"Feature","properties":{"id":"way/1101470358","name":null,"name_en":null,"name_ar":null,"amenity":null,"building":"school","operator_type":null,"capacity_persons":null,"addr_full":null,"addr_city":null,"source":null,"adm0_pcode":"SDN","adm0_name":"Sudan","adm1_pcode":"SD15","adm1_name":"Aj Jazirah","adm2_pcode":"SD15035","adm2_name":"Al Kamlin","adm3_pcode":null,"adm3_name":null,"adm4_pcode":null,"adm4_name":null,"name_latin":null},"geometry":{"type":"Polygon","coordinates":[[[32.7878903,15.3376043],[32.7879513,15.3376007],[32.7879486,15.3375586],[32.7878876,15.3375622],[32.7878903,15.3376043]]]}},{"type":"Feature","properties":{"id":"way/1101470357","name":null,"name_en":null,"name_ar":null,"amenity":null,"building":"school","operator_type":null,"capacity_persons":null,"addr_full":null,"addr_city":null,"source":null,"adm0_pcode":"SDN","adm0_name":"Sudan","adm1_pcode":"SD15","adm1_name":"Aj Jazirah","adm2_pcode":"SD15035","adm2_name":"Al Kamlin","adm3_pcode":null,"adm3_name":null,"adm4_pcode":null,"adm4_name":null,"name_latin":null},"geometry":{"type":"Polygon","coordinates":[[[32.7878836,15.3375428],[32.787938,15.3375376],[32.7879293,15.3374529],[32.7878749,15.3374581],[32.7878836,15.3375428]]]}},{"type":"Feature","properties":{"id":"way/1101470356","name":null,"name_en":null,"name_ar":null,"amenity":null,"building":"school","operator_type":null,"capacity_persons":null,"addr_full":null,"addr_city":null,"source":null,"adm0_pcode":"SDN","adm0_name":"Sudan","adm1_pcode":"SD15","adm1_name":"Aj Jazirah","adm2_pcode":"SD15035","adm2_name":"Al Kamlin","adm3_pcode":null,"adm3_name":null,"adm4_pcode":null,"adm4_name":null,"name_latin":null},"geometry":{"type":"Polygon","coordinates":[[[32.7878648,15.3374517],[32.7878621,15.3374122],[32.7878395,15.3374137],[32.7878387,15.3374068],[32.7878416,15.3374064],[32.7878353,15.3373585],[32.7874866,15.3374012],[32.7874889,15.3374186],[32.7874884,15.3374187],[32.7874947,15.337473],[32.7877822,15.337442],[32.7877832,15.3374568],[32.7878648,15.3374517]]]}},{"type":"Feature","properties":{"id":"way/1101967780","name":null,"name_en":null,"name_ar":null,"amenity":null,"building":"school","operator_type":null,"capacity_persons":null,"addr_full":null,"addr_city":null,"source":null,"adm0_pcode":"SDN","adm0_name":"Sudan","adm1_pcode":"SD15","adm1_name":"Aj Jazirah","adm2_pcode":"SD15033","adm2_name":"Sharg Al Jazirah","adm3_pcode":null,"adm3_name":null,"adm4_pcode":null,"adm4_name":null,"name_latin":null},"geometry":{"type":"Polygon","coordinates":[[[33.3628026,14.9953785],[33.36316,14.9954623],[33.363183,14.9954127],[33.3628132,14.9953289],[33.3628026,14.9953785]]]}},{"type":"Feature","properties":{"id":"way/1101967781","name":null,"name_en":null,"name_ar":null,"amenity":null,"building":"school","operator_type":null,"capacity_persons":null,"addr_full":null,"addr_city":null,"source":null,"adm0_pcode":"SDN","adm0_name":"Sudan","adm1_pcode":"SD15","adm1_name":"Aj Jazirah","adm2_pcode":"SD15033","adm2_name":"Sharg Al Jazirah","adm3_pcode":null,"adm3_name":null,"adm4_pcode":null,"adm4_name":null,"name_latin":null},"geometry":{"type":"Polygon","coordinates":[[[33.3632414,14.9955528],[33.363268,14.9954349],[33.3633016,14.99544],[33.3632768,14.9955563],[33.3632414,14.9955528]]]}},{"type":"Feature","properties":{"id":"way/1101967779","name":null,"name_en":null,"name_ar":null,"amenity":null,"building":"school","operator_type":null,"capacity_persons":null,"addr_full":null,"addr_city":null,"source":null,"adm0_pcode":"SDN","adm0_name":"Sudan","adm1_pcode":"SD15","adm1_name":"Aj Jazirah","adm2_pcode":"SD15033","adm2_name":"Sharg Al Jazirah","adm3_pcode":null,"adm3_name":null,"adm4_pcode":null,"adm4_name":null,"name_latin":null},"geometry":{"type":"Polygon","coordinates":[[[33.3627583,14.9955238],[33.3631016,14.9956246],[33.3631211,14.9955717],[33.3627778,14.9954742],[33.3627583,14.9955238]]]}},{"type":"Feature","properties":{"id":"way/1101967778","name":null,"name_en":null,"name_ar":null,"amenity":null,"building":"school","operator_type":null,"capacity_persons":null,"addr_full":null,"addr_city":null,"source":null,"adm0_pcode":"SDN","adm0_name":"Sudan","adm1_pcode":"SD15","adm1_name":"Aj Jazirah","adm2_pcode":"SD15033","adm2_name":"Sharg Al Jazirah","adm3_pcode":null,"adm3_name":null,"adm4_pcode":null,"adm4_name":null,"name_latin":null},"geometry":{"type":"Polygon","coordinates":[[[33.3626911,14.9957375],[33.3630414,14.99584],[33.3630574,14.9957819],[33.3627158,14.9956845],[33.3626911,14.9957375]]]}},{"type":"Feature","properties":{"id":"way/1101366878","name":null,"name_en":null,"name_ar":null,"amenity":null,"building":"school","operator_type":null,"capacity_persons":null,"addr_full":null,"addr_city":null,"source":null,"adm0_pcode":"SDN","adm0_name":"Sudan","adm1_pcode":"SD15","adm1_name":"Aj Jazirah","adm2_pcode":"SD15033","adm2_name":"Sharg Al Jazirah","adm3_pcode":null,"adm3_name":null,"adm4_pcode":null,"adm4_name":null,"name_latin":null},"geometry":{"type":"Polygon","coordinates":[[[33.3797478,14.9972907],[33.3797624,14.9972355],[33.3801625,14.9973343],[33.3801479,14.9973895],[33.3797478,14.9972907]]]}},{"type":"Feature","properties":{"id":"way/1101366877","name":null,"name_en":null,"name_ar":null,"amenity":null,"building":"school","operator_type":null,"capacity_persons":null,"addr_full":null,"addr_city":null,"source":null,"adm0_pcode":"SDN","adm0_name":"Sudan","adm1_pcode":"SD15","adm1_name":"Aj Jazirah","adm2_pcode":"SD15033","adm2_name":"Sharg Al Jazirah","adm3_pcode":null,"adm3_name":null,"adm4_pcode":null,"adm4_name":null,"name_latin":null},"geometry":{"type":"Polygon","coordinates":[[[33.3796543,14.9973402],[33.3796705,14.9972862],[33.3797476,14.9973078],[33.3797314,14.9973618],[33.3796543,14.9973402]]]}},{"type":"Feature","properties":{"id":"way/1101366876","name":null,"name_en":null,"name_ar":null,"amenity":null,"building":"school","operator_type":null,"capacity_persons":null,"addr_full":null,"addr_city":null,"source":null,"adm0_pcode":"SDN","adm0_name":"Sudan","adm1_pcode":"SD15","adm1_name":"Aj Jazirah","adm2_pcode":"SD15033","adm2_name":"Sharg Al Jazirah","adm3_pcode":null,"adm3_name":null,"adm4_pcode":null,"adm4_name":null,"name_latin":null},"geometry":{"type":"Polygon","coordinates":[[[33.3797509,14.9974184],[33.3797659,14.997364],[33.3798513,14.9973861],[33.3798362,14.9974405],[33.3797509,14.9974184]]]}},{"type":"Feature","properties":{"id":"way/1101366879","name":null,"name_en":null,"name_ar":null,"amenity":null,"building":"school","operator_type":null,"capacity_persons":null,"addr_full":null,"addr_city":null,"source":null,"adm0_pcode":"SDN","adm0_name":"Sudan","adm1_pcode":"SD15","adm1_name":"Aj Jazirah","adm2_pcode":"SD15033","adm2_name":"Sharg Al Jazirah","adm3_pcode":null,"adm3_name":null,"adm4_pcode":null,"adm4_name":null,"name_latin":null},"geometry":{"type":"Polygon","coordinates":[[[33.380159,14.9974632],[33.3801773,14.9973985],[33.3803815,14.9974524],[33.3803632,14.9975171],[33.380159,14.9974632]]]}},{"type":"Feature","properties":{"id":"way/1101366881","name":null,"name_en":null,"name_ar":null,"amenity":"school","building":null,"operator_type":null,"capacity_persons":null,"addr_full":null,"addr_city":null,"source":null,"adm0_pcode":"SDN","adm0_name":"Sudan","adm1_pcode":"SD15","adm1_name":"Aj Jazirah","adm2_pcode":"SD15033","adm2_name":"Sharg Al Jazirah","adm3_pcode":null,"adm3_name":null,"adm4_pcode":null,"adm4_name":null,"name_latin":null},"geometry":{"type":"Polygon","coordinates":[[[33.3795205,14.9977796],[33.3796909,14.9971554],[33.380417,14.9973437],[33.3802481,14.9979559],[33.3795205,14.9977796]]]}},{"type":"Feature","properties":{"id":"way/1101366880","name":null,"name_en":null,"name_ar":null,"amenity":null,"building":"school","operator_type":null,"capacity_persons":null,"addr_full":null,"addr_city":null,"source":null,"adm0_pcode":"SDN","adm0_name":"Sudan","adm1_pcode":"SD15","adm1_name":"Aj Jazirah","adm2_pcode":"SD15033","adm2_name":"Sharg Al Jazirah","adm3_pcode":null,"adm3_name":null,"adm4_pcode":null,"adm4_name":null,"name_latin":null},"geometry":{"type":"Polygon","coordinates":[[[33.3802284,14.9976163],[33.3802453,14.9975689],[33.38031,14.9975904],[33.3802931,14.9976377],[33.3802284,14.9976163]]]}},{"type":"Feature","properties":{"id":"way/1101366874","name":null,"name_en":null,"name_ar":null,"amenity":null,"building":"school","operator_type":null,"capacity_persons":null,"addr_full":null,"addr_city":null,"source":null,"adm0_pcode":"SDN","adm0_name":"Sudan","adm1_pcode":"SD15","adm1_name":"Aj Jazirah","adm2_pcode":"SD15033","adm2_name":"Sharg Al Jazirah","adm3_pcode":null,"adm3_name":null,"adm4_pcode":null,"adm4_name":null,"name_latin":null},"geometry":{"type":"Polygon","coordinates":[[[33.3797995,14.9977259],[33.37981,14.9976676],[33.379899,14.9976826],[33.3798884,14.9977409],[33.3797995,14.9977259]]]}},{"type":"Feature","properties":{"id":"way/1101366875","name":null,"name_en":null,"name_ar":null,"amenity":null,"building":"school","operator_type":null,"capacity_persons":null,"addr_full":null,"addr_city":null,"source":null,"adm0_pcode":"SDN","adm0_name":"Sudan","adm1_pcode":"SD15","adm1_name":"Aj Jazirah","adm2_pcode":"SD15033","adm2_name":"Sharg Al Jazirah","adm3_pcode":null,"adm3_name":null,"adm4_pcode":null,"adm4_name":null,"name_latin":null},"geometry":{"type":"Polygon","coordinates":[[[33.3800805,14.9977857],[33.3800944,14.9977372],[33.3802446,14.9977775],[33.3802307,14.997826],[33.3800805,14.9977857]]]}},{"type":"Feature","properties":{"id":"way/1101366873","name":null,"name_en":null,"name_ar":null,"amenity":null,"building":"school","operator_type":null,"capacity_persons":null,"addr_full":null,"addr_city":null,"source":null,"adm0_pcode":"SDN","adm0_name":"Sudan","adm1_pcode":"SD15","adm1_name":"Aj Jazirah","adm2_pcode":"SD15033","adm2_name":"Sharg Al Jazirah","adm3_pcode":null,"adm3_name":null,"adm4_pcode":null,"adm4_name":null,"name_latin":null},"geometry":{"type":"Polygon","coordinates":[[[33.3795386,14.9977533],[33.3795544,14.9976901],[33.3800847,14.9978135],[33.3800689,14.9978767],[33.3795386,14.9977533]]]}},{"type":"Feature","properties":{"id":"way/1101345760","name":null,"name_en":null,"name_ar":null,"amenity":"school","building":null,"operator_type":null,"capacity_persons":null,"addr_full":null,"addr_city":null,"source":null,"adm0_pcode":"SDN","adm0_name":"Sudan","adm1_pcode":"SD15","adm1_name":"Aj Jazirah","adm2_pcode":"SD15033","adm2_name":"Sharg Al Jazirah","adm3_pcode":null,"adm3_name":null,"adm4_pcode":null,"adm4_name":null,"name_latin":null},"geometry":{"type":"Polygon","coordinates":[[[33.4449264,15.0196964],[33.4450799,15.0196826],[33.4450743,15.0196236],[33.4449208,15.0196373],[33.4449264,15.0196964]]]}},{"type":"Feature","properties":{"id":"way/1101345759","name":null,"name_en":null,"name_ar":null,"amenity":"school","building":null,"operator_type":null,"capacity_persons":null,"addr_full":null,"addr_city":null,"source":null,"adm0_pcode":"SDN","adm0_name":"Sudan","adm1_pcode":"SD15","adm1_name":"Aj Jazirah","adm2_pcode":"SD15033","adm2_name":"Sharg Al Jazirah","adm3_pcode":null,"adm3_name":null,"adm4_pcode":null,"adm4_name":null,"name_latin":null},"geometry":{"type":"Polygon","coordinates":[[[33.4447095,15.0198458],[33.4448632,15.0198248],[33.4448541,15.0197629],[33.4447004,15.019784],[33.4447095,15.0198458]]]}},{"type":"Feature","properties":{"id":"way/1101345761","name":null,"name_en":null,"name_ar":null,"amenity":"school","building":null,"operator_type":null,"capacity_persons":null,"addr_full":null,"addr_city":null,"source":null,"adm0_pcode":"SDN","adm0_name":"Sudan","adm1_pcode":"SD15","adm1_name":"Aj Jazirah","adm2_pcode":"SD15033","adm2_name":"Sharg Al Jazirah","adm3_pcode":null,"adm3_name":null,"adm4_pcode":null,"adm4_name":null,"name_latin":null},"geometry":{"type":"Polygon","coordinates":[[[33.4447028,15.0200885],[33.4452208,15.0199903],[33.4452337,15.0200538],[33.4451299,15.0200735],[33.4451363,15.0201047],[33.4448332,15.0201622],[33.4448261,15.0201272],[33.444715,15.0201482],[33.4447028,15.0200885]]]}},{"type":"Feature","properties":{"id":"way/1101367929","name":null,"name_en":null,"name_ar":null,"amenity":"school","building":null,"operator_type":null,"capacity_persons":null,"addr_full":null,"addr_city":null,"source":null,"adm0_pcode":"SDN","adm0_name":"Sudan","adm1_pcode":"SD15","adm1_name":"Aj Jazirah","adm2_pcode":"SD15033","adm2_name":"Sharg Al Jazirah","adm3_pcode":null,"adm3_name":null,"adm4_pcode":null,"adm4_name":null,"name_latin":null},"geometry":{"type":"Polygon","coordinates":[[[33.2691143,15.0236074],[33.2691326,15.0235679],[33.2695407,15.0237444],[33.2695224,15.0237839],[33.2691143,15.0236074]]]}},{"type":"Feature","properties":{"id":"way/1101367928","name":null,"name_en":null,"name_ar":null,"amenity":"school","building":null,"operator_type":null,"capacity_persons":null,"addr_full":null,"addr_city":null,"source":null,"adm0_pcode":"SDN","adm0_name":"Sudan","adm1_pcode":"SD15","adm1_name":"Aj Jazirah","adm2_pcode":"SD15033","adm2_name":"Sharg Al Jazirah","adm3_pcode":null,"adm3_name":null,"adm4_pcode":null,"adm4_name":null,"name_latin":null},"geometry":{"type":"Polygon","coordinates":[[[33.2693804,15.0241332],[33.2695415,15.0237981],[33.2695674,15.0237395],[33.2695523,15.0237339],[33.2691336,15.0235424],[33.2691223,15.0235656],[33.2690761,15.0235451],[33.2688717,15.0239322],[33.2693804,15.0241332]]]}},{"type":"Feature","properties":{"id":"way/1101367926","name":null,"name_en":null,"name_ar":null,"amenity":"school","building":null,"operator_type":null,"capacity_persons":null,"addr_full":null,"addr_city":null,"source":null,"adm0_pcode":"SDN","adm0_name":"Sudan","adm1_pcode":"SD15","adm1_name":"Aj Jazirah","adm2_pcode":"SD15033","adm2_name":"Sharg Al Jazirah","adm3_pcode":null,"adm3_name":null,"adm4_pcode":null,"adm4_name":null,"name_latin":null},"geometry":{"type":"Polygon","coordinates":[[[33.2689649,15.0239054],[33.2689838,15.023862],[33.2691606,15.0239339],[33.2691417,15.0239773],[33.2689649,15.0239054]]]}},{"type":"Feature","properties":{"id":"way/1101367927","name":null,"name_en":null,"name_ar":null,"amenity":"school","building":null,"operator_type":null,"capacity_persons":null,"addr_full":null,"addr_city":null,"source":null,"adm0_pcode":"SDN","adm0_name":"Sudan","adm1_pcode":"SD15","adm1_name":"Aj Jazirah","adm2_pcode":"SD15033","adm2_name":"Sharg Al Jazirah","adm3_pcode":null,"adm3_name":null,"adm4_pcode":null,"adm4_name":null,"name_latin":null},"geometry":{"type":"Polygon","coordinates":[[[33.269217,15.0239988],[33.2692354,15.023962],[33.2693864,15.0240322],[33.269368,15.024069],[33.269217,15.0239988]]]}},{"type":"Feature","properties":{"id":"way/1102218818","name":null,"name_en":null,"name_ar":null,"amenity":null,"building":"school","operator_type":null,"capacity_persons":null,"addr_full":null,"addr_city":null,"source":null,"adm0_pcode":"SDN","adm0_name":"Sudan","adm1_pcode":"SD15","adm1_name":"Aj Jazirah","adm2_pcode":"SD15033","adm2_name":"Sharg Al Jazirah","adm3_pcode":null,"adm3_name":null,"adm4_pcode":null,"adm4_name":null,"name_latin":null},"geometry":{"type":"Polygon","coordinates":[[[33.5031295,15.0688224],[33.5032356,15.0688685],[33.5032551,15.0688258],[33.5031631,15.0687592],[33.5031295,15.0688224]]]}},{"type":"Feature","properties":{"id":"way/1102218819","name":null,"name_en":null,"name_ar":null,"amenity":null,"building":"school","operator_type":null,"capacity_persons":null,"addr_full":null,"addr_city":null,"source":null,"adm0_pcode":"SDN","adm0_name":"Sudan","adm1_pcode":"SD15","adm1_name":"Aj Jazirah","adm2_pcode":"SD15033","adm2_name":"Sharg Al Jazirah","adm3_pcode":null,"adm3_name":null,"adm4_pcode":null,"adm4_name":null,"name_latin":null},"geometry":{"type":"Polygon","coordinates":[[[33.5032973,15.0687969],[33.503613,15.0688966],[33.5036348,15.0688321],[33.5033191,15.0687324],[33.5032973,15.0687969]]]}},{"type":"Feature","properties":{"id":"way/1102218817","name":null,"name_en":null,"name_ar":null,"amenity":null,"building":"school","operator_type":null,"capacity_persons":null,"addr_full":null,"addr_city":null,"source":null,"adm0_pcode":"SDN","adm0_name":"Sudan","adm1_pcode":"SD15","adm1_name":"Aj Jazirah","adm2_pcode":"SD15033","adm2_name":"Sharg Al Jazirah","adm3_pcode":null,"adm3_name":null,"adm4_pcode":null,"adm4_name":null,"name_latin":null},"geometry":{"type":"Polygon","coordinates":[[[33.5031153,15.0690855],[33.5034427,15.0691727],[33.5034551,15.0691129],[33.5031242,15.069036],[33.5031153,15.0690855]]]}},{"type":"Feature","properties":{"id":"way/1102218820","name":null,"name_en":null,"name_ar":null,"amenity":null,"building":"school","operator_type":null,"capacity_persons":null,"addr_full":null,"addr_city":null,"source":null,"adm0_pcode":"SDN","adm0_name":"Sudan","adm1_pcode":"SD15","adm1_name":"Aj Jazirah","adm2_pcode":"SD15033","adm2_name":"Sharg Al Jazirah","adm3_pcode":null,"adm3_name":null,"adm4_pcode":null,"adm4_name":null,"name_latin":null},"geometry":{"type":"Polygon","coordinates":[[[33.5035484,15.0692012],[33.5035588,15.0691694],[33.5036143,15.0691863],[33.5035896,15.0692137],[33.5035484,15.0692012]]]}},{"type":"Feature","properties":{"id":"way/1101199663","name":null,"name_en":null,"name_ar":null,"amenity":null,"building":"school","operator_type":null,"capacity_persons":null,"addr_full":null,"addr_city":null,"source":null,"adm0_pcode":"SDN","adm0_name":"Sudan","adm1_pcode":"SD15","adm1_name":"Aj Jazirah","adm2_pcode":"SD15033","adm2_name":"Sharg Al Jazirah","adm3_pcode":null,"adm3_name":null,"adm4_pcode":null,"adm4_name":null,"name_latin":null},"geometry":{"type":"Polygon","coordinates":[[[33.526065,15.0729284],[33.5260757,15.0728857],[33.5262616,15.0729135],[33.5262522,15.0729588],[33.526065,15.0729284]]]}},{"type":"Feature","properties":{"id":"way/1101199664","name":null,"name_en":null,"name_ar":null,"amenity":null,"building":"school","operator_type":null,"capacity_persons":null,"addr_full":null,"addr_city":null,"source":null,"adm0_pcode":"SDN","adm0_name":"Sudan","adm1_pcode":"SD15","adm1_name":"Aj Jazirah","adm2_pcode":"SD15033","adm2_name":"Sharg Al Jazirah","adm3_pcode":null,"adm3_name":null,"adm4_pcode":null,"adm4_name":null,"name_latin":null},"geometry":{"type":"Polygon","coordinates":[[[33.5263241,15.0729746],[33.5263309,15.072925],[33.5264634,15.0729419],[33.5264566,15.0729916],[33.5263241,15.0729746]]]}},{"type":"Feature","properties":{"id":"way/1101199662","name":null,"name_en":null,"name_ar":null,"amenity":null,"building":"school","operator_type":null,"capacity_persons":null,"addr_full":null,"addr_city":null,"source":null,"adm0_pcode":"SDN","adm0_name":"Sudan","adm1_pcode":"SD15","adm1_name":"Aj Jazirah","adm2_pcode":"SD15033","adm2_name":"Sharg Al Jazirah","adm3_pcode":null,"adm3_name":null,"adm4_pcode":null,"adm4_name":null,"name_latin":null},"geometry":{"type":"Polygon","coordinates":[[[33.5259081,15.0735674],[33.5259205,15.0735195],[33.5262726,15.0735964],[33.5262585,15.073646],[33.5259081,15.0735674]]]}},{"type":"Feature","properties":{"id":"way/1101405838","name":null,"name_en":null,"name_ar":null,"amenity":null,"building":"school","operator_type":null,"capacity_persons":null,"addr_full":null,"addr_city":null,"source":null,"adm0_pcode":"SDN","adm0_name":"Sudan","adm1_pcode":"SD15","adm1_name":"Aj Jazirah","adm2_pcode":"SD15033","adm2_name":"Sharg Al Jazirah","adm3_pcode":null,"adm3_name":null,"adm4_pcode":null,"adm4_name":null,"name_latin":null},"geometry":{"type":"Polygon","coordinates":[[[33.4835101,15.0815764],[33.4837227,15.0816136],[33.4837335,15.0815645],[33.4835256,15.0815318],[33.4835101,15.0815764]]]}},{"type":"Feature","properties":{"id":"way/1101405839","name":null,"name_en":null,"name_ar":null,"amenity":null,"building":"school","operator_type":null,"capacity_persons":null,"addr_full":null,"addr_city":null,"source":null,"adm0_pcode":"SDN","adm0_name":"Sudan","adm1_pcode":"SD15","adm1_name":"Aj Jazirah","adm2_pcode":"SD15033","adm2_name":"Sharg Al Jazirah","adm3_pcode":null,"adm3_name":null,"adm4_pcode":null,"adm4_name":null,"name_latin":null},"geometry":{"type":"Polygon","coordinates":[[[33.4838183,15.081627],[33.4840663,15.0816746],[33.4840786,15.0816285],[33.4838321,15.0815824],[33.4838183,15.081627]]]}},{"type":"Feature","properties":{"id":"way/1101405840","name":null,"name_en":null,"name_ar":null,"amenity":"school","building":null,"operator_type":null,"capacity_persons":null,"addr_full":null,"addr_city":null,"source":null,"adm0_pcode":"SDN","adm0_name":"Sudan","adm1_pcode":"SD15","adm1_name":"Aj Jazirah","adm2_pcode":"SD15033","adm2_name":"Sharg Al Jazirah","adm3_pcode":null,"adm3_name":null,"adm4_pcode":null,"adm4_name":null,"name_latin":null},"geometry":{"type":"Polygon","coordinates":[[[33.4833575,15.0820516],[33.4834621,15.0813783],[33.4843311,15.0814767],[33.4842989,15.0820827],[33.4835667,15.0821423],[33.4833441,15.0821164],[33.4833575,15.0820516]]]}},{"type":"Feature","properties":{"id":"way/1101405837","name":null,"name_en":null,"name_ar":null,"amenity":null,"building":"school","operator_type":null,"capacity_persons":null,"addr_full":null,"addr_city":null,"source":null,"adm0_pcode":"SDN","adm0_name":"Sudan","adm1_pcode":"SD15","adm1_name":"Aj Jazirah","adm2_pcode":"SD15033","adm2_name":"Sharg Al Jazirah","adm3_pcode":null,"adm3_name":null,"adm4_pcode":null,"adm4_name":null,"name_latin":null},"geometry":{"type":"Polygon","coordinates":[[[33.4835903,15.0820048],[33.483846,15.0820405],[33.4838552,15.081978],[33.483598,15.0819617],[33.4835903,15.0820048]]]}},{"type":"Feature","properties":{"id":"way/793642474","name":"مدرسة بنت  وهب بنات","name_en":null,"name_ar":null,"amenity":"school","building":null,"operator_type":null,"capacity_persons":null,"addr_full":null,"addr_city":null,"source":null,"adm0_pcode":"SDN","adm0_name":"Sudan","adm1_pcode":"SD15","adm1_name":"Aj Jazirah","adm2_pcode":"SD15033","adm2_name":"Sharg Al Jazirah","adm3_pcode":null,"adm3_name":null,"adm4_pcode":null,"adm4_name":null,"name_latin":"mdrs@ bnt  whb bnt"},"geometry":{"type":"Polygon","coordinates":[[[33.2271732,15.0953565],[33.2270632,15.0953669],[33.2264651,15.0952193],[33.2265637,15.0948385],[33.2271464,15.0948723],[33.2272376,15.0950043],[33.2271732,15.0953565]]]}},{"type":"Feature","properties":{"id":"way/793642320","name":"مدرسة المحس االثانوية","name_en":null,"name_ar":null,"amenity":"school","building":null,"operator_type":null,"capacity_persons":null,"addr_full":null,"addr_city":null,"source":null,"adm0_pcode":"SDN","adm0_name":"Sudan","adm1_pcode":"SD15","adm1_name":"Aj Jazirah","adm2_pcode":"SD15033","adm2_name":"Sharg Al Jazirah","adm3_pcode":null,"adm3_name":null,"adm4_pcode":null,"adm4_name":null,"name_latin":"mdrs@ lmHs lthnwy@"},"geometry":{"type":"Polygon","coordinates":[[[33.2272027,15.0953617],[33.2272671,15.094994],[33.2271464,15.0948723],[33.2272617,15.0948282],[33.2273771,15.0948515],[33.2281576,15.0950328],[33.2279645,15.0955585],[33.2275058,15.0954368],[33.2272027,15.0953617]]]}},{"type":"Feature","properties":{"id":"way/793623292","name":"مدرسةدوالنورين","name_en":null,"name_ar":null,"amenity":"school","building":null,"operator_type":null,"capacity_persons":null,"addr_full":null,"addr_city":null,"source":null,"adm0_pcode":"SDN","adm0_name":"Sudan","adm1_pcode":"SD15","adm1_name":"Aj Jazirah","adm2_pcode":"SD15033","adm2_name":"Sharg Al Jazirah","adm3_pcode":null,"adm3_name":null,"adm4_pcode":null,"adm4_name":null,"name_latin":"mdrs@dwlnwryn"},"geometry":{"type":"Polygon","coordinates":[[[33.2243733,15.0964694],[33.2251019,15.0969935],[33.2250637,15.0970489],[33.2250596,15.0970795],[33.2249443,15.0971845],[33.2248584,15.0972844],[33.2247699,15.0974309],[33.2247231,15.0974277],[33.2244195,15.0972451],[33.224233,15.0970986],[33.2240559,15.0969203],[33.2240266,15.0969076],[33.2243733,15.0964694]]]}},{"type":"Feature","properties":{"id":"way/793635360","name":"مدرسة عبدالله بن مسعودl","name_en":null,"name_ar":null,"amenity":null,"building":"school","operator_type":null,"capacity_persons":null,"addr_full":null,"addr_city":"الجزيره","source":null,"adm0_pcode":"SDN","adm0_name":"Sudan","adm1_pcode":"SD15","adm1_name":"Aj Jazirah","adm2_pcode":"SD15033","adm2_name":"Sharg Al Jazirah","adm3_pcode":null,"adm3_name":null,"adm4_pcode":null,"adm4_name":null,"name_latin":"mdrs@ `bdllh bn ms`wdl"},"geometry":{"type":"Polygon","coordinates":[[[33.2240364,15.0998371],[33.2230842,15.0993891],[33.2233283,15.0989955],[33.224259,15.0994409],[33.2240766,15.099863],[33.2240364,15.0998371]]]}},{"type":"Feature","properties":{"id":"way/1101411128","name":null,"name_en":null,"name_ar":null,"amenity":null,"building":"school","operator_type":null,"capacity_persons":null,"addr_full":null,"addr_city":null,"source":null,"adm0_pcode":"SDN","adm0_name":"Sudan","adm1_pcode":"SD15","adm1_name":"Aj Jazirah","adm2_pcode":"SD15033","adm2_name":"Sharg Al Jazirah","adm3_pcode":null,"adm3_name":null,"adm4_pcode":null,"adm4_name":null,"name_latin":null},"geometry":{"type":"Polygon","coordinates":[[[33.415768,15.1028663],[33.4161995,15.1028522],[33.4161976,15.102799],[33.4160496,15.1028039],[33.4157662,15.1028132],[33.415768,15.1028663]]]}},{"type":"Feature","properties":{"id":"way/1101501891","name":null,"name_en":null,"name_ar":null,"amenity":null,"building":"school","operator_type":null,"capacity_persons":null,"addr_full":null,"addr_city":null,"source":null,"adm0_pcode":"SDN","adm0_name":"Sudan","adm1_pcode":"SD15","adm1_name":"Aj Jazirah","adm2_pcode":"SD15033","adm2_name":"Sharg Al Jazirah","adm3_pcode":null,"adm3_name":null,"adm4_pcode":null,"adm4_name":null,"name_latin":null},"geometry":{"type":"Polygon","coordinates":[[[33.5093575,15.1286011],[33.5095221,15.1286251],[33.5095309,15.1285738],[33.5093611,15.1285482],[33.5093575,15.1286011]]]}},{"type":"Feature","properties":{"id":"way/1101192113","name":null,"name_en":null,"name_ar":null,"amenity":"school","building":null,"operator_type":null,"capacity_persons":null,"addr_full":null,"addr_city":null,"source":null,"adm0_pcode":"SDN","adm0_name":"Sudan","adm1_pcode":"SD15","adm1_name":"Aj Jazirah","adm2_pcode":"SD15033","adm2_name":"Sharg Al Jazirah","adm3_pcode":null,"adm3_name":null,"adm4_pcode":null,"adm4_name":null,"name_latin":null},"geometry":{"type":"Polygon","coordinates":[[[33.536923,15.1304254],[33.5370786,15.130459],[33.5370946,15.1304176],[33.5369257,15.1303813],[33.536923,15.1304254]]]}},{"type":"Feature","properties":{"id":"way/1101192112","name":null,"name_en":null,"name_ar":null,"amenity":"school","building":null,"operator_type":null,"capacity_persons":null,"addr_full":null,"addr_city":null,"source":null,"adm0_pcode":"SDN","adm0_name":"Sudan","adm1_pcode":"SD15","adm1_name":"Aj Jazirah","adm2_pcode":"SD15033","adm2_name":"Sharg Al Jazirah","adm3_pcode":null,"adm3_name":null,"adm4_pcode":null,"adm4_name":null,"name_latin":null},"geometry":{"type":"Polygon","coordinates":[[[33.5370432,15.1307444],[33.5373226,15.1307801],[33.537336,15.1307257],[33.5370393,15.1306886],[33.5370432,15.1307444]]]}},{"type":"Feature","properties":{"id":"way/1101192111","name":null,"name_en":null,"name_ar":null,"amenity":"school","building":null,"operator_type":null,"capacity_persons":null,"addr_full":null,"addr_city":null,"source":null,"adm0_pcode":"SDN","adm0_name":"Sudan","adm1_pcode":"SD15","adm1_name":"Aj Jazirah","adm2_pcode":"SD15033","adm2_name":"Sharg Al Jazirah","adm3_pcode":null,"adm3_name":null,"adm4_pcode":null,"adm4_name":null,"name_latin":null},"geometry":{"type":"Polygon","coordinates":[[[33.5368641,15.130945],[33.537135,15.130989],[33.5371591,15.1309373],[33.5368641,15.1308907],[33.5368641,15.130945]]]}},{"type":"Feature","properties":{"id":"way/1101436356","name":null,"name_en":null,"name_ar":null,"amenity":null,"building":"school","operator_type":null,"capacity_persons":null,"addr_full":null,"addr_city":null,"source":null,"adm0_pcode":"SDN","adm0_name":"Sudan","adm1_pcode":"SD15","adm1_name":"Aj Jazirah","adm2_pcode":"SD15033","adm2_name":"Sharg Al Jazirah","adm3_pcode":null,"adm3_name":null,"adm4_pcode":null,"adm4_name":null,"name_latin":null},"geometry":{"type":"Polygon","coordinates":[[[33.2759853,15.1874854],[33.2763651,15.1875251],[33.2763706,15.1874761],[33.2759908,15.1874364],[33.2759853,15.1874854]]]}},{"type":"Feature","properties":{"id":"way/1101436355","name":null,"name_en":null,"name_ar":null,"amenity":null,"building":"school","operator_type":null,"capacity_persons":null,"addr_full":null,"addr_city":null,"source":null,"adm0_pcode":"SDN","adm0_name":"Sudan","adm1_pcode":"SD15","adm1_name":"Aj Jazirah","adm2_pcode":"SD15033","adm2_name":"Sharg Al Jazirah","adm3_pcode":null,"adm3_name":null,"adm4_pcode":null,"adm4_name":null,"name_latin":null},"geometry":{"type":"Polygon","coordinates":[[[33.2758887,15.1875419],[33.2759716,15.1875588],[33.2759798,15.1875081],[33.2758957,15.1874957],[33.2758887,15.1875419]]]}},{"type":"Feature","properties":{"id":"way/1101436357","name":null,"name_en":null,"name_ar":null,"amenity":"school","building":null,"operator_type":null,"capacity_persons":null,"addr_full":null,"addr_city":null,"source":null,"adm0_pcode":"SDN","adm0_name":"Sudan","adm1_pcode":"SD15","adm1_name":"Aj Jazirah","adm2_pcode":"SD15033","adm2_name":"Sharg Al Jazirah","adm3_pcode":null,"adm3_name":null,"adm4_pcode":null,"adm4_name":null,"name_latin":null},"geometry":{"type":"Polygon","coordinates":[[[33.2758224,15.1878002],[33.2763533,15.187889],[33.2764152,15.1874638],[33.2758932,15.1873989],[33.2758224,15.1878002]]]}},{"type":"Feature","properties":{"id":"way/1101436353","name":null,"name_en":null,"name_ar":null,"amenity":null,"building":"school","operator_type":null,"capacity_persons":null,"addr_full":null,"addr_city":null,"source":null,"adm0_pcode":"SDN","adm0_name":"Sudan","adm1_pcode":"SD15","adm1_name":"Aj Jazirah","adm2_pcode":"SD15033","adm2_name":"Sharg Al Jazirah","adm3_pcode":null,"adm3_name":null,"adm4_pcode":null,"adm4_name":null,"name_latin":null},"geometry":{"type":"Polygon","coordinates":[[[33.2758461,15.1877802],[33.2760491,15.1878104],[33.276057,15.1877605],[33.275854,15.1877303],[33.2758461,15.1877802]]]}},{"type":"Feature","properties":{"id":"way/1101436354","name":null,"name_en":null,"name_ar":null,"amenity":null,"building":"school","operator_type":null,"capacity_persons":null,"addr_full":null,"addr_city":null,"source":null,"adm0_pcode":"SDN","adm0_name":"Sudan","adm1_pcode":"SD15","adm1_name":"Aj Jazirah","adm2_pcode":"SD15033","adm2_name":"Sharg Al Jazirah","adm3_pcode":null,"adm3_name":null,"adm4_pcode":null,"adm4_name":null,"name_latin":null},"geometry":{"type":"Polygon","coordinates":[[[33.2761166,15.1878234],[33.2761895,15.1878376],[33.2761993,15.1877909],[33.2761264,15.1877767],[33.2761166,15.1878234]]]}},{"type":"Feature","properties":{"id":"way/1101368782","name":null,"name_en":null,"name_ar":null,"amenity":"school","building":null,"operator_type":null,"capacity_persons":null,"addr_full":null,"addr_city":null,"source":null,"adm0_pcode":"SDN","adm0_name":"Sudan","adm1_pcode":"SD15","adm1_name":"Aj Jazirah","adm2_pcode":"SD15033","adm2_name":"Sharg Al Jazirah","adm3_pcode":null,"adm3_name":null,"adm4_pcode":null,"adm4_name":null,"name_latin":null},"geometry":{"type":"Polygon","coordinates":[[[33.3650013,15.1896718],[33.365148,15.1896991],[33.3651558,15.18966],[33.3650091,15.1896327],[33.3650013,15.1896718]]]}},{"type":"Feature","properties":{"id":"way/1101368783","name":null,"name_en":null,"name_ar":null,"amenity":"school","building":null,"operator_type":null,"capacity_persons":null,"addr_full":null,"addr_city":null,"source":null,"adm0_pcode":"SDN","adm0_name":"Sudan","adm1_pcode":"SD15","adm1_name":"Aj Jazirah","adm2_pcode":"SD15033","adm2_name":"Sharg Al Jazirah","adm3_pcode":null,"adm3_name":null,"adm4_pcode":null,"adm4_name":null,"name_latin":null},"geometry":{"type":"Polygon","coordinates":[[[33.3655397,15.1897706],[33.3657275,15.1898036],[33.3657375,15.1897507],[33.3655497,15.1897176],[33.3655397,15.1897706]]]}},{"type":"Feature","properties":{"id":"way/1101368784","name":null,"name_en":null,"name_ar":null,"amenity":"school","building":null,"operator_type":null,"capacity_persons":null,"addr_full":null,"addr_city":null,"source":null,"adm0_pcode":"SDN","adm0_name":"Sudan","adm1_pcode":"SD15","adm1_name":"Aj Jazirah","adm2_pcode":"SD15033","adm2_name":"Sharg Al Jazirah","adm3_pcode":null,"adm3_name":null,"adm4_pcode":null,"adm4_name":null,"name_latin":null},"geometry":{"type":"Polygon","coordinates":[[[33.3652947,15.1899524],[33.3655026,15.189979],[33.3655087,15.189935],[33.3653007,15.1899085],[33.3652947,15.1899524]]]}},{"type":"Feature","properties":{"id":"way/1101441116","name":null,"name_en":null,"name_ar":null,"amenity":"school","building":null,"operator_type":null,"capacity_persons":null,"addr_full":null,"addr_city":null,"source":null,"adm0_pcode":"SDN","adm0_name":"Sudan","adm1_pcode":"SD15","adm1_name":"Aj Jazirah","adm2_pcode":"SD15033","adm2_name":"Sharg Al Jazirah","adm3_pcode":null,"adm3_name":null,"adm4_pcode":null,"adm4_name":null,"name_latin":null},"geometry":{"type":"Polygon","coordinates":[[[33.497246,15.1945314],[33.4972562,15.1944744],[33.4975251,15.194519],[33.497515,15.1945759],[33.497246,15.1945314]]]}},{"type":"Feature","properties":{"id":"way/1101441113","name":null,"name_en":null,"name_ar":null,"amenity":"school","building":null,"operator_type":null,"capacity_persons":null,"addr_full":null,"addr_city":null,"source":null,"adm0_pcode":"SDN","adm0_name":"Sudan","adm1_pcode":"SD15","adm1_name":"Aj Jazirah","adm2_pcode":"SD15033","adm2_name":"Sharg Al Jazirah","adm3_pcode":null,"adm3_name":null,"adm4_pcode":null,"adm4_name":null,"name_latin":null},"geometry":{"type":"Polygon","coordinates":[[[33.4975524,15.1946018],[33.497564,15.1945508],[33.4978864,15.1946192],[33.4978748,15.1946701],[33.4975524,15.1946018]]]}},{"type":"Feature","properties":{"id":"way/1101441117","name":null,"name_en":null,"name_ar":null,"amenity":"school","building":null,"operator_type":null,"capacity_persons":null,"addr_full":null,"addr_city":null,"source":null,"adm0_pcode":"SDN","adm0_name":"Sudan","adm1_pcode":"SD15","adm1_name":"Aj Jazirah","adm2_pcode":"SD15033","adm2_name":"Sharg Al Jazirah","adm3_pcode":null,"adm3_name":null,"adm4_pcode":null,"adm4_name":null,"name_latin":null},"geometry":{"type":"Polygon","coordinates":[[[33.4970781,15.194638],[33.4970795,15.1945891],[33.4971307,15.1945904],[33.4971293,15.1946393],[33.4970781,15.194638]]]}},{"type":"Feature","properties":{"id":"way/1101441115","name":null,"name_en":null,"name_ar":null,"amenity":"school","building":null,"operator_type":null,"capacity_persons":null,"addr_full":null,"addr_city":null,"source":null,"adm0_pcode":"SDN","adm0_name":"Sudan","adm1_pcode":"SD15","adm1_name":"Aj Jazirah","adm2_pcode":"SD15033","adm2_name":"Sharg Al Jazirah","adm3_pcode":null,"adm3_name":null,"adm4_pcode":null,"adm4_name":null,"name_latin":null},"geometry":{"type":"Polygon","coordinates":[[[33.4970876,15.1947665],[33.4970975,15.1947246],[33.4971783,15.1947423],[33.4971684,15.1947842],[33.4970876,15.1947665]]]}},{"type":"Feature","properties":{"id":"way/1101441114","name":null,"name_en":null,"name_ar":null,"amenity":"school","building":null,"operator_type":null,"capacity_persons":null,"addr_full":null,"addr_city":null,"source":null,"adm0_pcode":"SDN","adm0_name":"Sudan","adm1_pcode":"SD15","adm1_name":"Aj Jazirah","adm2_pcode":"SD15033","adm2_name":"Sharg Al Jazirah","adm3_pcode":null,"adm3_name":null,"adm4_pcode":null,"adm4_name":null,"name_latin":null},"geometry":{"type":"Polygon","coordinates":[[[33.4971453,15.1948632],[33.4971684,15.1947842],[33.4973989,15.1948317],[33.497379,15.1949151],[33.4971453,15.1948632]]]}},{"type":"Feature","properties":{"id":"way/1101441112","name":null,"name_en":null,"name_ar":null,"amenity":"school","building":null,"operator_type":null,"capacity_persons":null,"addr_full":null,"addr_city":null,"source":null,"adm0_pcode":"SDN","adm0_name":"Sudan","adm1_pcode":"SD15","adm1_name":"Aj Jazirah","adm2_pcode":"SD15033","adm2_name":"Sharg Al Jazirah","adm3_pcode":null,"adm3_name":null,"adm4_pcode":null,"adm4_name":null,"name_latin":null},"geometry":{"type":"Polygon","coordinates":[[[33.4974675,15.194948],[33.4974809,15.1948875],[33.4977859,15.1949504],[33.4977725,15.1950109],[33.4974675,15.194948]]]}},{"type":"Feature","properties":{"id":"way/1103055761","name":null,"name_en":null,"name_ar":null,"amenity":"school","building":null,"operator_type":null,"capacity_persons":null,"addr_full":null,"addr_city":null,"source":null,"adm0_pcode":"SDN","adm0_name":"Sudan","adm1_pcode":"SD15","adm1_name":"Aj Jazirah","adm2_pcode":"SD15035","adm2_name":"Al Kamlin","adm3_pcode":null,"adm3_name":null,"adm4_pcode":null,"adm4_name":null,"name_latin":null},"geometry":{"type":"Polygon","coordinates":[[[33.0517295,14.9210748],[33.0524071,14.9209205],[33.0524774,14.9211908],[33.0524937,14.9212213],[33.0525216,14.9212596],[33.0525514,14.9213059],[33.0525731,14.9213494],[33.0525938,14.9214044],[33.0526001,14.9214602],[33.0525956,14.9215055],[33.0525902,14.9215578],[33.0525848,14.9215935],[33.0518468,14.9217653],[33.0518243,14.9216894],[33.0518161,14.9216284],[33.0518161,14.9215683],[33.0518125,14.9215151],[33.0518089,14.9214479],[33.051799,14.9213765],[33.0517295,14.9210748]]]}},{"type":"Feature","properties":{"id":"way/1103055759","name":null,"name_en":null,"name_ar":null,"amenity":"school","building":null,"operator_type":null,"capacity_persons":null,"addr_full":null,"addr_city":null,"source":null,"adm0_pcode":"SDN","adm0_name":"Sudan","adm1_pcode":"SD15","adm1_name":"Aj Jazirah","adm2_pcode":"SD15035","adm2_name":"Al Kamlin","adm3_pcode":null,"adm3_name":null,"adm4_pcode":null,"adm4_name":null,"name_latin":null},"geometry":{"type":"Polygon","coordinates":[[[33.0518849,14.9212584],[33.0518991,14.9212996],[33.0520969,14.9212363],[33.0520827,14.921195],[33.0518849,14.9212584]]]}},{"type":"Feature","properties":{"id":"way/1103055760","name":null,"name_en":null,"name_ar":null,"amenity":"school","building":null,"operator_type":null,"capacity_persons":null,"addr_full":null,"addr_city":null,"source":null,"adm0_pcode":"SDN","adm0_name":"Sudan","adm1_pcode":"SD15","adm1_name":"Aj Jazirah","adm2_pcode":"SD15035","adm2_name":"Al Kamlin","adm3_pcode":null,"adm3_name":null,"adm4_pcode":null,"adm4_name":null,"name_latin":null},"geometry":{"type":"Polygon","coordinates":[[[33.0521217,14.9211887],[33.0521343,14.921228],[33.052299,14.9211786],[33.0522864,14.9211393],[33.0521217,14.9211887]]]}},{"type":"Feature","properties":{"id":"way/1101198862","name":null,"name_en":null,"name_ar":null,"amenity":"school","building":"school","operator_type":null,"capacity_persons":null,"addr_full":null,"addr_city":null,"source":null,"adm0_pcode":"SDN","adm0_name":"Sudan","adm1_pcode":"SD15","adm1_name":"Aj Jazirah","adm2_pcode":"SD15035","adm2_name":"Al Kamlin","adm3_pcode":null,"adm3_name":null,"adm4_pcode":null,"adm4_name":null,"name_latin":null},"geometry":{"type":"Polygon","coordinates":[[[33.1400006,14.9199033],[33.1403936,14.9199117],[33.1403949,14.9198522],[33.140002,14.9198438],[33.1400006,14.9199033]]]}},{"type":"Feature","properties":{"id":"way/1101198861","name":null,"name_en":null,"name_ar":null,"amenity":"school","building":"school","operator_type":null,"capacity_persons":null,"addr_full":null,"addr_city":null,"source":null,"adm0_pcode":"SDN","adm0_name":"Sudan","adm1_pcode":"SD15","adm1_name":"Aj Jazirah","adm2_pcode":"SD15035","adm2_name":"Al Kamlin","adm3_pcode":null,"adm3_name":null,"adm4_pcode":null,"adm4_name":null,"name_latin":null},"geometry":{"type":"Polygon","coordinates":[[[33.1404372,14.919773],[33.14047,14.9197717],[33.1404682,14.919729],[33.1404354,14.9197303],[33.1404372,14.919773]]]}},{"type":"Feature","properties":{"id":"way/1101198859","name":null,"name_en":null,"name_ar":null,"amenity":"school","building":"school","operator_type":null,"capacity_persons":null,"addr_full":null,"addr_city":null,"source":null,"adm0_pcode":"SDN","adm0_name":"Sudan","adm1_pcode":"SD15","adm1_name":"Aj Jazirah","adm2_pcode":"SD15035","adm2_name":"Al Kamlin","adm3_pcode":null,"adm3_name":null,"adm4_pcode":null,"adm4_name":null,"name_latin":null},"geometry":{"type":"Polygon","coordinates":[[[33.140014,14.9197277],[33.1401039,14.9197192],[33.1400979,14.9196591],[33.140008,14.9196675],[33.140014,14.9197277]]]}},{"type":"Feature","properties":{"id":"way/1101198858","name":null,"name_en":null,"name_ar":null,"amenity":"school","building":"school","operator_type":null,"capacity_persons":null,"addr_full":null,"addr_city":null,"source":null,"adm0_pcode":"SDN","adm0_name":"Sudan","adm1_pcode":"SD15","adm1_name":"Aj Jazirah","adm2_pcode":"SD15035","adm2_name":"Al Kamlin","adm3_pcode":null,"adm3_name":null,"adm4_pcode":null,"adm4_name":null,"name_latin":null},"geometry":{"type":"Polygon","coordinates":[[[33.1402051,14.9196979],[33.1403802,14.9196745],[33.1403714,14.9196132],[33.1401964,14.9196365],[33.1402051,14.9196979]]]}},{"type":"Feature","properties":{"id":"way/1101198860","name":null,"name_en":null,"name_ar":null,"amenity":"school","building":"yes","operator_type":null,"capacity_persons":null,"addr_full":null,"addr_city":null,"source":null,"adm0_pcode":"SDN","adm0_name":"Sudan","adm1_pcode":"SD15","adm1_name":"Aj Jazirah","adm2_pcode":"SD15035","adm2_name":"Al Kamlin","adm3_pcode":null,"adm3_name":null,"adm4_pcode":null,"adm4_name":null,"name_latin":null},"geometry":{"type":"Polygon","coordinates":[[[33.1399527,14.9196068],[33.1400147,14.9196062],[33.1400142,14.919562],[33.1399522,14.9195627],[33.1399527,14.9196068]]]}},{"type":"Feature","properties":{"id":"way/1101365023","name":null,"name_en":null,"name_ar":null,"amenity":null,"building":"school","operator_type":null,"capacity_persons":null,"addr_full":null,"addr_city":null,"source":null,"adm0_pcode":"SDN","adm0_name":"Sudan","adm1_pcode":"SD15","adm1_name":"Aj Jazirah","adm2_pcode":"SD15034","adm2_name":"Al Hasahisa","adm3_pcode":null,"adm3_name":null,"adm4_pcode":null,"adm4_name":null,"name_latin":null},"geometry":{"type":"Polygon","coordinates":[[[33.135474,14.858009],[33.1355043,14.8579593],[33.1355764,14.8580006],[33.1355459,14.8580497],[33.135474,14.858009]]]}},{"type":"Feature","properties":{"id":"way/1101365025","name":null,"name_en":null,"name_ar":null,"amenity":null,"building":"school","operator_type":null,"capacity_persons":null,"addr_full":null,"addr_city":null,"source":null,"adm0_pcode":"SDN","adm0_name":"Sudan","adm1_pcode":"SD15","adm1_name":"Aj Jazirah","adm2_pcode":"SD15034","adm2_name":"Al Hasahisa","adm3_pcode":null,"adm3_name":null,"adm4_pcode":null,"adm4_name":null,"name_latin":null},"geometry":{"type":"Polygon","coordinates":[[[33.1351081,14.8578776],[33.135135,14.8578347],[33.1354633,14.8580265],[33.1354365,14.8580694],[33.1351081,14.8578776]]]}},{"type":"Feature","properties":{"id":"way/1101365026","name":null,"name_en":null,"name_ar":null,"amenity":null,"building":"school","operator_type":null,"capacity_persons":null,"addr_full":null,"addr_city":null,"source":null,"adm0_pcode":"SDN","adm0_name":"Sudan","adm1_pcode":"SD15","adm1_name":"Aj Jazirah","adm2_pcode":"SD15034","adm2_name":"Al Hasahisa","adm3_pcode":null,"adm3_name":null,"adm4_pcode":null,"adm4_name":null,"name_latin":null},"geometry":{"type":"Polygon","coordinates":[[[33.1351715,14.8578416],[33.135183,14.8578222],[33.1350394,14.8577426],[33.1350618,14.8577049],[33.1352114,14.8577878],[33.1352036,14.857801],[33.1352911,14.8578494],[33.1353204,14.8578],[33.1353774,14.8578316],[33.1353444,14.8578874],[33.135294,14.8578594],[33.1352716,14.8578971],[33.1351715,14.8578416]]]}},{"type":"Feature","properties":{"id":"way/1101365024","name":null,"name_en":null,"name_ar":null,"amenity":null,"building":"school","operator_type":null,"capacity_persons":null,"addr_full":null,"addr_city":null,"source":null,"adm0_pcode":"SDN","adm0_name":"Sudan","adm1_pcode":"SD15","adm1_name":"Aj Jazirah","adm2_pcode":"SD15034","adm2_name":"Al Hasahisa","adm3_pcode":null,"adm3_name":null,"adm4_pcode":null,"adm4_name":null,"name_latin":null},"geometry":{"type":"Polygon","coordinates":[[[33.1354009,14.8576412],[33.1354239,14.8575985],[33.1356876,14.8576926],[33.1356663,14.8577404],[33.1354009,14.8576412]]]}},{"type":"Feature","properties":{"id":"way/1101365027","name":null,"name_en":null,"name_ar":null,"amenity":"school","building":null,"operator_type":null,"capacity_persons":null,"addr_full":null,"addr_city":null,"source":null,"adm0_pcode":"SDN","adm0_name":"Sudan","adm1_pcode":"SD15","adm1_name":"Aj Jazirah","adm2_pcode":"SD15034","adm2_name":"Al Hasahisa","adm3_pcode":null,"adm3_name":null,"adm4_pcode":null,"adm4_name":null,"name_latin":null},"geometry":{"type":"Polygon","coordinates":[[[33.1348644,14.8578968],[33.1353433,14.8570119],[33.135683,14.8571539],[33.13554,14.8574668],[33.1359015,14.857617],[33.135562,14.8582759],[33.1348644,14.8578968]]]}},{"type":"Feature","properties":{"id":"node/13463911956","name":"كلية المحيريبا التقنية","name_en":null,"name_ar":null,"amenity":"college","building":null,"operator_type":"university","capacity_persons":null,"addr_full":null,"addr_city":null,"source":null,"adm0_pcode":"SDN","adm0_name":"Sudan","adm1_pcode":"SD15","adm1_name":"Aj Jazirah","adm2_pcode":"SD15034","adm2_name":"Al Hasahisa","adm3_pcode":null,"adm3_name":null,"adm4_pcode":null,"adm4_name":null,"name_latin":"kly@ lmHyryb ltqny@"},"geometry":{"type":"Point","coordinates":[33.0215395,14.8466079]}},{"type":"Feature","properties":{"id":"way/889094387","name":null,"name_en":null,"name_ar":null,"amenity":"school","building":null,"operator_type":null,"capacity_persons":null,"addr_full":null,"addr_city":null,"source":null,"adm0_pcode":"SDN","adm0_name":"Sudan","adm1_pcode":"SD15","adm1_name":"Aj Jazirah","adm2_pcode":"SD15034","adm2_name":"Al Hasahisa","adm3_pcode":null,"adm3_name":null,"adm4_pcode":null,"adm4_name":null,"name_latin":null},"geometry":{"type":"Polygon","coordinates":[[[33.1704846,14.8308354],[33.1701704,14.831329],[33.1695203,14.8309876],[33.1695203,14.830927],[33.1695586,14.8308237],[33.1698118,14.8304088],[33.1704846,14.8308354]]]}},{"type":"Feature","properties":{"id":"way/1101480702","name":null,"name_en":null,"name_ar":null,"amenity":"school","building":null,"operator_type":null,"capacity_persons":null,"addr_full":null,"addr_city":null,"source":null,"adm0_pcode":"SDN","adm0_name":"Sudan","adm1_pcode":"SD15","adm1_name":"Aj Jazirah","adm2_pcode":"SD15034","adm2_name":"Al Hasahisa","adm3_pcode":null,"adm3_name":null,"adm4_pcode":null,"adm4_name":null,"name_latin":null},"geometry":{"type":"Polygon","coordinates":[[[32.913138,14.8070285],[32.9132145,14.8070695],[32.9132467,14.8070133],[32.9131702,14.8069723],[32.913138,14.8070285]]]}},{"type":"Feature","properties":{"id":"way/1101480701","name":null,"name_en":null,"name_ar":null,"amenity":"school","building":null,"operator_type":null,"capacity_persons":null,"addr_full":null,"addr_city":null,"source":null,"adm0_pcode":"SDN","adm0_name":"Sudan","adm1_pcode":"SD15","adm1_name":"Aj Jazirah","adm2_pcode":"SD15034","adm2_name":"Al Hasahisa","adm3_pcode":null,"adm3_name":null,"adm4_pcode":null,"adm4_name":null,"name_latin":null},"geometry":{"type":"Polygon","coordinates":[[[32.9128226,14.8069399],[32.9131032,14.8070919],[32.913135,14.807037],[32.9128544,14.806885],[32.9128226,14.8069399]]]}},{"type":"Feature","properties":{"id":"way/1101480705","name":null,"name_en":null,"name_ar":null,"amenity":"school","building":null,"operator_type":null,"capacity_persons":null,"addr_full":null,"addr_city":null,"source":null,"adm0_pcode":"SDN","adm0_name":"Sudan","adm1_pcode":"SD15","adm1_name":"Aj Jazirah","adm2_pcode":"SD15034","adm2_name":"Al Hasahisa","adm3_pcode":null,"adm3_name":null,"adm4_pcode":null,"adm4_name":null,"name_latin":null},"geometry":{"type":"Polygon","coordinates":[[[32.9132256,14.8068668],[32.9133721,14.8069454],[32.9133954,14.8069049],[32.9132489,14.8068263],[32.9132256,14.8068668]]]}},{"type":"Feature","properties":{"id":"way/1101480707","name":null,"name_en":null,"name_ar":null,"amenity":"school","building":null,"operator_type":null,"capacity_persons":null,"addr_full":null,"addr_city":null,"source":null,"adm0_pcode":"SDN","adm0_name":"Sudan","adm1_pcode":"SD15","adm1_name":"Aj Jazirah","adm2_pcode":"SD15034","adm2_name":"Al Hasahisa","adm3_pcode":null,"adm3_name":null,"adm4_pcode":null,"adm4_name":null,"name_latin":null},"geometry":{"type":"Polygon","coordinates":[[[32.9125664,14.8069684],[32.9132251,14.8072513],[32.9134497,14.8068043],[32.9127662,14.8065097],[32.9125664,14.8069684]]]}},{"type":"Feature","properties":{"id":"way/1101480706","name":null,"name_en":null,"name_ar":null,"amenity":"school","building":null,"operator_type":null,"capacity_persons":null,"addr_full":null,"addr_city":null,"source":null,"adm0_pcode":"SDN","adm0_name":"Sudan","adm1_pcode":"SD15","adm1_name":"Aj Jazirah","adm2_pcode":"SD15034","adm2_name":"Al Hasahisa","adm3_pcode":null,"adm3_name":null,"adm4_pcode":null,"adm4_name":null,"name_latin":null},"geometry":{"type":"Polygon","coordinates":[[[32.9131813,14.8068483],[32.9132138,14.8068688],[32.9132472,14.8068193],[32.9132147,14.8067988],[32.9131813,14.8068483]]]}},{"type":"Feature","properties":{"id":"way/1101480703","name":null,"name_en":null,"name_ar":null,"amenity":"school","building":null,"operator_type":null,"capacity_persons":null,"addr_full":null,"addr_city":null,"source":null,"adm0_pcode":"SDN","adm0_name":"Sudan","adm1_pcode":"SD15","adm1_name":"Aj Jazirah","adm2_pcode":"SD15034","adm2_name":"Al Hasahisa","adm3_pcode":null,"adm3_name":null,"adm4_pcode":null,"adm4_name":null,"name_latin":null},"geometry":{"type":"Polygon","coordinates":[[[32.912664,14.8067659],[32.9128006,14.8068344],[32.9128265,14.8067861],[32.91269,14.8067176],[32.912664,14.8067659]]]}},{"type":"Feature","properties":{"id":"way/1101480704","name":null,"name_en":null,"name_ar":null,"amenity":"school","building":null,"operator_type":null,"capacity_persons":null,"addr_full":null,"addr_city":null,"source":null,"adm0_pcode":"SDN","adm0_name":"Sudan","adm1_pcode":"SD15","adm1_name":"Aj Jazirah","adm2_pcode":"SD15034","adm2_name":"Al Hasahisa","adm3_pcode":null,"adm3_name":null,"adm4_pcode":null,"adm4_name":null,"name_latin":null},"geometry":{"type":"Polygon","coordinates":[[[32.9127273,14.8066277],[32.9129428,14.8067369],[32.9129675,14.8066914],[32.912752,14.8065821],[32.9127273,14.8066277]]]}},{"type":"Feature","properties":{"id":"way/1101968018","name":null,"name_en":null,"name_ar":null,"amenity":null,"building":"school","operator_type":null,"capacity_persons":null,"addr_full":null,"addr_city":null,"source":null,"adm0_pcode":"SDN","adm0_name":"Sudan","adm1_pcode":"SD15","adm1_name":"Aj Jazirah","adm2_pcode":"SD15034","adm2_name":"Al Hasahisa","adm3_pcode":null,"adm3_name":null,"adm4_pcode":null,"adm4_name":null,"name_latin":null},"geometry":{"type":"Polygon","coordinates":[[[32.9714152,14.8063441],[32.9717372,14.8064861],[32.9717726,14.8064382],[32.9714506,14.8062877],[32.9714152,14.8063441]]]}},{"type":"Feature","properties":{"id":"way/1101968019","name":null,"name_en":null,"name_ar":null,"amenity":null,"building":"school","operator_type":null,"capacity_persons":null,"addr_full":null,"addr_city":null,"source":null,"adm0_pcode":"SDN","adm0_name":"Sudan","adm1_pcode":"SD15","adm1_name":"Aj Jazirah","adm2_pcode":"SD15034","adm2_name":"Al Hasahisa","adm3_pcode":null,"adm3_name":null,"adm4_pcode":null,"adm4_name":null,"name_latin":null},"geometry":{"type":"Polygon","coordinates":[[[32.9713748,14.8062401],[32.971451,14.8062696],[32.9714693,14.8062234],[32.9714002,14.8061841],[32.9713748,14.8062401]]]}},{"type":"Feature","properties":{"id":"way/1101968020","name":null,"name_en":null,"name_ar":null,"amenity":null,"building":"school","operator_type":null,"capacity_persons":null,"addr_full":null,"addr_city":null,"source":null,"adm0_pcode":"SDN","adm0_name":"Sudan","adm1_pcode":"SD15","adm1_name":"Aj Jazirah","adm2_pcode":"SD15034","adm2_name":"Al Hasahisa","adm3_pcode":null,"adm3_name":null,"adm4_pcode":null,"adm4_name":null,"name_latin":null},"geometry":{"type":"Polygon","coordinates":[[[32.9714835,14.8061114],[32.9718596,14.8062676],[32.9718799,14.8062254],[32.9714937,14.8060711],[32.9714835,14.8061114]]]}},{"type":"Feature","properties":{"id":"way/1102760469","name":null,"name_en":null,"name_ar":null,"amenity":"school","building":null,"operator_type":null,"capacity_persons":null,"addr_full":null,"addr_city":null,"source":null,"adm0_pcode":"SDN","adm0_name":"Sudan","adm1_pcode":"SD15","adm1_name":"Aj Jazirah","adm2_pcode":"SD15034","adm2_name":"Al Hasahisa","adm3_pcode":null,"adm3_name":null,"adm4_pcode":null,"adm4_name":null,"name_latin":null},"geometry":{"type":"Polygon","coordinates":[[[32.9901473,14.7830574],[32.9904239,14.7831737],[32.9904487,14.7831185],[32.9901721,14.7830023],[32.9901473,14.7830574]]]}},{"type":"Feature","properties":{"id":"way/1102760467","name":null,"name_en":null,"name_ar":null,"amenity":"school","building":null,"operator_type":null,"capacity_persons":null,"addr_full":null,"addr_city":null,"source":null,"adm0_pcode":"SDN","adm0_name":"Sudan","adm1_pcode":"SD15","adm1_name":"Aj Jazirah","adm2_pcode":"SD15034","adm2_name":"Al Hasahisa","adm3_pcode":null,"adm3_name":null,"adm4_pcode":null,"adm4_name":null,"name_latin":null},"geometry":{"type":"Polygon","coordinates":[[[32.9899375,14.7830523],[32.9901207,14.7831369],[32.9901452,14.7830873],[32.989962,14.7830028],[32.9899375,14.7830523]]]}},{"type":"Feature","properties":{"id":"way/1102760471","name":null,"name_en":null,"name_ar":null,"amenity":"school","building":null,"operator_type":null,"capacity_persons":null,"addr_full":null,"addr_city":null,"source":null,"adm0_pcode":"SDN","adm0_name":"Sudan","adm1_pcode":"SD15","adm1_name":"Aj Jazirah","adm2_pcode":"SD15034","adm2_name":"Al Hasahisa","adm3_pcode":null,"adm3_name":null,"adm4_pcode":null,"adm4_name":null,"name_latin":null},"geometry":{"type":"Polygon","coordinates":[[[32.9904907,14.7830304],[32.9905158,14.782966],[32.9905651,14.7829839],[32.9905401,14.7830483],[32.9904907,14.7830304]]]}},{"type":"Feature","properties":{"id":"way/1102760468","name":null,"name_en":null,"name_ar":null,"amenity":"school","building":null,"operator_type":null,"capacity_persons":null,"addr_full":null,"addr_city":null,"source":null,"adm0_pcode":"SDN","adm0_name":"Sudan","adm1_pcode":"SD15","adm1_name":"Aj Jazirah","adm2_pcode":"SD15034","adm2_name":"Al Hasahisa","adm3_pcode":null,"adm3_name":null,"adm4_pcode":null,"adm4_name":null,"name_latin":null},"geometry":{"type":"Polygon","coordinates":[[[32.9899222,14.7829563],[32.9899959,14.7829904],[32.9900226,14.7829364],[32.9899489,14.7829023],[32.9899222,14.7829563]]]}},{"type":"Feature","properties":{"id":"way/1102760470","name":null,"name_en":null,"name_ar":null,"amenity":"school","building":null,"operator_type":null,"capacity_persons":null,"addr_full":null,"addr_city":null,"source":null,"adm0_pcode":"SDN","adm0_name":"Sudan","adm1_pcode":"SD15","adm1_name":"Aj Jazirah","adm2_pcode":"SD15034","adm2_name":"Al Hasahisa","adm3_pcode":null,"adm3_name":null,"adm4_pcode":null,"adm4_name":null,"name_latin":null},"geometry":{"type":"Polygon","coordinates":[[[32.9900714,14.7826097],[32.9905098,14.7827844],[32.9904873,14.782837],[32.9904171,14.782809],[32.9904077,14.782831],[32.9903619,14.7828127],[32.9903711,14.7827912],[32.9900488,14.7826628],[32.9900714,14.7826097]]]}},{"type":"Feature","properties":{"id":"way/1105232215","name":null,"name_en":null,"name_ar":null,"amenity":"school","building":null,"operator_type":null,"capacity_persons":null,"addr_full":null,"addr_city":null,"source":null,"adm0_pcode":"SDN","adm0_name":"Sudan","adm1_pcode":"SD15","adm1_name":"Aj Jazirah","adm2_pcode":"SD15034","adm2_name":"Al Hasahisa","adm3_pcode":null,"adm3_name":null,"adm4_pcode":null,"adm4_name":null,"name_latin":null},"geometry":{"type":"Polygon","coordinates":[[[32.9911814,14.7819082],[32.9912149,14.7819229],[32.9912337,14.7818829],[32.9915913,14.7820403],[32.9916121,14.7819962],[32.991221,14.781824],[32.9911814,14.7819082]]]}},{"type":"Feature","properties":{"id":"way/1105232214","name":null,"name_en":null,"name_ar":null,"amenity":"school","building":null,"operator_type":null,"capacity_persons":null,"addr_full":null,"addr_city":null,"source":null,"adm0_pcode":"SDN","adm0_name":"Sudan","adm1_pcode":"SD15","adm1_name":"Aj Jazirah","adm2_pcode":"SD15034","adm2_name":"Al Hasahisa","adm3_pcode":null,"adm3_name":null,"adm4_pcode":null,"adm4_name":null,"name_latin":null},"geometry":{"type":"Polygon","coordinates":[[[32.991387,14.7816215],[32.991683,14.781791],[32.9917132,14.7817417],[32.9914172,14.7815722],[32.991387,14.7816215]]]}}]}